pitch_type,game_date,release_speed,release_pos_x,release_pos_z,player_name,batter,pitcher,events,description,spin_dir,spin_rate_deprecated,break_angle_deprecated,break_length_deprecated,zone,des,game_type,stand,p_throws,home_team,away_team,type,hit_location,bb_type,balls,strikes,game_year,pfx_x,pfx_z,plate_x,plate_z,on_3b,on_2b,on_1b,outs_when_up,inning,inning_topbot,hc_x,hc_y,tfs_deprecated,tfs_zulu_deprecated,umpire,sv_id,vx0,vy0,vz0,ax,ay,az,sz_top,sz_bot,hit_distance_sc,launch_speed,launch_angle,effective_speed,release_spin_rate,release_extension,game_pk,fielder_2,fielder_3,fielder_4,fielder_5,fielder_6,fielder_7,fielder_8,fielder_9,release_pos_y,estimated_ba_using_speedangle,estimated_woba_using_speedangle,woba_value,woba_denom,babip_value,iso_value,launch_speed_angle,at_bat_number,pitch_number,pitch_name,home_score,away_score,bat_score,fld_score,post_away_score,post_home_score,post_bat_score,post_fld_score,if_fielding_alignment,of_fielding_alignment,spin_axis,delta_home_win_exp,delta_run_exp,bat_speed,swing_length,miss_distance,estimated_slg_using_speedangle,delta_pitcher_run_exp,hyper_speed,home_score_diff,bat_score_diff,home_win_exp,bat_win_exp,age_pit_legacy,age_bat_legacy,age_pit,age_bat,n_thruorder_pitcher,n_priorpa_thisgame_player_at_bat,pitcher_days_since_prev_game,batter_days_since_prev_game,pitcher_days_until_next_game,batter_days_until_next_game,api_break_z_with_gravity,api_break_x_arm,api_break_x_batter_in,arm_angle,attack_angle,attack_direction,swing_path_tilt,intercept_ball_minus_batter_pos_x_inches,intercept_ball_minus_batter_pos_y_inches
FF,2026-07-12,93.8,-2.28,5.24,"Williams, Devin",807799,642207,double_play,hit_into_play,,,,,1,"Masataka Yoshida lines into a double play, second baseman Zack Short to shortstop Francisco Lindor. Andruw Monasterio out at 2nd.",R,L,R,NYM,BOS,X,4,line_drive,1,0,2026,-1.08,1.12,-0.5624279020118945,2.851005386609839,702332,655316,680776,1,9,Top,147.88,136.14,,,,,6.937455025166011,-136.56715461594172,-2.891172885302076,-15.026227046972217,28.22271887322154,-17.621579382378677,3.021661745,1.524950787,171,101.7,10,95.8,2366,7.3,823602,620443,676724,670097,683146,596019,621438,805999,701807,53.23,0.834,0.802,0,1,0,0,4,64,2,4-Seam Fastball,2,2,2,2,2,2,2,2,Infield shade,Standard,227,0.375,-0.217,74.4,7.2,,1.005,0.217,101.7,0,0,0.264,0.736,31,32,32,33,1,0,,,,,1.45,1.08,-1.08,,9.523115083484074,-3.7225324489359037,26.898823871887444,39.512144866133944,31.64558024569913
FF,2026-07-12,94.5,-2.36,5.26,"Williams, Devin",807799,642207,,ball,,,,,11,,R,L,R,NYM,BOS,B,,,0,0,2026,-1.09,1.21,-1.3345365515245464,3.3343103421962086,702332,655316,680776,1,9,Top,,,,,,,5.197416351946456,-137.5402991833091,-1.951611879479253,-14.924709785636951,29.039532511162257,-16.589699004493013,3.021661745,1.524950787,,,,96.6,2455,7.4,823602,620443,676724,670097,683146,596019,621438,805999,701807,53.15,,,,,,,,64,1,4-Seam Fastball,2,2,2,2,2,2,2,2,Standard,Standard,226,-0.018,0.033,,,,,-0.033,,0,0,0.282,0.718,31,32,32,33,1,0,,,,,1.33,1.09,-1.09,,,,,,
CH,2026-07-12,84.1,-2.42,5.14,"Williams, Devin",680776,642207,single,hit_into_play,,,,,14,Jarren Duran singles on a fly ball to right fielder Carson Benge. Tsung-Che Cheng scores. Caleb Durbin to 3rd. Andruw Monasterio to 2nd.,R,L,R,NYM,BOS,X,9,fly_ball,0,1,2026,-1.74,-0.04,0.43157335594149826,1.2733062720206805,691907,702332,655316,1,9,Top,151.71,121.74,,,,,10.192583813532325,-122.04889522100767,-2.2422460189542788,-19.43759854696039,24.4251251915807,-32.30594291074109,3.229658793,1.62992126,204,72.8,47,85.2,2641,7.2,823602,620443,676724,670097,683146,596019,621438,805999,701807,53.33,0.171,0.174,0.9,1,1,0,3,63,2,Changeup,2,1,1,2,2,2,2,2,Infield shade,Standard,275,-0.288,0.489,76.7,8.6,,0.225,-0.489,88.0,1,-1,0.57,0.43000000000000005,31,29,32,30,1,3,,,,,3.28,1.74,-1.74,,19.298118200146977,-26.774207166206555,37.45479750028367,31.734313377903092,44.01085433120003
CH,2026-07-12,84.5,-2.3,5.07,"Williams, Devin",680776,642207,,swinging_strike,,,,,13,,R,L,R,NYM,BOS,S,,,0,0,2026,-1.55,-0.11,-0.8534561441796971,1.1838002261986849,691907,702332,655316,1,9,Top,,,,,,,6.582087192582724,-122.82876150019744,-2.181133360575314,-17.027947986732315,26.796778650277233,-33.0764257441649,3.229658793,1.62992126,,,,85.4,2818,7.1,823602,620443,676724,670097,683146,596019,621438,805999,701807,53.36,,,,,,,,63,1,Changeup,2,1,1,2,1,2,1,2,Infield shade,Standard,281,0.034,-0.044,73.6,8.7,3.445142088,,0.044,,1,-1,0.536,0.46399999999999997,31,29,32,30,1,3,,,,,3.34,1.55,-1.55,,19.432783395559465,-20.545673079442015,30.310495339214093,46.68849549327605,46.70723123720069
FF,2026-07-12,95.1,-2.23,5.25,"Williams, Devin",655316,642207,walk,ball,,,,,14,Andruw Monasterio walks. Ceddanne Rafaela scores. Tsung-Che Cheng to 3rd. Caleb Durbin to 2nd.,R,R,R,NYM,BOS,B,,,3,2,2026,-1.23,1.3,1.1212155304852842,1.6754003978998253,678882,691907,702332,1,9,Top,,,,,,,11.741782356234502,-137.81151133605712,-6.4842313838529275,-18.481411593521287,33.640608368757626,-14.307378248181562,3.148039698,1.588730315,,,,96.6,2426,7.6,823602,620443,676724,670097,683146,596019,621438,805999,701807,52.93,,0.698841,0.7,1,0,0,,62,6,4-Seam Fastball,2,0,0,2,1,2,1,2,Standard,Standard,228,-0.15,0.297,,,,,-0.297,,2,-2,0.686,0.31399999999999995,31,29,32,29,1,3,,,,,1.27,1.23,1.23,,,,,,
FF,2026-07-12,95.5,-2.28,5.33,"Williams, Devin",655316,642207,,called_strike,,,,,9,,R,R,R,NYM,BOS,S,,,3,1,2026,-0.98,1.28,0.5997518431352236,1.538946502270273,678882,691907,702332,1,9,Top,,,,,,,9.903472351260225,-138.59229527293357,-7.092740886225197,-14.913245755014877,33.70754101005346,-14.233744095934693,3.148039698,1.588730315,,,,96.7,2382,7.3,823602,620443,676724,670097,683146,596019,621438,805999,701807,53.16,,,,,,,,62,5,4-Seam Fastball,2,0,0,2,0,2,0,2,Standard,Standard,231,0.044,-0.07,,,,,0.07,,2,-2,0.642,0.358,31,29,32,29,1,3,,,,,1.25,0.98,0.98,,,,,,
FF,2026-07-12,94.9,-2.22,5.34,"Williams, Devin",655316,642207,,ball,,,,,12,,R,R,R,NYM,BOS,B,,,2,1,2026,-0.98,1.31,1.2681432619303386,2.8889400749718472,678882,691907,702332,1,9,Top,,,,,,,11.469414364436632,-137.74645386435276,-3.580969640506903,-15.15975470966406,31.96942981422491,-14.878496815154335,3.148039698,1.588730315,,,,96.5,2388,7.5,823602,620443,676724,670097,683146,596019,621438,805999,701807,53.04,,,,,,,,62,4,4-Seam Fastball,2,0,0,2,0,2,0,2,Standard,Standard,231,-0.053,0.102,,,,,-0.102,,2,-2,0.695,0.30500000000000005,31,29,32,29,1,3,,,,,1.24,0.98,0.98,,,,,,
CH,2026-07-12,84.9,-2.35,5.04,"Williams, Devin",655316,642207,,blocked_ball,,,,,14,,R,R,R,NYM,BOS,B,,,1,1,2026,-1.85,-0.11,0.8842313121447043,0.7287057098736058,678882,691907,702332,1,9,Top,,,,,,,11.428343144555821,-123.05967787873297,-3.299828252879843,-21.029693311056043,24.37762172987382,-32.77978800288663,3.148039698,1.588730315,,,,86.4,2809,7.4,823602,620443,676724,670097,683146,596019,621438,805999,701807,53.06,,,,,,,,62,3,Changeup,2,0,0,2,0,2,0,2,Standard,Standard,269,-0.025,0.054,,,,,-0.054,,2,-2,0.72,0.28,31,29,32,29,1,3,,,,,3.29,1.85,1.85,,,,,,
FF,2026-07-12,96.2,-2.24,5.19,"Williams, Devin",655316,642207,,ball,,,,,14,,R,R,R,NYM,BOS,B,,,0,1,2026,-1.31,1.15,0.8449491145312322,0.7938897648528829,678882,691907,702332,1,9,Top,,,,,,,11.321007497468074,-139.52414320674313,-8.681020584922994,-19.487200553052027,26.851992264225597,-15.406974290614068,3.148039698,1.588730315,,,,98.6,2420,7.5,823602,620443,676724,670097,683146,596019,621438,805999,701807,53.02,,,,,,,,62,2,4-Seam Fastball,2,0,0,2,0,2,0,2,Standard,Standard,233,-0.014,0.027,,,,,-0.027,,2,-2,0.734,0.266,31,29,32,29,1,3,,,,,1.3,1.31,1.31,,,,,,
CH,2026-07-12,84.3,-2.33,5.18,"Williams, Devin",655316,642207,,called_strike,,,,,14,,R,R,R,NYM,BOS,S,,,0,0,2026,-1.78,-0.25,0.9603098608609595,1.6391076592087042,678882,691907,702332,1,9,Top,,,,,,,11.329560717681765,-122.15182755414384,-1.044423292526489,-20.110164591579824,24.892212080000643,-34.684101580541835,3.148039698,1.588730315,,,,85.4,2774,7.3,823602,620443,676724,670097,683146,596019,621438,805999,701807,53.22,,,,,,,,62,1,Changeup,2,0,0,2,0,2,0,2,Standard,Standard,276,0.021,-0.044,,,,,0.044,,2,-2,0.713,0.28700000000000003,31,29,32,29,1,3,,,,,3.49,1.78,1.78,,,,,,
FF,2026-07-12,94.7,-2.24,5.3,"Williams, Devin",702332,642207,walk,ball,,,,,14,"Luis Torrens challenged (pitch result), call on the field was confirmed: Caleb Durbin walks. Ceddanne Rafaela to 3rd. Tsung-Che Cheng to 2nd.",R,R,R,NYM,BOS,B,,,3,2,2026,-1.25,1.34,0.6374363885067489,1.2668202963964004,,678882,691907,1,9,Top,,,,,,,10.470376262490442,-137.35857446747852,-7.814251209427471,-18.158395616689955,29.394418345938085,-13.573141628276442,2.947063648,1.48730315,,,,96.6,2435,7.5,823602,620443,676724,670097,683146,596019,621438,805999,701807,53.03,,0.698841,0.7,1,0,0,,61,7,4-Seam Fastball,2,0,0,2,0,2,0,2,Standard,Standard,231,-0.096,0.296,,,,,-0.296,,2,-2,0.809,0.19099999999999995,31,26,32,26,1,3,,,,,1.21,1.25,1.25,,,,,,
CH,2026-07-12,84.6,-2.41,5.03,"Williams, Devin",702332,642207,,ball,,,,,14,,R,R,R,NYM,BOS,B,,,2,2,2026,-1.62,-0.17,1.0296929508704982,0.7634233049708836,,678882,691907,1,9,Top,,,,,,,11.368783754536569,-122.63971176233873,-2.993008941128556,-18.5363670543465,23.928848710461068,-33.50106581259312,2.947063648,1.48730315,,,,85.9,2876,7.3,823602,620443,676724,670097,683146,596019,621438,805999,701807,53.22,,,,,,,,61,6,Changeup,2,0,0,2,0,2,0,2,Standard,Standard,273,-0.031,0.093,,,,,-0.093,,2,-2,0.84,0.16000000000000003,31,26,32,26,1,3,,,,,3.38,1.62,1.62,,,,,,
CH,2026-07-12,84.1,-2.27,5.04,"Williams, Devin",702332,642207,,blocked_ball,,,,,14,,R,R,R,NYM,BOS,B,,,1,2,2026,-1.78,-0.17,1.0717002424317144,0.15287818110587814,,678882,691907,1,9,Top,,,,,,,11.44069538558359,-121.88619367225388,-4.305929715338701,-20.073987931433066,25.35732034451741,-33.161710470637445,2.947063648,1.48730315,,,,85.2,2889,7.4,823602,620443,676724,670097,683146,596019,621438,805999,701807,53.13,,,,,,,,61,5,Changeup,2,0,0,2,0,2,0,2,Standard,Standard,276,-0.015,0.063,,,,,-0.063,,2,-2,0.855,0.14500000000000002,31,26,32,26,1,3,,,,,3.44,1.78,1.78,,,,,,
FF,2026-07-12,94.4,-2.32,5.27,"Williams, Devin",702332,642207,,foul,,,,,5,,R,R,R,NYM,BOS,S,,,1,2,2026,-1.18,1.19,0.04286265173346382,1.9891113691906244,,678882,691907,1,9,Top,,,,,,,8.909719159321313,-137.03883157204092,-5.377902879772886,-16.912374995697565,31.574609955654314,-16.153904923360027,2.947063648,1.48730315,90,75.2,7,96,2418,7.4,823602,620443,676724,670097,683146,596019,621438,805999,701807,53.08,,,,,,,,61,4,4-Seam Fastball,2,0,0,2,0,2,0,2,Standard,Standard,233,0,0,72.4,6.9,,,0,88.0,2,-2,0.855,0.14500000000000002,31,26,32,26,1,3,,,,,1.39,1.18,1.18,,-3.9134667050337963,7.768946221770652,35.6764251827223,33.920458359083035,22.514949062584094
FF,2026-07-12,92.5,-2.3,5.29,"Williams, Devin",702332,642207,,called_strike,,,,,6,,R,R,R,NYM,BOS,S,,,1,1,2026,-1.17,1.18,0.6434503757690497,2.2756095458065886,,678882,691907,1,9,Top,,,,,,,10.22835007939231,-134.32863650099273,-4.3695717528220435,-16.411475794262866,28.560196240346094,-17.147384782882217,2.947063648,1.48730315,,,,94.6,2453,7.6,823602,620443,676724,670097,683146,596019,621438,805999,701807,52.94,,,,,,,,61,3,4-Seam Fastball,2,0,0,2,0,2,0,2,Standard,Standard,227,0.024,-0.064,,,,,0.064,,2,-2,0.831,0.16900000000000004,31,26,32,26,1,3,,,,,1.5,1.17,1.17,,,,,,
FF,2026-07-12,94.4,-2.29,5.22,"Williams, Devin",702332,642207,,foul,,,,,6,,R,R,R,NYM,BOS,S,,,1,0,2026,-1,1,0.4110274437839967,2.2231267953632194,,678882,691907,1,9,Top,,,,,,,9.413893959760097,-137.12633344671326,-4.26946457919753,-14.71560285704455,29.41044660492167,-18.713345990830607,2.947063648,1.48730315,240,83.9,47,96.4,2321,7.5,823602,620443,676724,670097,683146,596019,621438,805999,701807,53.03,,,,,,,,61,2,4-Seam Fastball,2,0,0,2,0,2,0,2,Standard,Standard,230,0.016,-0.054,73.6,7.1,,,0.054,88.0,2,-2,0.815,0.18500000000000005,31,26,32,26,1,3,,,,,1.56,1,1,,10.119839497367229,8.667565847668266,25.801610761999136,38.359811911987,26.264910052245646
FF,2026-07-12,93.3,-2.4,5.24,"Williams, Devin",702332,642207,,ball,,,,,12,,R,R,R,NYM,BOS,B,,,0,0,2026,-0.6,1.37,0.6483977330895514,3.284773559238587,,678882,691907,1,9,Top,,,,,,,9.26451764287693,-135.50798605409395,-2.1192806000325395,-9.542743942219627,32.654018932731745,-15.158242571704161,2.947063648,1.48730315,,,,94.7,2311,7.5,823602,620443,676724,670097,683146,596019,621438,805999,701807,53.03,,,,,,,,61,1,4-Seam Fastball,2,0,0,2,0,2,0,2,Standard,Standard,228,-0.011,0.039,,,,,-0.039,,2,-2,0.826,0.17400000000000004,31,26,32,26,1,3,,,,,1.28,0.6,0.6,,,,,,
FF,2026-07-12,94.1,-2.14,5.29,"Williams, Devin",663853,642207,fielders_choice,hit_into_play,,,,,5,"Romy Gonzalez reaches on a fielder's choice. Ceddanne Rafaela to 2nd. Ceddanne Rafaela advances to 2nd, on a fielding error by shortstop Francisco Lindor.",R,R,R,NYM,BOS,X,6,ground_ball,0,0,2026,-1.01,1.19,-0.04130551753805811,2.3614807523080814,,,678882,1,9,Top,117.86,147.63,,,,,7.838805970857264,-136.7941241009003,-4.485832768113853,-14.362643296282085,29.410021684949594,-16.3882021054692,3.198064305,1.613976378,95,101,4,96.3,2371,7.6,823602,620443,676724,670097,683146,596019,621438,805999,701807,52.93,0.526,0.489,0.9,1,0,0,4,60,1,4-Seam Fastball,2,0,0,2,0,2,0,2,Strategic,Standard,234,-0.084,0.426,69.9,6.4,,0.596,-0.426,101.0,2,-2,0.91,0.08999999999999997,31,29,32,30,1,3,,,,,1.38,1.01,1.01,,6.218172848846557,3.3625461001219907,31.960384246632405,36.06099180610792,30.141548402492486
CH,2026-07-12,82,-2.36,5.07,"Williams, Devin",677800,642207,field_out,hit_into_play,,,,,13,Wilyer Abreu pops out to second baseman Zack Short.,R,L,R,NYM,BOS,X,4,popup,0,0,2026,-1.54,-0.3,-0.12463656492268682,1.4378462236729281,,,678882,0,9,Top,134.78,143.57,,,,,8.116478867482886,-119.10910909698697,-0.8091242749140537,-16.207740213447085,23.12210358731607,-35.12520046042777,3.117322835,1.573228347,145,74.8,62,83,2596,7.1,823602,620443,676724,670097,683146,596019,621438,805999,701807,53.45,0.011,0.01,0,1,0,0,3,59,1,Changeup,2,0,0,2,0,2,0,2,Infield shade,Standard,279,0.066,-0.26,75.5,7.7,,0.011,0.26,88.0,2,-2,0.844,0.15600000000000003,31,27,32,27,1,3,,,,,3.71,1.54,-1.54,,14.164600377176734,-13.952687992405943,36.705812090657794,36.20649795102509,40.80098225376501
CH,2026-07-12,82.5,-2.34,5.07,"Williams, Devin",678882,642207,single,hit_into_play,,,,,14,Ceddanne Rafaela singles on a line drive to left fielder Tyrone Taylor.,R,R,R,NYM,BOS,X,7,line_drive,1,1,2026,-1.5,-0.21,0.5003377972855438,1.3544712362238926,,,,0,9,Top,77.52,98.84,,,,,9.464738995720204,-119.78598238453408,-1.3037925402938546,-16.202949643942112,21.875922791552064,-34.14008489458527,3.110301837,1.569685039,242,90.8,16,83.8,2596,7.2,823602,620443,676724,670097,683146,596019,621438,805999,701807,53.34,0.931,0.869,0.9,1,1,0,4,58,3,Changeup,2,0,0,2,0,2,0,2,Standard,Standard,278,-0.082,0.473,67.7,8.2,,1.08,-0.473,90.8,2,-2,0.926,0.07399999999999995,31,25,32,26,1,3,,,,,3.56,1.5,1.5,,6.011735764966125,-11.764007889366882,34.24716624849487,37.91962246057264,38.40523301352571
FF,2026-07-12,93.2,-2.22,5.18,"Williams, Devin",678882,642207,,called_strike,,,,,9,,R,R,R,NYM,BOS,S,,,1,0,2026,-1,1.09,0.4374059713921046,1.9395451198845983,,,,0,9,Top,,,,,,,9.149032602201965,-135.5070100354112,-4.928714188930667,-14.248375459145848,26.25324028565226,-17.81980635528363,3.110301837,1.569685039,,,,95.4,2296,7.4,823602,620443,676724,670097,683146,596019,621438,805999,701807,53.13,,,,,,,,58,2,4-Seam Fastball,2,0,0,2,0,2,0,2,Standard,Standard,232,0.01,-0.058,,,,,0.058,,2,-2,0.916,0.08399999999999996,31,25,32,26,1,3,,,,,1.52,1,1,,,,,,
FF,2026-07-12,94.3,-2.3,5.29,"Williams, Devin",678882,642207,,ball,,,,,12,,R,R,R,NYM,BOS,B,,,0,0,2026,-0.93,1.04,0.31757419023641265,4.051157587208191,,,,0,9,Top,,,,,,,9.021742582464135,-137.23605115449752,0.1885002288458113,-13.570154356854196,24.786430878695576,-19.092700682697345,3.110301837,1.569685039,,,,97.2,2272,7.5,823602,620443,676724,670097,683146,596019,621438,805999,701807,52.98,,,,,,,,58,1,4-Seam Fastball,2,0,0,2,0,2,0,2,Standard,Standard,232,-0.008,0.046,,,,,-0.046,,2,-2,0.924,0.07599999999999996,31,25,32,26,1,3,,,,,1.49,0.93,0.93,,,,,,
FF,2026-07-09,93.2,-2.34,5.33,"Williams, Devin",695506,642207,field_out,hit_into_play,,,,,12,"Jac Caglianone grounds out, second baseman Brett Baty to first baseman Jared Young.",R,L,R,NYM,KC,X,4,ground_ball,3,1,2026,-0.99,1.03,0.0412767551244595,3.8075682418364556,,679845,,2,9,Top,153.33,154.22,,,,,8.407315605485188,-135.3841800623386,-0.22859379486666487,-14.073728957484063,32.01500604835467,-19.78446838397611,3.401673228,1.716732283,23,100,-8,94.4,2430,7.3,823606,620443,676724,683146,666182,596019,665742,805999,701807,53.21,0.254,0.229,0,1,0,0,2,72,5,4-Seam Fastball,7,3,3,7,3,7,3,7,Infield shade,Standard,233,0.007,-0.331,76.1,7.2,,0.267,0.331,100.0,4,-4,0.993,0.007000000000000006,31,23,32,23,1,3,3,1,,1,1.62,0.99,-0.99,24.7,15.785633202520469,0.9759871336483485,13.005837936835578,36.794955962822456,30.379484690727708
CH,2026-07-09,82.5,-2.43,5.07,"Williams, Devin",695506,642207,,ball,,,,,14,,R,L,R,NYM,KC,B,,,2,1,2026,-1.6,-0.41,0.7787898582549175,1.0548966134763473,,679845,,2,9,Top,,,,,,,10.505511677210912,-119.61389141260392,-1.4301166002516008,-17.508545466210776,26.462507001997682,-35.98970116426207,3.401673228,1.716732283,,,,83,2768,7.1,823606,620443,676724,683146,666182,596019,665742,805999,701807,53.37,,,,,,,,72,4,Changeup,7,3,3,7,3,7,3,7,Infield shade,Standard,280,-0.002,0.042,,,,,-0.042,,4,-4,0.995,0.0050000000000000044,31,23,32,23,1,3,3,1,,1,3.82,1.6,-1.6,12.7,,,,,
FF,2026-07-09,92.7,-2.23,5.32,"Williams, Devin",695506,642207,,ball,,,,,12,,R,L,R,NYM,KC,B,,,1,1,2026,-0.94,1.17,1.1641061667253705,2.8620127088579004,,679845,,2,9,Top,,,,,,,10.927543777436643,-134.6352505493232,-2.987015068064686,-13.75370715925787,27.815707814507398,-17.42478170909737,3.401673228,1.716732283,,,,95.1,2414,7.7,823606,620443,676724,683146,666182,596019,665742,805999,701807,52.84,,,,,,,,72,3,4-Seam Fastball,7,3,3,7,3,7,3,7,Infield shade,Standard,231,-0.001,0.036,,,,,-0.036,,4,-4,0.996,0.0040000000000000036,31,23,32,23,1,3,3,1,,1,1.48,0.94,-0.94,23.4,,,,,
FF,2026-07-09,93.7,-2.3,5.32,"Williams, Devin",695506,642207,,foul,,,,,4,,R,L,R,NYM,KC,S,,,1,0,2026,-1.06,1.03,-0.41455581747733694,2.536629650812465,,679845,,2,9,Top,,,,,,,7.35739718765214,-136.30373413400767,-3.7067848020889005,-14.741580844449997,26.949352484759874,-18.6936786668631,3.401673228,1.716732283,232,75.5,29,96.2,2426,7.5,823606,620443,676724,683146,666182,596019,665742,805999,701807,53.01,,,,,,,,72,2,4-Seam Fastball,7,3,3,7,3,7,3,7,Infield shade,Standard,230,0.001,-0.05,80.9,7.4,,,0.05,88.0,4,-4,0.995,0.0050000000000000044,31,23,32,23,1,3,3,1,,1,1.55,1.06,-1.06,23.4,-0.42777070765280534,12.012201899196178,32.878989663250174,42.188795171273554,23.279863092556397
CH,2026-07-09,81.9,-2.42,5.1,"Williams, Devin",695506,642207,,ball,,,,,13,,R,L,R,NYM,KC,B,,,0,0,2026,-1.7,-0.19,-1.4583478456175352,1.361900765341419,,,679845,2,9,Top,,,,,,,5.556380226366495,-119.10264459264509,-1.2746193323364894,-17.240865198709166,22.900520443266167,-33.95565737991678,3.401673228,1.716732283,,,,82.8,2738,6.9,823606,620443,676724,683146,666182,596019,665742,805999,701807,53.59,,,,,,,,72,1,Changeup,7,3,3,7,3,7,3,7,Infield shade,Standard,283,-0.001,0.039,,,,,-0.039,,4,-4,0.996,0.0040000000000000036,31,23,32,23,1,3,3,1,,1,3.59,1.7,-1.7,11.8,,,,,
FF,2026-07-09,94.1,-2.28,5.31,"Williams, Devin",679845,642207,single,hit_into_play,,,,,4,Nick Loftin singles on a ground ball to left fielder Juan Soto.,R,R,R,NYM,KC,X,7,ground_ball,2,2,2026,-1.27,1.31,-0.3367983601920035,2.271189673148527,,,,2,9,Top,82.39,125.84,,,,,8.033648570295684,-136.81975767601187,-5.040577761788852,-17.732378117443506,30.652019253210014,-14.750944981820613,3.18226706,1.606003937,49,96.9,0,96.3,2392,7.6,823606,620443,676724,683146,666182,596019,665742,805999,701807,52.87,0.4,0.374,0.9,1,1,0,2,71,5,4-Seam Fastball,7,3,3,7,3,7,3,7,Standard,Standard,229,-0.003,0.379,72.0,7.1,,0.47,-0.379,96.9,4,-4,0.999,0.0010000000000000009,31,27,32,28,1,3,3,1,,1,1.27,1.27,1.27,24.2,12.168914854872256,-7.927458999212643,34.23373667073196,33.967837195745155,35.516122955174424
CH,2026-07-09,82.1,-2.53,5,"Williams, Devin",679845,642207,,ball,,,,,14,,R,R,R,NYM,KC,B,,,1,2,2026,-1.7,-0.4,0.3416577919637551,0.6124939468988835,,,,2,9,Top,,,,,,,9.931016232805328,-119.0919006621324,-2.270250546440372,-18.159321487776698,25.04653643062162,-35.65630867072556,3.18226706,1.606003937,,,,83.1,2743,7.3,823606,620443,676724,683146,666182,596019,665742,805999,701807,53.17,,,,,,,,71,4,Changeup,7,3,3,7,3,7,3,7,Standard,Standard,286,0,0.042,,,,,-0.042,,4,-4,0.999,0.0010000000000000009,31,27,32,28,1,3,3,1,,1,3.83,1.7,1.7,10.9,,,,,
CH,2026-07-09,83.2,-2.45,5.14,"Williams, Devin",679845,642207,,foul,,,,,5,,R,R,R,NYM,KC,S,,,1,1,2026,-1.67,-0.35,0.0024565760085328847,2.135981211251253,,,,2,9,Top,,,,,,,9.029089232440768,-120.69739952373685,0.5730346517696563,-18.09821849882135,25.292876668096543,-35.90326430634473,3.18226706,1.606003937,143,84.2,10,84.2,2722,7.3,823606,620443,676724,683146,666182,596019,665742,805999,701807,53.21,,,,,,,,71,3,Changeup,7,3,3,7,3,7,3,7,Standard,Standard,282,0,-0.069,66.2,8.0,,,0.069,88.0,4,-4,0.999,0.0010000000000000009,31,27,32,28,1,3,3,1,,1,3.68,1.67,1.67,11.8,16.500725940461024,-30.866013239734237,24.28268208862146,37.380724882420296,47.934444128875896
FF,2026-07-09,92.5,-2.29,5.23,"Williams, Devin",679845,642207,,foul,,,,,3,,R,R,R,NYM,KC,S,,,1,0,2026,-0.98,1.2,0.44391113868038756,2.8500700045704415,,,,2,9,Top,,,,,,,9.262758831446886,-134.38790845033,-2.793366402062985,-13.801026052495915,28.01840921546021,-17.178007566524304,3.18226706,1.606003937,125,81.4,71,94.8,2382,7.6,823606,620443,676724,683146,666182,596019,665742,805999,701807,52.86,,,,,,,,71,2,4-Seam Fastball,7,3,3,7,3,7,3,7,Standard,Standard,235,0,-0.053,70.6,7.1,,,0.053,88.0,4,-4,0.999,0.0010000000000000009,31,27,32,28,1,3,3,1,,1,1.46,0.98,0.98,19.5,11.428803122393674,-4.526829164494743,26.737804426815035,42.44531459073553,31.50758491022842
CH,2026-07-09,81.1,-2.5,5.15,"Williams, Devin",679845,642207,,ball,,,,,11,,R,R,R,NYM,KC,B,,,0,0,2026,-1.56,-0.18,-1.3030064777071995,2.427996885160298,,,,2,9,Top,,,,,,,5.76471014713918,-117.93842338706618,1.123870062635149,-15.695500160278584,22.25242348420926,-34.27476092420318,3.18226706,1.606003937,,,,82.2,2735,7.1,823606,620443,676724,683146,666182,596019,665742,805999,701807,53.43,,,,,,,,71,1,Changeup,7,3,3,7,3,7,3,7,Strategic,Standard,284,0,0.041,,,,,-0.041,,4,-4,0.999,0.0010000000000000009,31,27,32,28,1,3,3,1,,1,3.65,1.56,1.56,12.5,,,,,
CH,2026-07-09,82.1,-2.48,5.1,"Williams, Devin",668942,642207,strikeout,called_strike,,,,,7,Josh Rojas called out on strikes.,R,L,R,NYM,KC,S,2,,1,2,2026,-1.54,-0.12,-0.7394183299866104,1.5316556306741997,,,,1,9,Top,,,,,,,7.012245532541849,-119.29167863518177,-1.043500068822573,-16.066618413231883,23.479143216350653,-33.3180045387096,3.233169291,1.631692913,,,,83.1,2627,7.1,823606,620443,676724,683146,666182,596019,665742,805999,701807,53.41,,0,0,1,0,0,,70,5,Changeup,7,3,3,7,3,7,3,7,Infield shade,Standard,282,0.004,-0.181,,,,,0.181,,4,-4,0.995,0.0050000000000000044,31,32,32,32,1,0,3,1,,1,3.52,1.54,-1.54,11.1,,,,,
CH,2026-07-09,81.6,-2.48,5.11,"Williams, Devin",668942,642207,,ball,,,,,13,,R,L,R,NYM,KC,B,,,0,2,2026,-1.7,-0.34,-1.1761765083988798,0.8583454146544298,,,,1,9,Top,,,,,,,6.327599147405999,-118.57822430785158,-1.999130246274261,-17.264318682145756,24.837873392537812,-35.19168757310061,3.233169291,1.631692913,,,,82.4,2743,7.1,823606,620443,676724,683146,666182,596019,665742,805999,701807,53.38,,,,,,,,70,4,Changeup,7,3,3,7,3,7,3,7,Infield shade,Standard,285,-0.001,0.016,,,,,-0.016,,4,-4,0.996,0.0040000000000000036,31,32,32,32,1,0,3,1,,1,3.8,1.7,-1.7,11.7,,,,,
FF,2026-07-09,95.1,-2.48,5.11,"Williams, Devin",668942,642207,,foul,,,,,1,,R,L,R,NYM,KC,S,,,0,2,2026,-1.02,1.01,-0.4904318374821879,2.787014725070488,,,,1,9,Top,,,,,,,7.650895042376358,-138.2489424647137,-2.5610868158672675,-14.86908772714015,33.15953052407838,-18.902001903147784,3.233169291,1.631692913,258,80.4,30,96.8,2435,7.5,823606,620443,676724,683146,666182,596019,665742,805999,701807,53.01,,,,,,,,70,3,4-Seam Fastball,7,3,3,7,3,7,3,7,Infield shade,Standard,237,0,0,61.3,5.8,,,0,88.0,4,-4,0.996,0.0040000000000000036,31,32,32,32,1,0,3,1,,1,1.53,1.02,-1.02,16.6,-18.797983776804116,31.024809666758195,32.19865721043242,44.31456035883028,5.24909961941519
FF,2026-07-09,94.6,-2.36,5.22,"Williams, Devin",668942,642207,,called_strike,,,,,6,,R,L,R,NYM,KC,S,,,0,1,2026,-1.16,0.96,0.6070915310435396,2.223524235264629,,,,1,9,Top,,,,,,,10.466504383105235,-137.23151696959548,-4.11911891707577,-17.095430748738966,32.04054863688023,-19.25924460759544,3.233169291,1.631692913,,,,96.1,2440,7.4,823606,620443,676724,683146,666182,596019,665742,805999,701807,53.06,,,,,,,,70,2,4-Seam Fastball,7,3,3,7,3,7,3,7,Infield shade,Standard,233,0.001,-0.056,,,,,0.056,,4,-4,0.995,0.0050000000000000044,31,32,32,32,1,0,3,1,,1,1.61,1.16,-1.16,19.4,,,,,
CH,2026-07-09,81.1,-2.46,5.14,"Williams, Devin",668942,642207,,swinging_strike,,,,,14,,R,L,R,NYM,KC,S,,,0,0,2026,-1.58,-0.34,0.2606070266587508,1.046217593657933,,,,1,9,Top,,,,,,,9.169224856880126,-117.68693893317798,-1.5399375820812313,-16.459164376539487,23.868303156388315,-35.240186531971744,3.233169291,1.631692913,,,,81.7,2851,7,823606,620443,676724,683146,666182,596019,665742,805999,701807,53.53,,,,,,,,70,1,Changeup,7,3,3,7,3,7,3,7,Infield shade,Standard,278,0.001,-0.043,70.6,8.7,2.511775764,,0.043,,4,-4,0.994,0.006000000000000005,31,32,32,32,1,0,3,1,,1,3.85,1.58,-1.58,11.9,25.28114559522526,-33.03149788980728,36.974516634898755,34.77576956186074,46.850112978829536
FF,2026-07-09,92.5,-2.51,5.15,"Williams, Devin",521692,642207,field_out,hit_into_play,,,,,9,"Salvador Perez grounds out, first baseman Jared Young to pitcher Devin Williams.",R,R,R,NYM,KC,X,3,ground_ball,0,1,2026,-1.17,1.17,0.3280449585669736,1.8762811878569097,,,,0,9,Top,153.84,168.91,,,,,9.967693342309754,-134.3396889572363,-5.037517266893523,-16.316093586452446,28.272754468477572,-17.014258743178566,3.312155512,1.671555118,9,98.2,-11,94.6,2425,7.6,823606,620443,676724,683146,666182,596019,665742,805999,701807,52.93,0.181,0.167,0,1,0,0,2,69,2,4-Seam Fastball,7,3,3,7,3,7,3,7,Strategic,Standard,234,0.008,-0.221,69.6,6.7,,0.193,0.221,98.2,4,-4,0.986,0.014000000000000012,31,36,32,36,1,3,3,1,,1,1.49,1.17,1.17,19.4,-20.32433005339268,18.46217939965466,39.05369079786955,41.265994328613395,14.705109352829785
FF,2026-07-09,92.6,-2.41,5.23,"Williams, Devin",521692,642207,,called_strike,,,,,9,,R,R,R,NYM,KC,S,,,0,0,2026,-1.13,1.26,0.6762776659501917,1.9338284726437254,,,,0,9,Top,,,,,,,10.511774244283258,-134.46654669031398,-5.3005574286415005,-15.980493011062585,28.53743153600773,-15.822779909046456,3.312155512,1.671555118,,,,94.5,2376,7.5,823606,620443,676724,683146,666182,596019,665742,805999,701807,53.05,,,,,,,,69,1,4-Seam Fastball,7,3,3,7,3,7,3,7,Standard,Standard,234,0.001,-0.043,,,,,0.043,,4,-4,0.985,0.015000000000000013,31,36,32,36,1,3,3,1,,1,1.4,1.13,1.13,19.3,,,,,
CH,2026-07-06,83.9,-2.39,5.04,"Williams, Devin",663586,642207,field_out,hit_into_play,,,,,14,"Austin Riley grounds out softly, catcher Luis Torrens to first baseman Jared Young. Jorge Mateo to 3rd. Joey Bart to 2nd.",R,R,R,ATL,NYM,X,2,ground_ball,1,1,2026,-1.49,-0.41,0.8911660663734433,1.4920063771399548,,622761,663698,1,9,Bot,126.81,199.19,,,,,10.72167055536834,-121.65498663594943,-0.6975225055538492,-16.95231904194479,24.25875093661481,-36.2886944308227,3.273540026,1.652066929,1,59.3,-72,85.5,2700,7.6,824900,620443,676724,683146,666182,677595,665742,805999,701807,52.94,0.216,0.194,0,1,0,0,1,82,3,Changeup,5,5,5,5,5,5,5,5,Standard,Standard,286,-0.071,-0.3,67.4,7.9,,0.217,0.3,88.0,0,0,0.705,0.705,31,29,32,29,1,4,1,1,3,1,3.67,1.49,1.49,14.0,11.962081023835406,13.570444950511746,29.018596273187953,49.11391923062304,25.95092420253843
FF,2026-07-06,95.2,-2.37,5.3,"Williams, Devin",663586,642207,,foul,,,,,13,,R,R,R,ATL,NYM,S,,,1,0,2026,-1.37,0.97,-0.9886961907624123,1.7637647053398497,,622761,663698,1,9,Bot,,,,,,,6.867405965903766,-138.36006805488609,-5.712265284455665,-19.140786494959006,30.85593077327667,-18.67287724652012,3.273540026,1.652066929,2,76.3,-44,97.2,2212,7.5,824900,620443,676724,683146,666182,677595,665742,805999,701807,53,,,,,,,,82,2,4-Seam Fastball,5,5,5,5,5,5,5,5,Standard,Standard,234,-0.018,-0.054,69.3,7.0,,,0.054,88.0,0,0,0.723,0.723,31,29,32,29,1,4,1,1,3,1,1.56,1.37,1.37,22.6,2.392219228062863,7.39656471204508,45.652362009659285,26.827899527277008,22.98996066495156
CH,2026-07-06,83.6,-2.41,5.01,"Williams, Devin",663586,642207,,ball,,,,,14,,R,R,R,ATL,NYM,B,,,0,0,2026,-1.52,-0.31,1.1615040609538025,1.4333220242931008,,622761,663698,1,9,Bot,,,,,,,11.409224292065021,-121.25877125621842,-0.9210061258058303,-17.26537086472093,23.709079563559847,-35.26279699493476,3.273540026,1.652066929,,,,85.2,2599,7.5,824900,620443,676724,683146,666182,677595,665742,805999,701807,53,,,,,,,,82,1,Changeup,5,5,5,5,5,5,5,5,Standard,Standard,282,0.013,0.039,,,,,-0.039,,0,0,0.71,0.71,31,29,32,29,1,4,1,1,3,1,3.59,1.52,1.52,10.7,,,,,
CH,2026-07-06,84.8,-2.41,5.02,"Williams, Devin",663698,642207,walk,ball,,,,,14,Joey Bart walks.,R,R,R,ATL,NYM,B,,,3,2,2026,-1.47,-0.3,0.5066294161749594,1.038500961452471,,622761,,1,9,Bot,,,,,,,9.938451767333602,-123.10986172888435,-2.11787681899572,-16.885014257834033,24.75657966642574,-35.02657362843292,3.299868766,1.665354331,,,,86.5,2625,7.6,824900,620443,676724,683146,666182,677595,665742,805999,701807,52.95,,0.698841,0.7,1,0,0,,81,6,Changeup,5,5,5,5,5,5,5,5,Standard,Standard,285,0.006,0.224,,,,,-0.224,,0,0,0.704,0.704,31,29,32,30,1,2,1,2,3,1,3.49,1.47,1.47,11.0,,,,,
CH,2026-07-06,84.6,-2.5,5.1,"Williams, Devin",663698,642207,,ball,,,,,13,,R,R,R,ATL,NYM,B,,,2,2,2026,-1.59,-0.26,-1.2897571932712553,1.9928324915891253,,622761,,1,9,Bot,,,,,,,6.1412647529976985,-123.10706574867349,-0.14208986619401975,-17.38106329333411,24.482301325397586,-35.00623537271717,3.299868766,1.665354331,,,,86.4,2688,7.5,824900,620443,676724,683146,666182,677595,665742,805999,701807,53.05,,,,,,,,81,5,Changeup,5,5,5,5,5,5,5,5,Standard,Standard,281,0.015,0.074,,,,,-0.074,,0,0,0.689,0.689,31,29,32,30,1,2,1,2,3,1,3.44,1.59,1.59,14.7,,,,,
FF,2026-07-06,94.5,-2.35,5.29,"Williams, Devin",663698,642207,,ball,,,,,12,,R,R,R,ATL,NYM,B,,,1,2,2026,-0.88,1.33,0.8876532106229967,4.189941306840227,,622761,,1,9,Bot,,,,,,,10.531210872459946,-137.3054889261417,-0.012871108060925507,-13.418383559093762,30.223861919251842,-15.614472208011325,3.299868766,1.665354331,,,,96.5,2208,7.5,824900,620443,676724,683146,666182,677595,665742,805999,701807,53,,,,,,,,81,4,4-Seam Fastball,5,5,5,5,5,5,5,5,Standard,Standard,225,0.014,0.037,,,,,-0.037,,0,0,0.675,0.675,31,29,32,30,1,2,1,2,3,1,1.23,0.88,0.88,24.8,,,,,
FF,2026-07-06,95.7,-2.32,5.32,"Williams, Devin",663698,642207,,swinging_strike,,,,,11,,R,R,R,ATL,NYM,S,,,1,1,2026,-1.19,1.1,-0.08229454407667913,3.592743702397398,,622761,,1,9,Bot,,,,,,,8.737228494807944,-139.09526382282007,-1.3337985407540152,-17.37724668979857,30.031846533683915,-17.817397944792656,3.299868766,1.665354331,,,,97.7,2203,7.4,824900,620443,676724,683146,666182,677595,665742,805999,701807,53.12,,,,,,,,81,3,4-Seam Fastball,5,5,5,5,5,5,5,5,Standard,Standard,233,-0.023,-0.078,63.0,4.7,1.2732732,,0.078,,0,0,0.698,0.698,31,29,32,30,1,2,1,2,3,1,1.39,1.19,1.19,21.6,-20.290932197130587,51.61208747689955,33.43358703814116,32.943349258866576,12.5004662476953
CH,2026-07-06,84.8,-2.4,4.91,"Williams, Devin",663698,642207,,blocked_ball,,,,,14,,R,R,R,ATL,NYM,B,,,0,1,2026,-1.66,-0.33,1.4106892442590397,0.38958350517322327,,622761,,1,9,Bot,,,,,,,12.408963668407038,-122.92823391842289,-3.3144381818267927,-19.248949362055143,23.822908215201117,-35.091051954669325,3.299868766,1.665354331,,,,86.5,2722,7.5,824900,620443,676724,683146,666182,677595,665742,805999,701807,52.96,,,,,,,,81,2,Changeup,5,5,5,5,5,5,5,5,Standard,Standard,288,0.009,0.04,,,,,-0.04,,0,0,0.689,0.689,31,29,32,30,1,2,1,2,3,1,3.52,1.66,1.66,9.4,,,,,
CH,2026-07-06,84.8,-2.42,5.11,"Williams, Devin",663698,642207,,swinging_strike,,,,,14,,R,R,R,ATL,NYM,S,,,0,0,2026,-1.55,-0.18,0.15896513173634075,1.4985258399191164,,622761,,1,9,Bot,,,,,,,9.3014907812418,-123.22604984311464,-1.5317852854429679,-17.58789481234354,23.751393384266652,-33.951876493504564,3.299868766,1.665354331,,,,86.7,2524,7.5,824900,620443,676724,683146,666182,677595,665742,805999,701807,53.02,,,,,,,,81,1,Changeup,5,5,5,5,5,5,5,5,Standard,Standard,281,-0.014,-0.049,76.8,7.7,0.366468768,,0.049,,0,0,0.703,0.703,31,29,32,30,1,2,1,2,3,1,3.35,1.55,1.55,11.4,13.0171488399954,-4.569959304280456,37.11870305565047,37.01051176395465,37.903943611047254
CH,2026-07-06,83.4,-2.38,5.02,"Williams, Devin",643289,642207,field_out,hit_into_play,,,,,14,"Mauricio Dubón grounds out, third baseman Bo Bichette to first baseman Jared Young. Jorge Mateo to 2nd.",R,R,R,ATL,NYM,X,5,ground_ball,1,2,2026,-1.68,-0.21,0.584688016487876,1.3313245302429348,,,622761,0,9,Bot,101.04,170.4,,,,,10.285803696943644,-120.99403880768443,-1.3754858979263342,-18.482756635617335,22.907325342924935,-34.231580527790385,3.17085794,1.600246063,5,61.8,-16,85,2598,7.4,824900,620443,676724,683146,666182,677595,665742,805999,701807,53.05,0.048,0.043,0,1,0,0,2,80,4,Changeup,5,5,5,5,5,5,5,5,Standard,Standard,287,0.015,-0.283,60.8,8.1,,0.061,0.283,88.0,0,0,0.688,0.688,31,31,32,32,1,4,1,1,3,1,3.5,1.68,1.68,12.7,8.535309044671251,-13.918372892699514,35.93022817738671,41.85852637682302,32.667693020682044
CH,2026-07-06,84.1,-2.55,5.05,"Williams, Devin",643289,642207,,ball,,,,,13,,R,R,R,ATL,NYM,B,,,0,2,2026,-1.62,-0.08,-1.3925124183247057,1.6830126869894317,,,622761,0,9,Bot,,,,,,,6.05537107349604,-122.35377333715822,-1.056752927982254,-17.51266918288797,24.11419936974318,-32.95418535567876,3.17085794,1.600246063,,,,85.9,2705,7.5,824900,620443,676724,683146,666182,677595,665742,805999,701807,53.02,,,,,,,,80,3,Changeup,5,5,5,5,5,5,5,5,Standard,Standard,286,0.008,0.015,,,,,-0.015,,0,0,0.68,0.68,31,31,32,32,1,4,1,1,3,1,3.3,1.62,1.62,12.8,,,,,
FF,2026-07-06,94.1,-2.31,5.44,"Williams, Devin",643289,642207,,foul,,,,,2,,R,R,R,ATL,NYM,S,,,0,1,2026,-0.84,1.3,-0.1051353496777725,3.2911476975750826,,,622761,0,9,Bot,,,,,,,7.722459007072947,-136.80213471757165,-2.6621173906344273,-12.224776529485501,30.388296366635366,-15.507790068289847,3.17085794,1.600246063,208,71.4,46,96.3,2194,7.6,824900,620443,676724,683146,666182,677595,665742,805999,701807,52.86,,,,,,,,80,2,4-Seam Fastball,5,5,5,5,5,5,5,5,Standard,Standard,224,-0.019,-0.049,67.5,7.0,,,0.049,88.0,0,0,0.699,0.699,31,31,32,32,1,4,1,1,3,1,1.28,0.84,0.84,24.7,-4.520788936723401,7.016764557664297,24.94626615549504,32.804231246737224,20.085641506132514
FF,2026-07-06,93.8,-2.46,5.32,"Williams, Devin",643289,642207,,swinging_strike,,,,,11,,R,R,R,ATL,NYM,S,,,0,0,2026,-0.9,1.25,-0.8539827057985796,2.8566124905868353,,,622761,0,9,Bot,,,,,,,6.277499887732931,-136.5540418177727,-3.333954269456283,-12.638230287718253,29.675848067179498,-16.042845868359255,3.17085794,1.600246063,,,,95.9,2203,7.4,824900,620443,676724,683146,666182,677595,665742,805999,701807,53.06,,,,,,,,80,1,4-Seam Fastball,5,5,5,5,5,5,5,5,Standard,Standard,230,-0.011,-0.043,70.9,6.6,1.038702708,,0.043,,0,0,0.71,0.71,31,31,32,32,1,4,1,1,3,1,1.34,0.9,0.9,24.8,-9.26441056036312,16.0311809221031,32.92749819267604,25.69699862225995,25.62321971025803
FF,2026-07-06,96.8,-2.39,5.45,"Williams, Devin",686948,642207,single,hit_into_play,,,,,11,Drake Baldwin singles on a sharp line drive to left fielder Juan Soto.,R,L,R,ATL,NYM,X,7,line_drive,2,2,2026,-1.13,1.29,-0.7196159349804399,3.405738770591139,,,,0,9,Bot,66.3,128.56,,,,,7.162587818711325,-140.8574156722747,-2.8015822937407107,-16.59227142047638,30.67761489383861,-14.557795865582223,3.205962927,1.617962598,184,100.1,9,99.1,2314,7.5,824900,620443,676724,683146,666182,677595,665742,805999,701807,53.04,0.714,0.676,0.9,1,1,0,4,79,6,4-Seam Fastball,5,5,5,5,5,5,5,5,Strategic,Standard,230,0.08,0.487,68.0,6.2,,0.822,-0.487,100.1,0,0,0.63,0.63,31,25,32,25,1,4,1,1,3,1,1.14,1.13,-1.13,24.7,7.764189161282527,32.33650590166441,21.246991408783003,43.90269378532889,12.28527381015709
FF,2026-07-06,95.5,-2.36,5.27,"Williams, Devin",686948,642207,,foul,,,,,11,,R,L,R,ATL,NYM,S,,,2,2,2026,-1.07,1.3,-0.16708910059627868,3.7640965518258076,,,,0,9,Bot,,,,,,,8.323362701898441,-138.99949652575398,-1.2165456786138147,-15.647177859841904,28.924876317039686,-15.20915022995035,3.205962927,1.617962598,251,75.2,49,97.9,2212,7.5,824900,620443,676724,683146,666182,677595,665742,805999,701807,53.01,,,,,,,,79,5,4-Seam Fastball,5,5,5,5,5,5,5,5,Strategic,Standard,229,0,0,68.9,6.6,,,0,88.0,0,0,0.63,0.63,31,25,32,25,1,4,1,1,3,1,1.19,1.07,-1.07,23.8,10.594957705832758,9.74802366595972,20.91769742740549,37.63417224844727,23.294756728325815
CH,2026-07-06,84.1,-2.47,5.16,"Williams, Devin",686948,642207,,foul,,,,,13,,R,L,R,ATL,NYM,S,,,2,1,2026,-1.51,-0.33,-0.07902067555663295,1.0882076270535737,,,,0,9,Bot,,,,,,,8.671620832456945,-122.13582562376224,-2.11200907808823,-16.862731088160473,24.870234848398344,-35.26890686284633,3.205962927,1.617962598,1,,-48,85.3,2524,7.3,824900,620443,676724,683146,666182,677595,665742,805999,701807,53.24,,,,,,,,79,4,Changeup,5,5,5,5,5,5,5,5,Strategic,Standard,282,-0.016,-0.078,72.7,8.7,,,0.078,,0,0,0.646,0.646,31,25,32,25,1,4,1,1,3,1,3.58,1.51,-1.51,12.7,27.96294375226621,-19.03838470813541,37.61517773669495,37.50456774999128,45.38871386081033
FF,2026-07-06,94.3,-2.46,5.24,"Williams, Devin",686948,642207,,ball,,,,,1,,R,L,R,ATL,NYM,B,,,1,1,2026,-1.02,1.33,-0.6222095106629504,3.136222026556146,,,,0,9,Bot,,,,,,,7.194446753722911,-137.09656778587964,-2.6461315849938423,-14.520661192550431,30.858615515598604,-14.996435838063395,3.205962927,1.617962598,,,,96.2,2327,7.5,824900,620443,676724,683146,666182,677595,665742,805999,701807,53.05,,,,,,,,79,3,4-Seam Fastball,5,5,5,5,5,5,5,5,Strategic,Standard,229,0.01,0.064,,,,,-0.064,,0,0,0.636,0.636,31,25,32,25,1,4,1,1,3,1,1.24,1.02,-1.02,23.0,,,,,
FF,2026-07-06,94.1,-2.37,5.29,"Williams, Devin",686948,642207,,ball,,,,,12,,R,L,R,ATL,NYM,B,,,0,1,2026,-1.02,1.36,0.11934653505676907,3.9489218567555753,,,,0,9,Bot,,,,,,,8.843791441893023,-136.81519197116225,-0.6831322718695292,-14.776902599758792,30.33218383604272,-15.20092187479565,3.205962927,1.617962598,,,,95.9,2349,7.4,824900,620443,676724,683146,666182,677595,665742,805999,701807,53.14,,,,,,,,79,2,4-Seam Fastball,5,5,5,5,5,5,5,5,Strategic,Standard,234,0.006,0.031,,,,,-0.031,,0,0,0.63,0.63,31,25,32,25,1,4,1,1,3,1,1.22,1.02,-1.02,21.8,,,,,
CH,2026-07-06,81.8,-2.47,5.11,"Williams, Devin",686948,642207,,foul,,,,,8,,R,L,R,ATL,NYM,S,,,0,0,2026,-1.61,-0.32,-0.1428326052595712,1.5231193799353107,,,,0,9,Bot,,,,,,,8.496386902877004,-118.90813703641759,-0.6542945655420142,-16.89018076326485,22.439132489989237,-35.34790017305668,3.205962927,1.617962598,,,,83.3,2730,7.3,824900,620443,676724,683146,666182,677595,665742,805999,701807,53.2,,,,,,,,79,1,Changeup,5,5,5,5,5,5,5,5,Strategic,Standard,288,-0.009,-0.043,80.0,8.2,,,0.043,,0,0,0.639,0.639,31,25,32,25,1,4,1,1,3,1,3.73,1.61,-1.61,12.8,25.499593274930184,-15.798563768670382,34.69195622920268,38.09341389842433,46.98422744922583
FF,2026-07-06,94.7,-2.38,5.25,"Williams, Devin",621566,642207,home_run,hit_into_play,,,,,1,Matt Olson homers (24) on a line drive to left field. Ozzie Albies scores.,R,L,R,ATL,NYM,X,,line_drive,3,1,2026,-1.3,1.05,-0.4479552833191367,3.247580336636177,645277,,,0,9,Bot,32.66,79.03,,,,,8.116478523054786,-137.77183483810248,-1.8207253373662668,-18.356582882553237,29.363326424280903,-18.517791514349124,3.37183399,1.701673228,379,100.4,25,96.8,2417,7.4,824900,620443,676724,683146,666182,677595,665742,805999,701807,53.07,0.474,0.733,2,1,0,3,6,78,5,4-Seam Fastball,3,5,3,5,5,5,5,5,Strategic,Standard,237,0.368,0.71,73.5,6.6,,1.316,-0.71,100.4,-2,-2,0.271,0.271,31,32,32,32,1,4,1,1,3,1,1.48,1.3,-1.3,20.6,0.7191758394555504,16.16196170307866,26.99284066096602,40.980028952748334,24.458648252236333
FF,2026-07-06,96.5,-2.28,5.16,"Williams, Devin",621566,642207,,ball,,,,,12,,R,L,R,ATL,NYM,B,,,2,1,2026,-1.22,1.26,1.5367534487128924,2.71221940328455,645277,,,0,9,Bot,,,,,,,13.163033392082694,-139.93709460844198,-3.7276870729202676,-18.985325168841616,30.329236704716255,-14.913004059596862,3.37183399,1.701673228,,,,98.8,2497,7.7,824900,620443,676724,683146,666182,677595,665742,805999,701807,52.83,,,,,,,,78,4,4-Seam Fastball,3,5,3,5,5,3,3,5,Infield shade,Standard,237,0.044,0.12,,,,,-0.12,,-2,-2,0.227,0.227,31,32,32,32,1,4,1,1,3,1,1.2,1.22,-1.22,20.4,,,,,
FF,2026-07-06,94.7,-2.41,5.26,"Williams, Devin",621566,642207,,called_strike,,,,,4,,R,L,R,ATL,NYM,S,,,2,0,2026,-1.24,1.04,-0.7185999788150292,2.6587845529361234,,645277,,0,9,Bot,,,,,,,7.320569903181318,-137.694469922815,-3.3823910688504797,-17.328737426312795,29.59529305593087,-18.310708035593066,3.37183399,1.701673228,,,,96.7,2425,7.4,824900,620443,676724,683146,666182,677595,665742,805999,701807,53.08,,,,,,,,78,3,4-Seam Fastball,3,5,3,5,5,3,3,5,Strategic,Standard,234,-0.025,-0.064,,,,,0.064,,-2,-2,0.248,0.248,31,32,32,32,1,4,1,1,3,1,1.49,1.24,-1.24,18.7,,,,,
FF,2026-07-06,94.5,-2.35,5.21,"Williams, Devin",621566,642207,,ball,,,,,14,,R,L,R,ATL,NYM,B,,,1,0,2026,-1.33,1.05,1.6593799361460368,2.198450422870446,,645277,,0,9,Bot,,,,,,,13.574011755080903,-137.026103784544,-4.4173431401479375,-19.653640404979306,28.672345417161228,-18.097654560915664,3.37183399,1.701673228,,,,96.5,2454,7.5,824900,620443,676724,683146,666182,677595,665742,805999,701807,53.02,,,,,,,,78,2,4-Seam Fastball,3,5,3,5,5,3,3,5,Standard,Standard,238,0.025,0.04,,,,,-0.04,,-2,-2,0.223,0.223,31,32,32,32,1,4,1,1,3,1,1.51,1.33,-1.33,17.6,,,,,
CH,2026-07-06,81.9,-2.45,5.23,"Williams, Devin",621566,642207,,ball,,,,,13,,R,L,R,ATL,NYM,B,,,0,0,2026,-1.44,-0.46,-1.6511903677040105,1.5785287117984526,,645277,,0,9,Bot,,,,,,,4.689882755494869,-119.16201871168182,-0.5207251228675506,-14.60885313958479,23.60564671309948,-36.63756812987475,3.37183399,1.701673228,,,,83,2742,7.1,824900,620443,676724,683146,666182,677595,665742,805999,701807,53.4,,,,,,,,78,1,Changeup,3,5,3,5,5,3,3,5,Standard,Strategic,289,0.012,0.022,,,,,-0.022,,-2,-2,0.211,0.211,31,32,32,32,1,4,1,1,3,1,3.86,1.44,-1.44,10.6,,,,,
CH,2026-07-06,82.5,-2.45,5.12,"Williams, Devin",645277,642207,double,hit_into_play,,,,,13,"Ozzie Albies doubles (19) on a line drive to center fielder A.J. Ewing, deflected by right fielder Carson Benge.",R,L,R,ATL,NYM,X,9,line_drive,2,2,2026,-1.56,-0.36,-0.4223443455152336,1.320802142020678,,,,0,9,Bot,154.5,55.57,,,,,7.796167721570933,-119.86244919486988,-1.1273456553899361,-16.58039553715996,24.612088653377356,-35.61091324994094,2.984801509,1.506348425,335,96.3,20,83.9,2789,7.4,824900,620443,676724,683146,666182,677595,665742,805999,701807,53.06,0.297,0.36,1.25,1,1,1,4,77,6,Changeup,3,5,3,5,5,3,3,5,Strategic,Standard,282,0.123,0.749,,,,0.568,-0.749,96.3,-2,-2,0.088,0.088,31,29,32,29,1,4,1,1,3,1,3.73,1.56,-1.56,12.4,,,,,
CH,2026-07-06,83.4,-2.37,5.07,"Williams, Devin",645277,642207,,foul,,,,,13,,R,L,R,ATL,NYM,S,,,2,2,2026,-1.62,-0.32,-0.6685853756617415,1.2421141148105774,,,,0,9,Bot,,,,,,,7.248963860138668,-121.24145853056675,-1.4747534636694135,-17.354809678634584,23.905961078298642,-35.266525400861916,2.984801509,1.506348425,36,69.1,2,85.1,2664,7.5,824900,620443,676724,683146,666182,677595,665742,805999,701807,53.02,,,,,,,,77,5,Changeup,3,5,3,5,5,3,3,5,Strategic,Standard,285,0,0,68.8,7.8,,,0,88.0,-2,-2,0.088,0.088,31,29,32,29,1,4,1,1,3,1,3.61,1.62,-1.62,8.5,19.879743426385158,-12.233439564543621,36.73013625022374,38.686895071498846,48.01583158350026
FF,2026-07-06,95,-2.38,5.27,"Williams, Devin",645277,642207,,ball,,,,,11,,R,L,R,ATL,NYM,B,,,1,2,2026,-1.24,1.29,-0.9482134390356582,4.781470179331925,,,,0,9,Bot,,,,,,,6.671628348146947,-138.1522993843149,1.6214000367679726,-17.436768204638074,31.545336371896383,-16.258090598807925,2.984801509,1.506348425,,,,96.7,2401,7.4,824900,620443,676724,683146,666182,677595,665742,805999,701807,53.14,,,,,,,,77,4,4-Seam Fastball,3,5,3,5,5,3,3,5,Strategic,Standard,234,0.007,0.048,,,,,-0.048,,-2,-2,0.081,0.081,31,29,32,29,1,4,1,1,3,1,1.24,1.24,-1.24,18.8,,,,,
FF,2026-07-06,94.8,-2.41,5.29,"Williams, Devin",645277,642207,,foul,,,,,3,,R,L,R,ATL,NYM,S,,,1,1,2026,-1.17,1.24,0.37128263012161766,2.6071036485762322,,,,0,9,Bot,,,,,,,10.040166394030278,-137.7365019411838,-4.046614581711727,-17.110544807050815,30.113430786968536,-15.66958769220729,2.984801509,1.506348425,156,71.8,72,96.7,2486,7.4,824900,620443,676724,683146,666182,677595,665742,805999,701807,53.07,,,,,,,,77,3,4-Seam Fastball,3,5,3,5,5,3,3,5,Standard,Standard,234,-0.012,-0.062,69.2,7.0,,,0.062,88.0,-2,-2,0.093,0.093,31,29,32,29,1,4,1,1,3,1,1.3,1.17,-1.17,21.9,16.9929223766117,-9.886912532833318,38.03814431308026,26.475654040834705,37.31559356082584
FF,2026-07-06,94.4,-2.42,5.22,"Williams, Devin",645277,642207,,swinging_strike,,,,,11,,R,L,R,ATL,NYM,S,,,1,0,2026,-1.08,1.13,-0.18682264294917972,3.330791515937998,,,,0,9,Bot,,,,,,,8.37255239077115,-137.3197924735351,-1.6630081813221977,-15.45915081024153,29.155802899065375,-17.70980750917857,2.984801509,1.506348425,,,,96.7,2306,7.5,824900,620443,676724,683146,666182,677595,665742,805999,701807,52.96,,,,,,,,77,2,4-Seam Fastball,3,5,3,5,5,3,3,5,Standard,Standard,233,-0.012,-0.058,82.1,6.7,2.380862808,,0.058,,-2,-2,0.105,0.105,31,29,32,29,1,4,1,1,3,1,1.42,1.08,-1.08,21.9,13.142391985643195,4.758741247978994,31.773927002757272,32.389631865439924,32.74218054961485
FF,2026-07-06,95.1,-2.51,5.3,"Williams, Devin",645277,642207,,ball,,,,,11,,R,L,R,ATL,NYM,B,,,0,0,2026,-0.97,1.21,-0.503615972675343,3.7680896834650133,,,,0,9,Bot,,,,,,,7.539383323115173,-138.31793708905698,-0.9746794646456622,-14.09999073539612,29.899760740548665,-16.650423305116167,2.984801509,1.506348425,,,,97,2222,7.3,824900,620443,676724,683146,666182,677595,665742,805999,701807,53.2,,,,,,,,77,1,4-Seam Fastball,3,5,3,5,5,3,3,5,Standard,Standard,234,0.01,0.046,,,,,-0.046,,-2,-2,0.095,0.095,31,29,32,29,1,4,1,1,3,1,1.31,0.97,-0.97,21.7,,,,,
CH,2026-07-05,83.4,-2.4,5.02,"Williams, Devin",642086,642207,strikeout,swinging_strike,,,,,14,Dominic Smith strikes out swinging.,R,L,R,ATL,NYM,S,2,,2,2,2026,-1.56,-0.34,0.4795059769657155,1.002626844984611,671739,643289,,2,9,Bot,,,,,,,9.832383928609612,-121.0900328974475,-1.9110448277671295,-17.189654488059038,22.306248018533722,-35.355194845134406,3.176123688,1.602903543,,,,85.1,2623,7.4,824902,620443,676724,683146,666182,596019,621438,805999,701807,53.12,,0,0,1,0,0,,83,5,Changeup,9,10,9,10,10,9,9,10,Standard,Standard,284,-0.23,-0.214,68.8,8.2,11.72689668,,0.214,,-1,-1,0.23,0.23,31,31,32,31,1,4,5,2,1,1,3.61,1.56,-1.56,12.7,26.225103647769263,-46.44982856156148,34.42446678770627,27.191686908285494,61.78523131280282
FF,2026-07-05,95.2,-2.27,5.19,"Williams, Devin",642086,642207,,swinging_strike,,,,,1,,R,L,R,ATL,NYM,S,,,2,1,2026,-1.11,1.24,-0.31779289238026887,3.282471083635248,671739,643289,,2,9,Bot,,,,,,,7.789622393844805,-138.52406494876092,-2.1199472943689184,-16.015200841979965,28.256158407059207,-15.81975336704437,3.176123688,1.602903543,,,,97.9,2303,7.6,824902,620443,676724,683146,666182,596019,621438,805999,701807,52.9,,,,,,,,83,4,4-Seam Fastball,9,10,9,10,10,9,9,10,Standard,Standard,237,-0.016,-0.048,65.6,5.9,0.7836615,,0.048,,-1,-1,0.246,0.246,31,31,32,31,1,4,5,2,1,1,1.25,1.11,-1.11,22.0,8.83400198602211,9.30085733915546,30.40196681425064,36.161225616138026,22.232792775166114
FF,2026-07-05,93.8,-2.41,5.2,"Williams, Devin",642086,642207,,called_strike,,,,,1,,R,L,R,ATL,NYM,S,,,2,0,2026,-1.05,1.11,-0.4739460421159485,2.854710984424577,671739,643289,,2,9,Bot,,,,,,,7.480146859528904,-136.5163445563135,-2.777456179718304,-14.738374303544655,26.33885684718604,-17.770397907669942,3.176123688,1.602903543,,,,96.3,2124,7.5,824902,620443,676724,683146,666182,596019,621438,805999,701807,53.05,,,,,,,,83,3,4-Seam Fastball,9,10,9,10,10,9,9,10,Standard,Standard,239,-0.008,-0.048,,,,,0.048,,-1,-1,0.254,0.254,31,31,32,31,1,4,5,2,1,1,1.45,1.05,-1.05,19.2,,,,,
CH,2026-07-05,83.4,-2.44,5.06,"Williams, Devin",642086,642207,,blocked_ball,,,,,14,,R,L,R,ATL,NYM,B,,,1,0,2026,-1.62,-0.15,0.6551195942242747,0.45294032714566956,671739,643289,,2,9,Bot,,,,,,,10.43937400228884,-121.02547830670915,-3.6137502301940563,-17.975289070192524,23.61181737228528,-33.085315482250756,3.176123688,1.602903543,,,,84.8,2674,7.3,824902,620443,676724,683146,666182,596019,621438,805999,701807,53.18,,,,,,,,83,2,Changeup,9,10,9,10,10,9,9,10,Standard,Standard,284,0.008,0.011,,,,,-0.011,,-1,-1,0.246,0.246,31,31,32,31,1,4,5,2,1,1,3.44,1.62,-1.62,10.9,,,,,
FF,2026-07-05,94.9,-2.46,5.21,"Williams, Devin",642086,642207,,ball,,,,,13,,R,L,R,ATL,NYM,B,,,0,0,2026,-1.06,1.04,-1.26885172129015,2.3256607566703273,671739,643289,,2,9,Bot,,,,,,,5.6159021250794,-138.2115231806741,-4.196125763542369,-14.766843853789704,28.669756689790937,-18.066450418729413,3.176123688,1.602903543,,,,97.4,2399,7.5,824902,620443,676724,683146,666182,596019,621438,805999,701807,53.01,,,,,,,,83,1,4-Seam Fastball,9,10,9,10,10,9,9,10,Standard,Standard,232,0.004,0.035,,,,,-0.035,,-1,-1,0.242,0.242,31,31,32,31,1,4,5,2,1,1,1.47,1.06,-1.06,22.3,,,,,
CH,2026-07-05,83.9,-2.52,5.11,"Williams, Devin",643289,642207,single,hit_into_play,,,,,7,Mauricio Dubón singles on a ground ball to left fielder Tyrone Taylor. Michael Harris II to 3rd. Mauricio Dubón to 2nd.,R,R,R,ATL,NYM,X,7,ground_ball,1,0,2026,-1.34,-0.22,-0.41900885632498475,1.8643167425830782,,,671739,2,9,Bot,78.3,143.25,,,,,7.650786642748033,-122.00320910045718,-0.4538131109514548,-14.89167013676466,22.374099782502036,-34.54786432612392,3.17085794,1.600246063,141,99.2,8,85.8,2703,7.4,824902,620443,676724,683146,666182,596019,621438,805999,701807,53.11,0.623,0.58,0.9,1,1,0,4,82,2,Changeup,9,10,9,10,10,9,9,10,Standard,Standard,289,0.135,0.302,72.9,8.3,,0.706,-0.302,99.2,-1,-1,0.107,0.107,31,31,32,32,1,4,5,1,1,1,3.45,1.34,1.34,12.8,16.328460061361735,-18.61689795206175,31.700102189811275,32.50312997607065,38.68170954140187
FF,2026-07-05,94.1,-2.41,5.14,"Williams, Devin",643289,642207,,ball,,,,,12,,R,R,R,ATL,NYM,B,,,0,0,2026,-1.1,1.15,1.8510251495920673,2.79386100869266,,,671739,2,9,Bot,,,,,,,13.720932207562715,-136.36239364861797,-2.8496733739047277,-16.597253449445628,27.550700539693665,-17.330314727030228,3.17085794,1.600246063,,,,96.7,2277,7.8,824902,620443,676724,683146,666182,596019,621438,805999,701807,52.7,,,,,,,,82,1,4-Seam Fastball,9,10,9,10,10,9,9,10,Standard,Standard,236,0.008,0.039,,,,,-0.039,,-1,-1,0.099,0.099,31,31,32,32,1,4,5,1,1,1,1.43,1.1,1.1,23.1,,,,,
CH,2026-07-05,82,-2.52,5.05,"Williams, Devin",671739,642207,single,hit_into_play,,,,,13,Michael Harris II singles on a ground ball to first baseman Jared Young. Matt Olson scores.,R,L,R,ATL,NYM,X,3,ground_ball,1,2,2026,-1.61,-0.52,-0.8371292510411521,0.7845862590038735,621566,,,2,9,Bot,156.11,165.56,,,,,7.065090509549283,-119.19065350998275,-1.8104678178807316,-16.69829816535748,23.137442812923,-36.969233753973235,3.181389436,1.605561024,2,82.8,-27,83.5,2763,7.4,824902,620443,676724,683146,666182,596019,621438,805999,701807,53.14,0.063,0.06,0.9,1,1,0,2,81,4,Changeup,8,10,8,10,10,9,9,10,Strategic,Strategic,281,0.048,0.78,67.3,8.9,,0.066,-0.78,88.0,-2,-2,0.051,0.051,31,25,32,25,1,4,5,1,1,1,3.92,1.61,-1.61,10.4,3.322112778727011,4.3428650155803075,32.44843097456539,44.80872551100245,27.57238441438418
CH,2026-07-05,83.5,-2.37,4.97,"Williams, Devin",671739,642207,,ball,,,,,14,,R,L,R,ATL,NYM,B,,,0,2,2026,-1.58,-0.48,1.3153973159718364,-0.7437921997233712,,621566,,2,9,Bot,,,,,,,11.765796427563515,-120.95019082141758,-5.4767646928328775,-17.840163297651458,24.648405728059195,-35.9338608799736,3.181389436,1.605561024,,,,84.9,2798,7.6,824902,620443,676724,683146,666182,596019,621438,805999,701807,52.95,,,,,,,,81,3,Changeup,8,10,8,10,10,8,8,10,Strategic,Standard,282,0.001,0,,,,,0,,-2,-2,0.05,0.05,31,25,32,25,1,4,5,1,1,1,3.8,1.58,-1.58,8.8,,,,,
CH,2026-07-05,81.7,-2.39,5.04,"Williams, Devin",671739,642207,,swinging_strike,,,,,14,,R,L,R,ATL,NYM,S,,,0,1,2026,-1.49,-0.39,0.08722730422578717,1.4696195384643542,,621566,,2,9,Bot,,,,,,,8.58764998348131,-118.69520681961534,-0.41674762575993163,-15.72974040945947,23.261713607094148,-36.0371117858691,3.181389436,1.605561024,,,,83.1,2693,7.3,824902,620443,676724,683146,666182,596019,621438,805999,701807,53.17,,,,,,,,81,2,Changeup,8,10,8,10,10,8,8,10,Standard,Standard,282,0,-0.055,75.7,9.4,2.877326028,,0.055,,-2,-2,0.05,0.05,31,25,32,25,1,4,5,1,1,1,3.83,1.49,-1.49,11.7,23.641379345982596,-30.964601922624436,34.782762627158796,36.11958956205594,50.000788725947714
CH,2026-07-05,82,-2.62,5.08,"Williams, Devin",671739,642207,,foul,,,,,4,,R,L,R,ATL,NYM,S,,,0,0,2026,-1.54,-0.19,-0.8062826475957758,2.1352346502416206,,621566,,2,9,Bot,,,,,,,7.201631868610606,-119.30073343187757,0.4505585759949935,-16.017554054187027,20.50878889496854,-34.32749518524593,3.181389436,1.605561024,178,65.1,38,83.9,2623,7.3,824902,620443,676724,683146,666182,596019,621438,805999,701807,53.2,,,,,,,,81,1,Changeup,8,10,8,10,10,8,8,10,Standard,Standard,284,0,-0.038,73.5,8.2,,,0.038,88.0,-2,-2,0.05,0.05,31,25,32,25,1,4,5,1,1,1,3.56,1.54,-1.54,9.3,-1.1997209599040068,13.555932066892682,31.57761144493389,45.68901857954107,23.76408253763364
CH,2026-07-05,83,-2.43,5.05,"Williams, Devin",621566,642207,double,hit_into_play,,,,,8,Matt Olson doubles (23) on a sharp line drive to right fielder Carson Benge.,R,L,R,ATL,NYM,X,9,line_drive,1,1,2026,-1.51,-0.35,-0.26361661782622825,1.8986565955712793,,,,2,9,Bot,207.97,117.41,,,,,8.03689688876718,-120.70709696368456,0.14676269192980684,-16.283794087051337,21.24607949805604,-35.89119903189215,3.37183399,1.701673228,285,104.3,17,84.8,2595,7.3,824902,620443,676724,683146,666182,596019,621438,805999,701807,53.25,0.477,0.563,1.25,1,1,1,5,80,3,Changeup,8,10,8,10,10,8,8,10,Infield shade,Strategic,284,0.035,0.55,74.7,8.5,,0.87,-0.55,104.3,-2,-2,0.015,0.015,31,32,32,32,1,4,5,1,1,1,3.64,1.51,-1.51,10.2,18.181362989293074,-16.09291712672486,34.65267033021605,38.88528941301638,44.347219253902225
CH,2026-07-05,82.3,-2.39,5.04,"Williams, Devin",621566,642207,,ball,,,,,14,,R,L,R,ATL,NYM,B,,,0,1,2026,-1.49,-0.55,1.2770569118268098,0.6241286587846284,,,,2,9,Bot,,,,,,,11.38053676235503,-119.32786896033166,-2.1319726388345366,-16.444924569916793,22.707320896741816,-37.20998714584452,3.37183399,1.701673228,,,,83.8,2534,7.5,824902,620443,676724,683146,666182,596019,621438,805999,701807,53.02,,,,,,,,80,2,Changeup,8,10,8,10,10,8,8,10,Infield shade,Strategic,282,0,0.032,,,,,-0.032,,-2,-2,0.015,0.015,31,32,32,32,1,4,5,1,1,1,3.94,1.49,-1.49,13.2,,,,,
CH,2026-07-05,82,-2.42,5.07,"Williams, Devin",621566,642207,,called_strike,,,,,9,,R,L,R,ATL,NYM,S,,,0,0,2026,-1.41,-0.23,0.6590046371462808,1.9126095160215146,,,,2,9,Bot,,,,,,,9.867160015503911,-119.05661340240671,0.10540538564266311,-15.319192075234858,22.063992398424976,-34.58260333293808,3.37183399,1.701673228,,,,83.8,2451,7.5,824902,620443,676724,683146,666182,596019,621438,805999,701807,52.97,,,,,,,,80,1,Changeup,8,10,8,10,10,8,8,10,Infield shade,Strategic,283,0,-0.044,,,,,0.044,,-2,-2,0.015,0.015,31,32,32,32,1,4,5,1,1,1,3.62,1.41,-1.41,9.3,,,,,
FF,2026-07-05,95.3,-2.37,5.13,"Williams, Devin",645277,642207,strikeout,swinging_strike,,,,,4,Ozzie Albies strikes out swinging.,R,L,R,ATL,NYM,S,2,,1,2,2026,-1.22,0.93,-0.3998629913070646,2.0237325441110396,,,,1,9,Bot,,,,,,,8.078743440294135,-138.64778343198913,-4.565699371916505,-17.495279492892937,29.285502959569133,-19.347609500920775,2.984801509,1.506348425,,,,97.8,2324,7.6,824902,620443,676724,683146,666182,596019,621438,805999,701807,52.94,,0,0,1,0,0,,79,8,4-Seam Fastball,8,10,8,10,10,8,8,10,Infield shade,Standard,242,-0.022,-0.181,69.0,7.0,0.459313632,,0.181,,-2,-2,0.037,0.037,31,29,32,29,1,4,5,1,1,1,1.57,1.22,-1.22,18.5,8.244873320006107,2.610829470127438,41.7790892600552,33.511066125255304,30.11283274461595
FF,2026-07-05,95,-2.42,5.11,"Williams, Devin",645277,642207,,ball,,,,,11,,R,L,R,ATL,NYM,B,,,0,2,2026,-0.96,1.05,-0.46913224467528836,4.544643346701215,,,,1,9,Bot,,,,,,,7.433712428378765,-138.17576803243307,1.9500717423199796,-13.934915136652208,29.876161854637314,-19.366658301335992,2.984801509,1.506348425,,,,97.5,2268,7.7,824902,620443,676724,683146,666182,596019,621438,805999,701807,52.82,,,,,,,,79,7,4-Seam Fastball,8,10,8,10,10,8,8,10,Infield shade,Standard,237,0.003,0.016,,,,,-0.016,,-2,-2,0.034,0.034,31,29,32,29,1,4,5,1,1,1,1.47,0.96,-0.96,19.7,,,,,
CH,2026-07-05,81.8,-2.42,5.06,"Williams, Devin",645277,642207,,foul,,,,,13,,R,L,R,ATL,NYM,S,,,0,2,2026,-1.42,-0.36,-0.21514543090426863,1.100523915360097,,,,1,9,Bot,,,,,,,7.849480392899915,-118.90491037593375,-1.4462217613928454,-14.972937740599098,21.406446335393554,-35.57533950011905,2.984801509,1.506348425,3,83.3,-22,83.5,2596,7.3,824902,620443,676724,683146,666182,596019,621438,805999,701807,53.19,,,,,,,,79,6,Changeup,8,10,8,10,10,8,8,10,Infield shade,Standard,290,0,0,69.7,7.7,,,0,88.0,-2,-2,0.034,0.034,31,29,32,29,1,4,5,1,1,1,3.76,1.42,-1.42,9.4,20.35561034184312,-11.869774627389017,43.063831689207966,31.62478852795213,47.41347852752782
FF,2026-07-05,94.5,-2.46,5.19,"Williams, Devin",645277,642207,,foul,,,,,11,,R,L,R,ATL,NYM,S,,,0,2,2026,-1.22,0.93,-0.9429611976572669,2.48403395726896,,,,1,9,Bot,,,,,,,6.813177535633047,-137.5502511302877,-3.39008098819454,-16.93671609552287,28.08300717012826,-19.824972496340163,2.984801509,1.506348425,236,79.4,51,97.1,2263,7.6,824902,620443,676724,683146,666182,596019,621438,805999,701807,52.95,,,,,,,,79,5,4-Seam Fastball,8,10,8,10,10,8,8,10,Infield shade,Standard,238,0,0,67.8,6.6,,,0,88.0,-2,-2,0.034,0.034,31,29,32,29,1,4,5,1,1,1,1.61,1.22,-1.22,16.7,3.65354473974345,17.378614899174245,33.26522053726008,39.61722931914656,26.581517775803672
FF,2026-07-05,93.5,-2.41,5.15,"Williams, Devin",645277,642207,,foul,,,,,6,,R,L,R,ATL,NYM,S,,,0,2,2026,-1.17,0.98,0.36472428081411334,2.3466934938637394,,,,1,9,Bot,,,,,,,9.894628763394362,-135.82755435587612,-3.592160263465615,-16.49925598763733,26.599508326420302,-19.41988042366211,2.984801509,1.506348425,251,87.8,21,96.1,2308,7.6,824902,620443,676724,683146,666182,596019,621438,805999,701807,52.88,,,,,,,,79,4,4-Seam Fastball,8,10,8,10,10,8,8,10,Infield shade,Standard,242,0,0,70.4,7.4,,,0,88.0,-2,-2,0.034,0.034,31,29,32,29,1,4,5,1,1,1,1.62,1.17,-1.17,17.8,23.899043168809396,-18.421408452349322,38.59352483825247,24.29386697081813,41.750225521879564
CH,2026-07-05,83.1,-2.41,5.07,"Williams, Devin",645277,642207,,foul,,,,,14,,R,L,R,ATL,NYM,S,,,0,2,2026,-1.62,-0.27,0.5329704541210776,1.345426746639761,,,,1,9,Bot,,,,,,,10.073913185807525,-120.54756217113908,-1.2695015686567415,-17.77581155565206,23.483917139092583,-34.74430186415445,2.984801509,1.506348425,339,93.1,35,84.6,2578,7.4,824902,620443,676724,683146,666182,596019,621438,805999,701807,53.06,,,,,,,,79,3,Changeup,8,10,8,10,10,8,8,10,Infield shade,Standard,287,0,0,60.3,7.3,,,0,93.1,-2,-2,0.034,0.034,31,29,32,29,1,4,5,1,1,1,3.59,1.62,-1.62,12.1,19.18032401136364,-20.928850861667364,41.12613832069376,22.796312922464672,45.5227362838734
CH,2026-07-05,81.7,-2.51,5.03,"Williams, Devin",645277,642207,,foul,,,,,6,,R,L,R,ATL,NYM,S,,,0,1,2026,-1.57,-0.28,0.3260248999196942,2.118656455877943,,,,1,9,Bot,,,,,,,9.531996506961477,-118.55823959662857,0.8414242886201588,-16.602584934317782,22.48292218204261,-35.25433926452004,2.984801509,1.506348425,334,103.4,26,83.1,2467,7.3,824902,620443,676724,683146,666182,596019,621438,805999,701807,53.17,,,,,,,,79,2,Changeup,8,10,8,10,10,8,8,10,Infield shade,Standard,298,-0.008,-0.056,67.0,7.5,,,0.056,103.4,-2,-2,0.042,0.042,31,29,32,29,1,4,5,1,1,1,3.72,1.57,-1.57,10.6,25.91269460823893,-23.919568710382514,38.28071345278347,26.293440281860462,48.97766991788454
FF,2026-07-05,92.2,-2.36,5.27,"Williams, Devin",645277,642207,,called_strike,,,,,2,,R,L,R,ATL,NYM,S,,,0,0,2026,-1.05,0.83,0.11082566600861421,2.7891786191879016,,,,1,9,Bot,,,,,,,8.711144184849687,-134.1163740071635,-2.1958236815541254,-14.456906694022576,26.80851548148002,-21.875027733608963,2.984801509,1.506348425,,,,94.6,1982,7.5,824902,620443,676724,683146,666182,596019,621438,805999,701807,52.96,,,,,,,,79,1,4-Seam Fastball,8,10,8,10,10,8,8,10,Infield shade,Standard,239,-0.005,-0.043,,,,,0.043,,-2,-2,0.047,0.047,31,29,32,29,1,4,5,1,1,1,1.84,1.05,-1.05,21.7,,,,,
CH,2026-06-30,83.4,-2.13,5.01,"Williams, Devin",664702,642207,field_out,hit_into_play,,,,,9,"Myles Straw grounds out, third baseman Bo Bichette to first baseman Jared Young.",R,R,R,TOR,NYM,X,5,ground_ball,3,2,2026,-1.76,-0.25,0.3979457757459668,1.8478503951639675,,649966,,2,9,Bot,103.46,171.61,,,,,9.388039766141386,-121.0812611613932,-0.0165397875505644,-19.23058670805313,25.380984086638357,-34.871284787714195,3.073441601,1.551082677,21,68,-4,84.1,2742,7,822793,620443,676724,683146,666182,596019,665742,805999,701807,53.48,0.115,0.112,0,1,0,0,2,72,6,Changeup,0,3,0,3,3,0,0,3,Standard,Standard,285,-0.02,-0.268,68.2,7.8,,0.13,0.268,88.0,-3,-3,0.02,0.02,31,31,32,32,1,1,3,1,5,1,3.56,1.76,1.76,11.2,-4.795654921020972,-38.11105487269635,36.870895818214805,37.352192724545404,45.67932285869647
FF,2026-06-30,94.2,-2.09,5.16,"Williams, Devin",664702,642207,,called_strike,,,,,7,,R,R,R,TOR,NYM,S,,,3,1,2026,-1.27,0.98,-0.5294650232732694,1.8611064178718821,,649966,,2,9,Bot,,,,,,,7.002140409621559,-136.9466289455403,-4.9392642637078765,-17.519246759594445,30.189985884038297,-18.945144010813273,3.073441601,1.551082677,,,,95.9,2397,7.3,822793,620443,676724,683146,666182,596019,665742,805999,701807,53.19,,,,,,,,72,5,4-Seam Fastball,0,3,0,3,3,0,0,3,Standard,Standard,231,-0.008,-0.063,,,,,0.063,,-3,-3,0.028,0.028,31,31,32,32,1,1,3,1,5,1,1.59,1.27,1.27,20.3,,,,,
CH,2026-06-30,84.3,-2.16,5.04,"Williams, Devin",664702,642207,,ball,,,,,12,,R,R,R,TOR,NYM,B,,,2,1,2026,-1.83,-0.29,1.2231622792338541,2.770154903539797,,649966,,2,9,Bot,,,,,,,11.55863976180562,-122.0759050367452,1.9974056668433835,-20.582082713670246,24.961822314889005,-35.77090711084457,3.073441601,1.551082677,,,,84.9,2735,7,822793,620443,676724,683146,666182,596019,665742,805999,701807,53.47,,,,,,,,72,4,Changeup,0,3,0,3,3,0,0,3,Standard,Standard,281,0.009,0.042,,,,,-0.042,,-3,-3,0.019,0.019,31,31,32,32,1,1,3,1,5,1,3.54,1.83,1.83,13.6,,,,,
CH,2026-06-30,83.5,-2.23,5.08,"Williams, Devin",664702,642207,,called_strike,,,,,8,,R,R,R,TOR,NYM,S,,,2,0,2026,-1.77,-0.12,-0.16923678402122433,1.8771662276776957,,649966,,2,9,Bot,,,,,,,8.359048291500182,-121.3345857187822,-0.4395869347282486,-19.115083414293643,24.751232994811435,-33.506885966733705,3.073441601,1.551082677,,,,84.6,2630,7.2,822793,620443,676724,683146,666182,596019,665742,805999,701807,53.31,,,,,,,,72,3,Changeup,0,3,0,3,3,0,0,3,Standard,Standard,280,-0.006,-0.041,,,,,0.041,,-3,-3,0.025,0.025,31,31,32,32,1,1,3,1,5,1,3.41,1.77,1.77,14.1,,,,,
FF,2026-06-30,94.6,-2.15,5.27,"Williams, Devin",664702,642207,,ball,,,,,14,,R,R,R,TOR,NYM,B,,,1,0,2026,-1.32,1.38,1.6985036401889273,2.075178118275229,,649966,,2,9,Bot,,,,,,,13.094292869038656,-137.02047067722103,-5.615967503897959,-19.54060884295805,30.17789326927496,-13.635022650702199,3.073441601,1.551082677,,,,96,2497,7.3,822793,620443,676724,683146,666182,596019,665742,805999,701807,53.16,,,,,,,,72,2,4-Seam Fastball,0,3,0,3,3,0,0,3,Standard,Standard,240,0.006,0.028,,,,,-0.028,,-3,-3,0.019,0.019,31,31,32,32,1,1,3,1,5,1,1.19,1.32,1.32,22.7,,,,,
FF,2026-06-30,94.8,-2.08,5.31,"Williams, Devin",664702,642207,,ball,,,,,11,,R,R,R,TOR,NYM,B,,,0,0,2026,-0.95,1.31,-0.2507521967482743,4.217379086972682,,,649966,2,9,Bot,,,,,,,6.998667911433382,-137.94952195397025,-0.03484347072349436,-13.686454709511777,31.258421248887696,-15.626855102506338,3.073441601,1.551082677,,,,96.4,2303,7.3,822793,620443,676724,683146,666182,596019,665742,805999,701807,53.24,,,,,,,,72,1,4-Seam Fastball,0,3,0,3,3,0,0,3,Standard,Standard,222,0.004,0.039,,,,,-0.039,,-3,-3,0.015,0.015,31,31,32,32,1,1,3,1,5,1,1.23,0.95,0.95,25.1,,,,,
FF,2026-06-30,95.4,-2.14,5.22,"Williams, Devin",649966,642207,single,hit_into_play,,,,,3,Luis Urías singles on a line drive to right fielder Carson Benge.,R,R,R,TOR,NYM,X,9,line_drive,1,2,2026,-1.05,1.26,0.7723045794888599,2.9701280436294013,,,,2,9,Bot,174.83,114.5,,,,,10.133936759883243,-138.5861796764058,-3.0421827766482696,-15.750542573203962,30.477936644046107,-15.434552130194339,3.090994095,1.559940945,207,75.2,18,97.1,2278,7.3,822793,620443,676724,683146,666182,596019,665742,805999,701807,53.17,0.949,0.866,0.9,1,1,0,4,71,7,4-Seam Fastball,0,3,0,3,3,0,0,3,Standard,Standard,232,0.01,0.421,65.7,6.9,,1.018,-0.421,88.0,-3,-3,0.005,0.005,31,29,32,29,1,3,3,1,5,4,1.25,1.05,1.05,21.2,4.289360658099514,18.11610878411043,22.69498668881335,42.593318626425344,19.50686446417192
CH,2026-06-30,82.4,-2.32,5.06,"Williams, Devin",649966,642207,,foul,,,,,7,,R,R,R,TOR,NYM,S,,,1,2,2026,-1.54,-0.45,-0.4932069474177201,1.4485739881505961,,,,2,9,Bot,,,,,,,7.235222584365746,-119.81100479361189,-0.5084733200667932,-16.234875212690294,24.665338918636635,-36.664466569330344,3.090994095,1.559940945,32,83.8,-1,83.1,2802,7,822793,620443,676724,683146,666182,596019,665742,805999,701807,53.54,,,,,,,,71,6,Changeup,0,3,0,3,3,0,0,3,Standard,Standard,291,0,0,64.9,8.0,,,0,88.0,-3,-3,0.005,0.005,31,29,32,29,1,3,3,1,5,4,3.84,1.54,1.54,12.0,1.448429832019988,-32.70184405177717,33.99751153713134,27.643546731264056,47.92407603188376
CH,2026-06-30,83.9,-2.28,5.02,"Williams, Devin",649966,642207,,foul,,,,,9,,R,R,R,TOR,NYM,S,,,1,2,2026,-1.6,-0.47,0.4237292582137524,1.6553135087418243,,,,2,9,Bot,,,,,,,9.524544847677987,-121.80931213304444,-0.14771312802146075,-17.841224925271128,24.876281556516666,-37.02079358250741,3.090994095,1.559940945,2,47.6,-37,84.8,2764,7.1,822793,620443,676724,683146,666182,596019,665742,805999,701807,53.43,,,,,,,,71,5,Changeup,0,3,0,3,3,0,0,3,Standard,Standard,285,0,0,64.1,8.3,,,0,88.0,-3,-3,0.005,0.005,31,29,32,29,1,3,3,1,5,4,3.73,1.6,1.6,13.2,16.08709582981539,-23.27000514224144,22.222264808960315,38.19352449862411,44.60777833188157
CH,2026-06-30,84.5,-2.2,5.14,"Williams, Devin",649966,642207,,foul,,,,,4,,R,R,R,TOR,NYM,S,,,1,2,2026,-1.67,-0.03,-0.5716624585800851,2.2762109239884416,,,,2,9,Bot,,,,,,,7.246606266955669,-122.82109534077081,0.025724578651585617,-18.401959833062566,25.963485676419676,-32.691553985660704,3.090994095,1.559940945,20,85.7,-6,85.4,2681,7.1,822793,620443,676724,683146,666182,596019,665742,805999,701807,53.42,,,,,,,,71,4,Changeup,0,3,0,3,3,0,0,3,Standard,Standard,281,0,0,69.2,7.6,,,0,88.0,-3,-3,0.005,0.005,31,29,32,29,1,3,3,1,5,4,3.24,1.67,1.67,11.4,-2.0833667114050787,-29.87605815663803,27.81607741636674,26.96387394667787,36.16979710746436
FF,2026-06-30,95.7,-2.04,5.21,"Williams, Devin",649966,642207,,ball,,,,,12,,R,R,R,TOR,NYM,B,,,0,2,2026,-1.23,1.14,1.4092608782482208,2.9756184970370976,,,,2,9,Bot,,,,,,,12.051003937681939,-138.85057738657528,-2.7191616451666363,-18.68630186227489,31.72392416580322,-17.032245631895492,3.090994095,1.559940945,,,,97.5,2403,7.5,822793,620443,676724,683146,666182,596019,665742,805999,701807,53.01,,,,,,,,71,3,4-Seam Fastball,0,3,0,3,3,0,0,3,Standard,Standard,232,0,0.023,,,,,-0.023,,-3,-3,0.005,0.005,31,29,32,29,1,3,3,1,5,4,1.37,1.23,1.23,21.6,,,,,
FF,2026-06-30,94.8,-2.07,5.12,"Williams, Devin",649966,642207,,called_strike,,,,,12,,R,R,R,TOR,NYM,S,,,0,1,2026,-1.11,1.24,0.8696112440732853,3.044335401236806,,,,2,9,Bot,,,,,,,10.351041604701239,-137.72982352126874,-2.4170573177148404,-16.52594620596938,31.542474730670214,-16.077459568115316,3.090994095,1.559940945,,,,96.7,2347,7.5,822793,620443,676724,683146,666182,596019,665742,805999,701807,52.96,,,,,,,,71,2,4-Seam Fastball,0,3,0,3,3,0,0,3,Standard,Standard,231,0,-0.061,,,,,0.061,,-3,-3,0.005,0.005,31,29,32,29,1,3,3,1,5,4,1.31,1.11,1.11,20.0,,,,,
FF,2026-06-30,94.7,-2.19,5.24,"Williams, Devin",649966,642207,,foul,,,,,5,,R,R,R,TOR,NYM,S,,,0,0,2026,-1.31,0.99,0.054198081869306636,2.4439141346376774,,,,2,9,Bot,,,,,,,8.931161985946048,-137.60360999488083,-3.7310405133930824,-18.622964915217203,29.968543579434893,-18.9586984948281,3.090994095,1.559940945,196,73.3,53,96.6,2389,7.4,822793,620443,676724,683146,666182,596019,665742,805999,701807,53.11,,,,,,,,71,1,4-Seam Fastball,0,3,0,3,3,0,0,3,Standard,Standard,236,0,-0.044,69.9,6.4,,,0.044,88.0,-3,-3,0.005,0.005,31,29,32,29,1,3,3,1,5,4,1.56,1.31,1.31,23.0,-4.970179994138695,19.112123292253298,26.8413667130054,35.930573731896885,23.327598580573945
FF,2026-06-30,93.9,-2.33,5.17,"Williams, Devin",662139,642207,field_out,hit_into_play,,,,,11,Daulton Varsho pops out to third baseman Bo Bichette in foul territory.,R,L,R,TOR,NYM,X,5,popup,0,1,2026,-1.34,1.15,-0.30031723663069765,3.201706047580971,,,,1,9,Bot,90.15,185.53,,,,,8.35778378383622,-136.55757922260628,-1.799364687237353,-18.670248479865574,30.1467622535333,-17.599641993474407,3.036581365,1.532480315,112,80.7,73,95.4,2388,7.2,822793,620443,676724,683146,666182,596019,665742,805999,701807,53.32,0.001,0,0,1,0,0,3,70,2,4-Seam Fastball,0,3,0,3,3,0,0,3,Standard,Standard,230,-0.011,-0.221,66.1,7.1,,0.001,0.221,88.0,-3,-3,0.016,0.016,31,29,32,30,1,3,3,2,5,1,1.44,1.34,-1.34,17.9,5.299428085363707,4.120770648392104,18.05610733090971,42.4156795188305,25.98085502998403
CH,2026-06-30,82.6,-2.23,5.16,"Williams, Devin",662139,642207,,called_strike,,,,,9,,R,L,R,TOR,NYM,S,,,0,0,2026,-1.7,-0.2,0.7854576168999796,1.961329556453442,,,,1,9,Bot,,,,,,,10.20857382386021,-119.83903942632436,-0.10499405327116396,-18.36255920393001,23.813853691698686,-34.340202805195005,3.036581365,1.532480315,,,,83,2689,6.8,822793,620443,676724,683146,666182,596019,665742,805999,701807,53.73,,,,,,,,70,1,Changeup,0,3,0,3,3,0,0,3,Standard,Standard,280,-0.002,-0.043,,,,,0.043,,-3,-3,0.018,0.018,31,29,32,30,1,3,3,2,5,1,3.57,1.7,-1.7,11.7,,,,,
CH,2026-06-30,82.6,-2.31,5.15,"Williams, Devin",676391,642207,field_out,hit_into_play,,,,,14,"Blue Jays challenged (play at 1st), call on the field was upheld: Ernie Clement grounds out, third baseman Bo Bichette to first baseman Jared Young.",R,R,R,TOR,NYM,X,5,ground_ball,0,2,2026,-1.79,-0.36,0.0033628787426165374,1.4614172138910013,,,,0,9,Bot,95.59,169.8,,,,,8.824431538605184,-119.92947080847294,-0.8792029106991031,-19.003685088288503,24.181117022814096,-35.722018834632614,3.191043307,1.610433071,15,89.3,-6,83.2,2637,6.9,822793,620443,676724,683146,666182,596019,665742,805999,701807,53.63,0.192,0.192,0,1,0,0,2,69,3,Changeup,0,3,0,3,3,0,0,3,Standard,Standard,282,-0.015,-0.166,68.7,8.0,,0.225,0.166,89.3,-3,-3,0.033,0.033,31,30,32,30,1,3,3,1,5,1,3.73,1.79,1.79,12.0,10.754034215023802,-12.022643541208089,36.958799843246496,34.56969319518404,36.345941752663066
CH,2026-06-30,82.9,-2.23,5.14,"Williams, Devin",676391,642207,,foul,,,,,6,,R,R,R,TOR,NYM,S,,,0,1,2026,-1.79,-0.36,0.6585583312402046,2.5407314107840464,,,,0,9,Bot,,,,,,,10.153487195092454,-120.27224529097245,1.5316081911740447,-19.35944182456418,23.573542203192385,-36.21975995107576,3.191043307,1.610433071,6,68.7,-24,83.4,2559,6.8,822793,620443,676724,683146,666182,596019,665742,805999,701807,53.68,,,,,,,,69,2,Changeup,0,3,0,3,3,0,0,3,Standard,Standard,276,-0.006,-0.055,,,,,0.055,88.0,-3,-3,0.039,0.039,31,30,32,30,1,3,3,1,5,1,3.7,1.79,1.79,10.3,,,,,
FF,2026-06-30,93.5,-2.2,5.23,"Williams, Devin",676391,642207,,called_strike,,,,,6,,R,R,R,TOR,NYM,S,,,0,0,2026,-1.28,1.17,0.6452636981487592,2.650884919044943,,,,0,9,Bot,,,,,,,10.249359447580366,-135.7844076220384,-3.406158951424053,-17.99547991746951,27.43077343959478,-17.109226354861434,3.191043307,1.610433071,,,,95.1,2264,7.2,822793,620443,676724,683146,666182,596019,665742,805999,701807,53.34,,,,,,,,69,1,4-Seam Fastball,0,3,0,3,3,0,0,3,Standard,Standard,235,-0.004,-0.043,,,,,0.043,,-3,-3,0.043,0.043,31,30,32,30,1,3,3,1,5,1,1.43,1.28,1.28,19.0,,,,,
CH,2026-06-27,81.3,-2.35,5.06,"Williams, Devin",687282,642207,strikeout,swinging_strike_blocked,,,,,13,Gabriel Rincones Jr. strikes out swinging.,R,L,R,NYM,PHI,S,2,,0,2,2026,-1.55,-0.43,-0.19655144656306733,0.27952983877907345,,681082,,2,9,Top,,,,,,,7.919648041667279,-118.14825697843537,-2.9939835429687953,-16.0668691366768,23.47752597365677,-35.81250538484292,3.331463255,1.681299213,,,,82.5,2763,7.2,823609,682626,676572,683146,666182,596019,665742,805999,701807,53.27,,0,0,1,0,0,,71,3,Changeup,6,2,2,6,2,6,2,6,Standard,Standard,283,0.002,-0.18,69.6,8.3,2.42208174,,0.18,,4,-4,0.998,0.0020000000000000018,31,25,32,25,1,3,2,2,3,2,3.9,1.55,-1.55,11.1,14.864436262693026,-24.855704492141815,33.040032600796934,41.69439700929328,47.98003686262681
CH,2026-06-27,81.8,-2.4,5.15,"Williams, Devin",687282,642207,,swinging_strike,,,,,7,,R,L,R,NYM,PHI,S,,,0,1,2026,-1.66,-0.31,-0.6324102704545098,1.6537995980475806,,681082,,2,9,Top,,,,,,,7.286371349216934,-118.95839544382576,-0.47498928784889927,-17.195095279116927,22.78052725879498,-35.25327425784831,3.331463255,1.681299213,,,,82.8,2736,7,823609,682626,676572,683146,666182,596019,665742,805999,701807,53.48,,,,,,,,71,2,Changeup,6,2,2,6,2,6,2,6,Standard,Standard,285,0.001,-0.055,76.0,8.1,2.545578312,,0.055,,4,-4,0.997,0.0030000000000000027,31,25,32,25,1,3,2,2,3,2,3.72,1.66,-1.66,12.6,11.986861040905225,-27.812385879409263,24.104024576349644,41.50577153636698,52.01499174190848
CH,2026-06-27,82.4,-2.4,5.15,"Williams, Devin",687282,642207,,called_strike,,,,,8,,R,L,R,NYM,PHI,S,,,0,0,2026,-1.59,-0.29,-0.03634163612897101,2.0752756366118907,,,681082,2,9,Top,,,,,,,8.564262329881391,-119.69046531963416,0.39533670054688175,-16.902364990617908,23.63039860451105,-35.298749984789346,3.331463255,1.681299213,,,,83.5,2553,7.1,823609,682626,676572,683146,666182,596019,665742,805999,701807,53.36,,,,,,,,71,1,Changeup,6,2,2,6,2,6,2,6,Standard,Standard,280,0.001,-0.044,,,,,0.044,,4,-4,0.996,0.0040000000000000036,31,25,32,25,1,3,2,2,3,2,3.67,1.59,-1.59,10.4,,,,,
CH,2026-06-27,83.3,-2.23,5.16,"Williams, Devin",624641,642207,field_out,hit_into_play,,,,,9,Edmundo Sosa lines out to second baseman Brett Baty.,R,R,R,NYM,PHI,X,4,line_drive,1,0,2026,-1.63,-0.4,0.7462616318519457,1.7719780019931344,,,681082,1,9,Top,128.53,142.75,,,,,10.165660641123905,-120.77873457282818,-0.1644714035096584,-18.02658271734591,26.602250126768737,-36.26084756242688,3.186655184,1.608218504,147,85.4,12,84,2753,7.2,823609,682626,676572,683146,666182,596019,665742,805999,701807,53.27,0.611,0.581,0,1,0,0,4,70,2,Changeup,6,2,2,6,2,6,2,6,Standard,Standard,277,0.013,-0.296,72.5,8.1,,0.707,0.296,88.0,4,-4,0.983,0.017000000000000015,31,30,32,30,1,3,2,1,3,9,3.74,1.63,1.63,12.6,13.718839934356575,9.724681138851466,37.857331747033385,43.932172917627796,29.21791997130002
FF,2026-06-27,93.5,-2.19,5.39,"Williams, Devin",624641,642207,,ball,,,,,12,,R,R,R,NYM,PHI,B,,,0,0,2026,-0.67,1.2,1.0100664615854444,3.3625003562393894,,,681082,1,9,Top,,,,,,,9.875289562399978,-135.73316911193163,-1.9717629972521196,-10.56425357457346,31.40495815007496,-17.20102171695963,3.186655184,1.608218504,,,,95.3,2321,7.6,823609,682626,676572,683146,666182,596019,665742,805999,701807,52.9,,,,,,,,70,1,4-Seam Fastball,6,2,2,6,2,6,2,6,Standard,Standard,228,-0.002,0.035,,,,,-0.035,,4,-4,0.985,0.015000000000000013,31,30,32,30,1,3,2,1,3,9,1.44,0.67,0.67,23.2,,,,,
CH,2026-06-27,82.7,-2.32,5.12,"Williams, Devin",681082,642207,walk,ball,,,,,13,Bryson Stott walks.,R,L,R,NYM,PHI,B,,,3,2,2026,-1.59,-0.54,-0.45147646645383355,0.7810332071915482,,,,1,9,Top,,,,,,,7.508945537794072,-120.1370946260514,-1.9777589451564885,-16.85637692844472,26.828309212492872,-37.11831286697485,3.225270669,1.627706693,,,,83.7,2722,7.4,823609,682626,676572,683146,666182,596019,665742,805999,701807,53.09,,0.698841,0.7,1,0,0,,69,6,Changeup,6,2,2,6,2,6,2,6,Infield shade,Standard,281,-0.008,0.339,,,,,-0.339,,4,-4,0.993,0.007000000000000006,31,28,32,29,1,3,2,1,3,1,3.92,1.59,-1.59,10.3,,,,,
FF,2026-06-27,93.9,-2.39,5.21,"Williams, Devin",681082,642207,,ball,,,,,11,,R,L,R,NYM,PHI,B,,,2,2,2026,-0.78,1.14,-0.5429848834250033,3.8241528504248627,,,,1,9,Top,,,,,,,6.613518587388901,-136.49153895793745,-0.21661704286670885,-11.20560924801693,32.46702528047869,-18.2114487160747,3.225270669,1.627706693,,,,95.6,2353,7.5,823609,682626,676572,683146,666182,596019,665742,805999,701807,53,,,,,,,,69,5,4-Seam Fastball,6,2,2,6,2,6,2,6,Infield shade,Standard,238,-0.002,0.112,,,,,-0.112,,4,-4,0.995,0.0050000000000000044,31,28,32,29,1,3,2,1,3,1,1.47,0.78,-0.78,19.8,,,,,
FF,2026-06-27,93.5,-2.48,5.34,"Williams, Devin",681082,642207,,foul,,,,,1,,R,L,R,NYM,PHI,S,,,2,1,2026,-1.02,1.16,-0.5196777394945309,3.0096088135542307,,,,1,9,Top,,,,,,,7.426647103564088,-135.95895115196163,-2.692017123504243,-14.308942499203397,31.0006590105054,-17.464542933394394,3.225270669,1.627706693,225,81.5,52,95.1,2344,7.4,823609,682626,676572,683146,666182,596019,665742,805999,701807,53.13,,,,,,,,69,4,4-Seam Fastball,6,2,2,6,2,6,2,6,Standard,Standard,234,0.002,-0.074,66.9,6.3,,,0.074,88.0,4,-4,0.993,0.007000000000000006,31,28,32,29,1,3,2,1,3,1,1.46,1.02,-1.02,19.9,2.4664775066357247,19.624453233263946,24.521859829738087,37.743809073316086,24.956593650962844
CH,2026-06-27,82,-2.33,5.03,"Williams, Devin",681082,642207,,ball,,,,,14,,R,L,R,NYM,PHI,B,,,1,1,2026,-1.55,-0.65,0.38324540255162143,0.440635388602455,,,,1,9,Top,,,,,,,9.231860767716544,-119.0435016706589,-2.2765823772777285,-16.470645126333096,22.78898338759114,-38.13142264918454,3.225270669,1.627706693,,,,83.2,2543,7.2,823609,682626,676572,683146,666182,596019,665742,805999,701807,53.29,,,,,,,,69,3,Changeup,6,2,2,6,2,6,2,6,Standard,Standard,284,-0.001,0.057,,,,,-0.057,,4,-4,0.994,0.006000000000000005,31,28,32,29,1,3,2,1,3,1,4.06,1.55,-1.55,10.2,,,,,
FF,2026-06-27,93,-2.37,5.27,"Williams, Devin",681082,642207,,called_strike,,,,,1,,R,L,R,NYM,PHI,S,,,1,0,2026,-1.25,0.81,-0.2983671609034664,2.847188160526028,,,,1,9,Top,,,,,,,8.191790088003128,-135.2935484265661,-2.1281902313537158,-17.140497633556997,27.041289429920194,-21.881814643834836,3.225270669,1.627706693,,,,95.2,2305,7.4,823609,682626,676572,683146,666182,596019,665742,805999,701807,53.13,,,,,,,,69,2,4-Seam Fastball,6,2,2,6,2,6,2,6,Standard,Standard,234,0.001,-0.051,,,,,0.051,,4,-4,0.993,0.007000000000000006,31,28,32,29,1,3,2,1,3,1,1.81,1.25,-1.25,17.6,,,,,
FC,2026-06-27,89.8,-2.34,5.42,"Williams, Devin",681082,642207,,ball,,,,,11,,R,L,R,NYM,PHI,B,,,0,0,2026,-0.05,0.98,-1.1989154757468907,2.8521339875967318,,,,1,9,Top,,,,,,,2.958783689851678,-130.88279027574583,-2.4374189376568394,-1.1168005244387582,23.80108158226719,-20.483118924250515,3.225270669,1.627706693,,,,91.9,2365,7.2,823609,682626,676572,683146,666182,596019,665742,805999,701807,53.32,,,,,,,,69,1,Cutter,6,2,2,6,2,6,2,6,Standard,Standard,206,-0.001,0.043,,,,,-0.043,,4,-4,0.994,0.006000000000000005,31,28,32,29,1,3,2,1,3,1,1.8,0.05,-0.05,21.6,,,,,
FF,2026-06-27,94.7,-2.28,5.12,"Williams, Devin",669016,642207,field_out,hit_into_play,,,,,3,Brandon Marsh pops out to third baseman Bo Bichette.,R,L,R,NYM,PHI,X,5,popup,0,2,2026,-1.07,1.05,0.27708643810419975,3.3045242485844453,,,,0,9,Top,112.28,184.62,,,,,9.221221966832513,-137.58822792024313,-1.2641796177277582,-15.737398369849522,32.135314227257176,-18.772276875214107,3.312155512,1.671555118,63,70.2,77,96.5,2385,7.5,823609,682626,676572,683146,666182,596019,665742,805999,701807,53,0.006,0.006,0,1,0,0,3,68,3,4-Seam Fastball,6,2,2,6,2,6,2,6,Infield shade,Standard,238,0.005,-0.166,71.1,6.8,,0.007,0.166,88.0,4,-4,0.989,0.01100000000000001,31,28,32,29,1,3,2,1,3,1,1.51,1.07,-1.07,17.8,11.244888755774468,-3.188450535758934,31.032488494703195,34.131689029347626,27.20290632359196
CH,2026-06-27,83.1,-2.32,5.13,"Williams, Devin",669016,642207,,swinging_strike,,,,,14,,R,L,R,NYM,PHI,S,,,0,1,2026,-1.52,-0.47,0.5034998348236914,0.9136992552142855,,,,0,9,Top,,,,,,,9.525111124872502,-120.57063043281372,-1.9288516113621177,-16.737346944041118,25.46197625751754,-36.585006509741696,3.312155512,1.671555118,,,,83.6,2758,7,823609,682626,676572,683146,666182,596019,665742,805999,701807,53.51,,,,,,,,68,2,Changeup,6,2,2,6,2,6,2,6,Infield shade,Standard,281,0.003,-0.055,72.7,8.5,3.913305948,,0.055,,4,-4,0.986,0.014000000000000012,31,28,32,29,1,3,2,1,3,1,3.82,1.52,-1.52,10.6,27.384104257895853,-26.988945943561276,46.71176369391018,33.26618790715896,46.68760183479626
FF,2026-06-27,93.4,-2.42,5.21,"Williams, Devin",669016,642207,,foul,,,,,12,,R,L,R,NYM,PHI,S,,,0,0,2026,-1.05,1.08,0.2588358059595848,3.590453319207772,,,,0,9,Top,,,,,,,9.336450533005364,-135.7757369107852,-0.6683807210928079,-14.998321054248775,29.585221085494503,-18.846390591465017,3.312155512,1.671555118,191,70.6,54,95.2,2390,7.4,823609,682626,676572,683146,666182,596019,665742,805999,701807,53.14,,,,,,,,68,1,4-Seam Fastball,6,2,2,6,2,6,2,6,Infield shade,Standard,230,0.001,-0.043,64.8,6.3,,,0.043,88.0,4,-4,0.985,0.015000000000000013,31,28,32,29,1,3,2,1,3,1,1.53,1.05,-1.05,17.7,3.7988563521842544,0.42541400162262005,28.094438458912826,35.80710841808912,23.21221165098633
CH,2026-06-25,84,-2.24,5.22,"Williams, Devin",665804,642207,strikeout,swinging_strike_blocked,,,,,14,Miguel Amaya strikes out swinging.,R,R,R,NYM,CHC,S,2,,1,2,2026,-1.66,0.02,0.5185202656709762,0.7128539320833718,,,,2,9,Top,,,,,,,9.777421165907587,-122.028299539343,-3.869947991012549,-18.499083865317466,22.822264268232384,-31.421021814444167,3.248966535,1.639665354,,,,85.1,2599,7,823612,682626,676572,683146,666182,677595,676724,805999,701807,53.5,,0,0,1,0,0,,73,4,Changeup,3,3,3,3,3,3,3,3,Infield shade,Standard,277,0.024,-0.177,61.8,8.5,6.409105236,,0.177,,0,0,0.615,0.385,31,27,32,27,1,3,1,1,2,3,3.21,1.66,1.66,12.8,26.114198161508952,-28.33541557948309,40.44428708331321,40.93866315114631,41.493657127766305
CH,2026-06-25,83.7,-2.33,5.14,"Williams, Devin",665804,642207,,swinging_strike,,,,,14,,R,R,R,NYM,CHC,S,,,1,1,2026,-1.65,-0.02,1.1357572015783879,1.166082646479008,,,,2,9,Top,,,,,,,11.366943267007281,-121.38353881401875,-2.5087933705929295,-18.466467169078495,21.883939209892862,-32.125924132185546,3.248966535,1.639665354,,,,85,2595,7.2,823612,682626,676572,683146,666182,677595,676724,805999,701807,53.33,,,,,,,,73,3,Changeup,3,3,3,3,3,3,3,3,Infield shade,Standard,277,0.008,-0.069,62.7,8.9,16.037345532,,0.069,,0,0,0.607,0.393,31,27,32,27,1,3,1,1,2,3,3.28,1.65,1.65,13.2,29.53786560244952,-48.0843755606004,31.437976573242597,49.282248396679066,53.43158379486867
CH,2026-06-25,83.4,-2.36,5.19,"Williams, Devin",665804,642207,,swinging_strike,,,,,8,,R,R,R,NYM,CHC,S,,,1,0,2026,-1.7,-0.03,-0.22348180968128672,1.9202425331426545,,,,2,9,Top,,,,,,,8.375562467463357,-121.15556355807063,-0.7730920962818606,-18.35050975265616,23.830383267551532,-32.56628902995506,3.248966535,1.639665354,,,,84.6,2707,7.2,823612,682626,676572,683146,666182,677595,676724,805999,701807,53.33,,,,,,,,73,2,Changeup,3,3,3,3,3,3,3,3,Infield shade,Standard,279,0.005,-0.053,66.3,8.4,2.560906572,,0.053,,0,0,0.602,0.398,31,27,32,27,1,3,1,1,2,3,3.32,1.7,1.7,12.4,28.045567484293347,-35.97230310975542,36.78713663114624,34.159572966819624,49.182274676120265
CH,2026-06-25,84.2,-2.32,5.17,"Williams, Devin",665804,642207,,ball,,,,,12,,R,R,R,NYM,CHC,B,,,0,0,2026,-1.82,-0.2,0.9950834046569352,2.949702284554976,,,,2,9,Top,,,,,,,11.424893975706896,-122.09913841867407,1.9176936480843672,-20.42055495417784,24.23362846484079,-34.84365451842497,3.248966535,1.639665354,,,,85.4,2564,7.3,823612,682626,676572,683146,666182,677595,676724,805999,701807,53.24,,,,,,,,73,1,Changeup,3,3,3,3,3,3,3,3,Infield shade,Standard,280,-0.003,0.041,,,,,-0.041,,0,0,0.605,0.395,31,27,32,27,1,3,1,1,2,3,3.44,1.82,1.82,11.9,,,,,
CH,2026-06-25,83.4,-2.34,5.29,"Williams, Devin",699393,642207,field_out,hit_into_play,,,,,7,Pedro Ramírez grounds out to first baseman Eric Wagaman.,R,L,R,NYM,CHC,X,3,ground_ball,0,1,2026,-1.62,-0.44,-0.4473938602675005,1.473771297945106,,,,1,9,Top,154.85,161.31,,,,,7.634416366712611,-121.24628813700114,-1.179676114900842,-17.460694779737818,24.894124176156332,-36.45393548753015,3.088361221,1.558612205,10,83.3,-9,84.3,2719,7,823612,682626,676572,683146,666182,677595,676724,805999,701807,53.48,0.085,0.077,0,1,0,0,2,72,2,Changeup,3,3,3,3,3,3,3,3,Standard,Standard,281,0.04,-0.221,74.4,8.3,,0.089,0.221,88.0,0,0,0.565,0.43500000000000005,31,22,32,22,1,3,1,1,2,3,3.73,1.62,-1.62,12.0,7.723540175508625,-14.68260100555464,28.62688999647173,36.401982753024356,40.525751078885904
FF,2026-06-25,93.9,-2.41,5.35,"Williams, Devin",699393,642207,,foul,,,,,5,,R,L,R,NYM,CHC,S,,,0,0,2026,-0.91,1.28,0.26032630015360625,2.59639822064623,,,,1,9,Top,,,,,,,9.040949564941947,-136.41584726273197,-4.114962863408542,-13.451900133621942,31.66661071928543,-15.442600072219319,3.088361221,1.558612205,144,67.4,67,95.3,2395,7.3,823612,682626,676572,683146,666182,677595,676724,805999,701807,53.19,,,,,,,,72,1,4-Seam Fastball,3,3,3,3,3,3,3,3,Standard,Standard,232,0.007,-0.043,70.3,7.1,,,0.043,88.0,0,0,0.558,0.44199999999999995,31,22,32,22,1,3,1,1,2,3,1.32,0.91,-0.91,19.6,-1.672686682318608,-4.698462618946818,25.546920526056443,28.017859989325487,27.585815948298013
CH,2026-06-25,83.6,-2.3,5.13,"Williams, Devin",663538,642207,field_out,hit_into_play,,,,,14,Nico Hoerner lines out to first baseman Eric Wagaman.,R,R,R,NYM,CHC,X,3,line_drive,3,2,2026,-1.58,-0.09,0.9260336687789785,1.3975966576222443,,,,0,9,Top,154.14,156.55,,,,,10.661556746995672,-121.26779782636721,-1.7265954751567836,-17.67476628625891,24.167287811169555,-32.915265323339106,3.185777559,1.607775591,131,63.9,15,84.8,2581,7.3,823612,682626,676572,683146,666182,677595,676724,805999,701807,53.24,0.234,0.211,0,1,0,0,2,71,6,Changeup,3,3,3,3,3,3,3,3,Standard,Standard,275,0.07,-0.354,70.6,8.1,,0.234,0.354,88.0,0,0,0.488,0.512,31,29,32,29,1,3,1,1,2,1,3.38,1.58,1.58,13.0,8.039360095693455,-6.425499335691612,31.732331979830214,48.48274873574084,30.06946502356975
CH,2026-06-25,83.4,-2.35,5.18,"Williams, Devin",663538,642207,,called_strike,,,,,4,,R,R,R,NYM,CHC,S,,,3,1,2026,-1.67,-0.03,-0.2904965274227378,2.32916670051565,,,,0,9,Top,,,,,,,8.131567584414716,-121.0548584569526,0.25210902871115404,-18.014896785259225,25.77742863102735,-32.78604510394108,3.185777559,1.607775591,,,,84.1,2554,7.1,823612,682626,676572,683146,666182,677595,676724,805999,701807,53.39,,,,,,,,71,5,Changeup,3,3,3,3,3,3,3,3,Standard,Standard,274,0.02,-0.108,,,,,0.108,,0,0,0.468,0.532,31,29,32,29,1,3,1,1,2,1,3.35,1.67,1.67,11.5,,,,,
FF,2026-06-25,94.2,-2.34,5.26,"Williams, Devin",663538,642207,,ball,,,,,14,,R,R,R,NYM,CHC,B,,,2,1,2026,-0.91,1.45,1.4052853634497826,1.8583350419778424,,,,0,9,Top,,,,,,,11.90736106312214,-136.52499464157825,-6.214192720249868,-14.199225474910309,32.98805768465711,-12.84390332542878,3.185777559,1.607775591,,,,95.6,2434,7.5,823612,682626,676572,683146,666182,677595,676724,805999,701807,52.97,,,,,,,,71,4,4-Seam Fastball,3,3,3,3,3,3,3,3,Standard,Standard,233,-0.024,0.146,,,,,-0.146,,0,0,0.492,0.508,31,29,32,29,1,3,1,1,2,1,1.16,0.91,0.91,19.5,,,,,
FF,2026-06-25,93.2,-2.37,5.27,"Williams, Devin",663538,642207,,called_strike,,,,,9,,R,R,R,NYM,CHC,S,,,2,0,2026,-1.09,1.38,0.2938433593233136,2.000787171076438,,,,0,9,Top,,,,,,,9.379922452939322,-135.2886847732855,-5.582035510179605,-15.493666135758826,30.261765772876416,-14.191277934181628,3.185777559,1.607775591,,,,94.9,2358,7.5,823612,682626,676572,683146,666182,677595,676724,805999,701807,53.02,,,,,,,,71,3,4-Seam Fastball,3,3,3,3,3,3,3,3,Standard,Standard,236,0.016,-0.08,,,,,0.08,,0,0,0.476,0.524,31,29,32,29,1,3,1,1,2,1,1.26,1.09,1.09,19.1,,,,,
FF,2026-06-25,93.3,-2.29,5.35,"Williams, Devin",663538,642207,,ball,,,,,12,,R,R,R,NYM,CHC,B,,,1,0,2026,-0.86,1.38,1.068371318680784,3.0189852498152017,,,,0,9,Top,,,,,,,10.677067423549847,-135.47093230936932,-3.138402227148909,-13.078357926506087,31.621602811020956,-14.723754217598657,3.185777559,1.607775591,,,,94.8,2355,7.4,823612,682626,676572,683146,666182,677595,676724,805999,701807,53.07,,,,,,,,71,2,4-Seam Fastball,3,3,3,3,3,3,3,3,Standard,Standard,228,-0.016,0.085,,,,,-0.085,,0,0,0.492,0.508,31,29,32,29,1,3,1,1,2,1,1.26,0.86,0.86,20.7,,,,,
FF,2026-06-25,94.8,-2.33,5.35,"Williams, Devin",663538,642207,,ball,,,,,11,,R,R,R,NYM,CHC,B,,,0,0,2026,-1.03,1.19,-0.11152235620779494,4.0285714683428,,,,0,9,Top,,,,,,,8.218698946164542,-137.89232960993664,-0.3642815223031064,-14.88315351322184,29.72675687806443,-17.085188742978723,3.185777559,1.607775591,,,,96.9,2387,7.4,823612,682626,676572,683146,666182,677595,676724,805999,701807,53.05,,,,,,,,71,1,4-Seam Fastball,3,3,3,3,3,3,3,3,Standard,Standard,234,-0.008,0.046,,,,,-0.046,,0,0,0.5,0.5,31,29,32,29,1,3,1,1,2,1,1.34,1.03,1.03,20.9,,,,,
CH,2026-06-24,84.2,-2.4,5.13,"Williams, Devin",691718,642207,field_out,hit_into_play,,,,,1,Pete Crow-Armstrong pops out to shortstop Francisco Lindor.,R,L,R,NYM,CHC,X,6,popup,0,1,2026,-1.71,-0.09,-0.5301239428325439,2.963698569570396,,621020,,2,9,Top,92.52,139.52,,,,,7.857284207219583,-122.44306371733069,1.7421313159087033,-18.706658546233815,23.06613009503904,-33.681228641969376,3.202452428,1.616190945,186,94.9,61,85.7,2645,7.2,823611,682626,668901,543760,666182,596019,669004,805999,701807,53.31,0.014,0.014,0,1,0,0,3,79,2,Changeup,5,10,10,5,10,5,10,5,Standard,Standard,279,0.001,-0.238,76.6,7.1,,0.021,0.238,94.9,-5,5,0.007,0.993,31,24,32,24,1,5,6,0,1,1,3.3,1.71,-1.71,13.1,15.381004637250198,2.6713963670124716,30.487814518296087,38.34005344202053,34.79663118333937
CH,2026-06-24,82.4,-2.34,5.2,"Williams, Devin",691718,642207,,called_strike,,,,,8,,R,L,R,NYM,CHC,S,,,0,0,2026,-1.64,-0.25,0.09194028592602499,1.9825472221029972,,,621020,2,9,Top,,,,,,,8.853233943881461,-119.72521424398886,-0.08882861290980104,-17.452977847232898,21.925249993342053,-34.74590322493183,3.202452428,1.616190945,,,,84.1,2577,7.3,823611,682626,668901,543760,666182,596019,669004,805999,701807,53.16,,,,,,,,79,1,Changeup,5,10,10,5,10,5,10,5,Infield shade,Standard,280,0,-0.044,,,,,0.044,,-5,5,0.007,0.993,31,24,32,24,1,5,6,0,1,1,3.6,1.64,-1.64,16.2,,,,,
FF,2026-06-24,94.6,-2.35,5.22,"Williams, Devin",621020,642207,single,hit_into_play,,,,,6,Dansby Swanson singles on a line drive to left fielder MJ Melendez. Carson Kelly scores. Pedro Ramírez scores.,R,R,R,NYM,CHC,X,7,line_drive,2,1,2026,-1.3,1.19,0.5471739900581161,2.6572929578063134,608348,699393,,2,9,Top,97.56,92.28,,,,,10.623826507989456,-137.33947862184957,-3.5947407299940437,-18.790815911799903,28.65295254981249,-16.484908800010615,3.218249672,1.624163386,173,99.1,10,96.7,2437,7.5,823611,682626,668901,543760,666182,596019,669004,805999,701807,53.01,0.777,0.736,0.9,1,1,0,4,78,4,4-Seam Fastball,5,8,8,5,10,5,10,5,Standard,Standard,231,-0.027,0.763,69.9,7.5,,0.907,-0.763,99.1,-3,3,0.034,0.966,31,32,32,32,1,4,6,0,1,1,1.36,1.3,1.3,18.8,12.372532851052311,5.010587969368239,29.418329657990366,42.34835335018215,29.256863772677463
CH,2026-06-24,82.9,-2.43,5.14,"Williams, Devin",621020,642207,,called_strike,,,,,9,,R,R,R,NYM,CHC,S,,,2,0,2026,-1.81,-0.34,0.4493148614623841,1.7035559153743671,608348,699393,,2,9,Top,,,,,,,10.257410996675482,-120.35857616403446,-0.4427221023543808,-19.57569362006184,22.93893626532527,-35.6577444568244,3.218249672,1.624163386,,,,84.3,2929,7.3,823611,682626,668901,543760,666182,596019,669004,805999,701807,53.23,,,,,,,,78,3,Changeup,5,8,8,5,8,5,8,5,Standard,Standard,281,0.001,-0.048,,,,,0.048,,-3,3,0.033,0.967,31,32,32,32,1,4,6,0,1,1,3.67,1.81,1.81,11.7,,,,,
CH,2026-06-24,83.7,-2.34,5.1,"Williams, Devin",621020,642207,,ball,,,,,14,,R,R,R,NYM,CHC,B,,,1,0,2026,-1.72,-0.28,0.8610400086617638,1.1921230044181135,608348,699393,,2,9,Top,,,,,,,10.91722325540017,-121.40971139489972,-1.793253501964259,-19.13513000179782,22.878241685560596,-34.825110844584245,3.218249672,1.624163386,,,,85.1,2800,7.3,823611,682626,668901,543760,666182,596019,669004,805999,701807,53.21,,,,,,,,78,2,Changeup,5,8,8,5,8,5,8,5,Standard,Standard,277,-0.001,0.011,,,,,-0.011,,-3,3,0.034,0.966,31,32,32,32,1,4,6,0,1,1,3.55,1.72,1.72,12.2,,,,,
FF,2026-06-24,95.1,-2.4,5.36,"Williams, Devin",621020,642207,,ball,,,,,11,,R,R,R,NYM,CHC,B,,,0,0,2026,-1.21,1.24,-1.362441922043228,3.762020923476455,608348,,699393,2,9,Top,,,,,,,5.577360147180842,-138.4602527709814,-1.2160394044074705,-16.818942438486708,31.233645681030563,-16.220468557808278,3.218249672,1.624163386,,,,97.1,2488,7.4,823611,682626,668901,543760,666182,596019,669004,805999,701807,53.11,,,,,,,,78,1,4-Seam Fastball,5,8,8,5,8,5,8,5,Standard,Standard,226,0,0.024,,,,,-0.024,,-3,3,0.034,0.966,31,32,32,32,1,4,6,0,1,1,1.28,1.21,1.21,23.5,,,,,
CH,2026-06-24,84.1,-2.27,5.16,"Williams, Devin",699393,642207,single,hit_into_play,,,,,8,Pedro Ramírez singles on a pop up to right fielder Carson Benge. Nico Hoerner scores. Carson Kelly to 3rd.,R,L,R,NYM,CHC,X,9,popup,0,0,2026,-1.87,-0.33,-0.15443034720893545,1.5726835828933075,663538,,608348,2,9,Top,174.93,134.22,,,,,8.764296016676713,-122.26364133611307,-1.059923439401266,-20.477309355327957,23.308441871192212,-35.494768530358115,3.088361221,1.558612205,203,68.5,45,85.5,2827,7.2,823611,682626,668901,543760,666182,596019,669004,805999,701807,53.32,0.3,0.29,0.9,1,1,0,3,77,1,Changeup,5,7,7,5,8,5,8,5,Infield shade,Standard,276,-0.042,0.616,74.9,8.3,,0.366,-0.616,88.0,-2,2,0.076,0.924,31,22,32,22,1,4,6,0,1,1,3.55,1.87,-1.87,13.3,14.086932854986483,-21.670544215262655,29.78129785961953,34.080221648644546,45.626482741461
FF,2026-06-24,94.4,-2.39,5.26,"Williams, Devin",608348,642207,field_error,hit_into_play,,,,,6,Carson Kelly reaches on a fielding error by first baseman Mark Vientos. Nico Hoerner to 3rd.,R,R,R,NYM,CHC,X,3,ground_ball,0,2,2026,-1.2,1.26,0.5677555691148628,2.5055245515837896,,663538,,2,9,Top,140.66,169.92,,,,,10.571131145304946,-137.07369055343898,-4.20169434955934,-17.433896667822474,30.834768878146047,-15.556350663824167,3.257742782,1.644094488,27,102.6,-4,96.6,2347,7.7,823611,682626,668901,543760,666182,596019,669004,805999,701807,52.82,0.335,0.302,0.9,1,0,0,2,76,3,4-Seam Fastball,5,7,7,5,7,5,7,5,Standard,Standard,233,-0.011,0.619,68.0,5.7,,0.372,-0.619,102.6,-2,2,0.087,0.913,31,31,32,32,1,4,6,1,1,1,1.32,1.2,1.2,21.4,-5.419704104425055,29.437834748620308,32.375805290870545,43.822903961124595,12.97324350932631
CH,2026-06-24,83.6,-2.42,5.1,"Williams, Devin",608348,642207,,foul,,,,,8,,R,R,R,NYM,CHC,S,,,0,1,2026,-1.83,-0.37,0.19645439954109922,1.7570428068737516,,663538,,2,9,Top,,,,,,,9.793835488954834,-121.24143817169184,-0.21754518392414335,-19.987491164493314,25.33711774257323,-36.012513819868296,3.257742782,1.644094488,1,37.1,-70,84.7,2718,7.4,823611,682626,668901,543760,666182,596019,669004,805999,701807,53.14,,,,,,,,76,2,Changeup,5,7,7,5,7,5,7,5,Standard,Standard,282,0.004,-0.055,69.7,8.0,,,0.055,88.0,-2,2,0.083,0.917,31,31,32,32,1,4,6,1,1,1,3.67,1.83,1.83,13.8,25.170558080213695,-20.362745162533344,33.13838673727354,39.323010804524465,41.79921363636405
CH,2026-06-24,84.7,-2.43,5.12,"Williams, Devin",608348,642207,,foul,,,,,7,,R,R,R,NYM,CHC,S,,,0,0,2026,-1.99,-0.03,-0.7514925824035639,1.7070883291498173,,663538,,2,9,Top,,,,,,,8.07217587052812,-123.05259657280993,-1.3028088952426817,-21.858388233250775,25.08152066761811,-32.4550678711769,3.257742782,1.644094488,17,87,-4,86.2,2760,7.4,823611,682626,668901,543760,666182,596019,669004,805999,701807,53.11,,,,,,,,76,1,Changeup,5,7,7,5,7,5,7,5,Standard,Standard,279,0.002,-0.038,77.1,7.9,,,0.038,88.0,-2,2,0.081,0.919,31,31,32,32,1,4,6,1,1,1,3.23,1.99,1.99,12.4,19.84840068259747,-29.035571471006353,39.99403756223338,29.661148258159635,39.42285422721518
FF,2026-06-24,94.2,-2.24,5.28,"Williams, Devin",663538,642207,double,hit_into_play,,,,,6,Nico Hoerner doubles (21) on a line drive to right fielder Carson Benge.,R,R,R,NYM,CHC,X,9,line_drive,2,0,2026,-1.18,1.15,0.6785962119494653,2.4221687695791276,,,,2,9,Top,208.72,95.83,,,,,10.415389354184093,-136.75271393051665,-4.217406647668961,-17.074989175971467,28.553233195633755,-16.958439646787514,3.185777559,1.607775591,326,97.5,20,96.7,2301,7.7,823611,682626,668901,543760,666182,596019,669004,805999,701807,52.77,0.286,0.34,1.25,1,1,1,4,75,3,4-Seam Fastball,5,7,7,5,7,5,7,5,Standard,Standard,235,-0.008,0.434,75.5,7.2,,0.543,-0.434,97.5,-2,2,0.089,0.911,31,29,32,29,1,4,6,0,1,1,1.42,1.18,1.18,19.2,0.9974209812768275,10.871985819754904,28.171728708862034,45.41314433904701,17.783500081415202
FC,2026-06-24,90.4,-2.49,5.43,"Williams, Devin",663538,642207,,ball,,,,,14,,R,R,R,NYM,CHC,B,,,1,0,2026,-0.08,1.08,0.4549498113249646,1.2037596664100132,,,,2,9,Top,,,,,,,7.550816884678835,-131.39153262856297,-6.8680015356477195,-2.3094729298614785,24.468699163067,-18.422796657879424,3.185777559,1.607775591,,,,92.7,2318,7.4,823611,682626,668901,543760,666182,596019,669004,805999,701807,53.06,,,,,,,,75,2,Cutter,5,7,7,5,7,5,7,5,Standard,Standard,221,-0.001,0.063,,,,,-0.063,,-2,2,0.09,0.91,31,29,32,29,1,4,6,0,1,1,1.69,0.08,0.08,22.8,,,,,
FF,2026-06-24,94.1,-2.33,5.3,"Williams, Devin",663538,642207,,ball,,,,,11,,R,R,R,NYM,CHC,B,,,0,0,2026,-1.29,1.1,-0.3876228031288975,3.9449466581999926,,,,2,9,Top,,,,,,,8.104761491325203,-136.85173200488572,-0.15159681078400672,-18.017006813511713,28.487996232285546,-18.423507478498987,3.185777559,1.607775591,,,,96.6,2359,7.6,823611,682626,668901,543760,666182,596019,669004,805999,701807,52.88,,,,,,,,75,1,4-Seam Fastball,5,7,7,5,7,5,7,5,Standard,Standard,234,0,0.041,,,,,-0.041,,-2,2,0.09,0.91,31,29,32,29,1,4,6,0,1,1,1.46,1.29,1.29,20.9,,,,,
CH,2026-06-24,83.2,-2.36,5.21,"Williams, Devin",683737,642207,strikeout,foul_tip,,,,,4,Michael Busch strikes out on a foul tip.,R,L,R,NYM,CHC,S,2,,2,2,2026,-1.7,-0.23,-0.5691093820281148,2.231463242293073,,,,1,9,Top,,,,,,,7.556305572435546,-120.93151080088508,0.30180930585050114,-18.13348958200797,22.462912394300222,-34.7268243524461,3.166469816,1.598031496,,,,84.6,2752,7.2,823611,682626,668901,543760,666182,596019,669004,805999,701807,53.35,,0,0,1,0,0,,74,5,Changeup,5,7,7,5,7,5,7,5,Infield shade,Standard,279,0.005,-0.238,72.9,7.6,,,0.238,,-2,2,0.085,0.915,31,28,32,29,1,4,6,0,1,1,3.52,1.7,-1.7,13.7,24.165704545129778,-18.326662284883874,31.786927271096292,41.14853367923456,46.35002804405481
FF,2026-06-24,95.5,-2.34,5.24,"Williams, Devin",683737,642207,,ball,,,,,12,,R,L,R,NYM,CHC,B,,,1,2,2026,-1.19,1.09,0.14474945017451724,3.936015105844694,,,,1,9,Top,,,,,,,9.440555670310747,-138.86257991895684,-0.18386850463828647,-17.519234489623766,29.412002152948666,-18.164986599678304,3.166469816,1.598031496,,,,98.1,2412,7.7,823611,682626,668901,543760,666182,596019,669004,805999,701807,52.83,,,,,,,,74,4,4-Seam Fastball,5,7,7,5,7,5,7,5,Infield shade,Standard,232,-0.001,0.057,,,,,-0.057,,-2,2,0.086,0.914,31,28,32,29,1,4,6,0,1,1,1.4,1.19,-1.19,20.2,,,,,
CH,2026-06-24,81.8,-2.36,5.15,"Williams, Devin",683737,642207,,called_strike,,,,,9,,R,L,R,NYM,CHC,S,,,1,1,2026,-1.7,-0.33,0.6663751834800928,1.799701130484868,,,,1,9,Top,,,,,,,10.27116195427517,-118.72174608169108,-0.08200405172327208,-18.039832288233313,21.915088210318288,-35.55765977056348,3.166469816,1.598031496,,,,83.4,2728,7.4,823611,682626,668901,543760,666182,596019,669004,805999,701807,53.11,,,,,,,,74,3,Changeup,5,7,7,5,7,5,7,5,Infield shade,Standard,285,0.002,-0.074,,,,,0.074,,-2,2,0.084,0.916,31,28,32,29,1,4,6,0,1,1,3.75,1.7,-1.7,12.4,,,,,
CH,2026-06-24,82.7,-2.41,5.11,"Williams, Devin",683737,642207,,ball,,,,,14,,R,L,R,NYM,CHC,B,,,0,1,2026,-1.68,-0.15,0.5978450324972593,0.9731896029530631,,,,1,9,Top,,,,,,,10.280078054996743,-120.00021579965541,-2.4370257195039864,-18.21500097394454,21.700382627729958,-33.37243992766456,3.166469816,1.598031496,,,,84.2,2639,7.3,823611,682626,668901,543760,666182,596019,669004,805999,701807,53.23,,,,,,,,74,2,Changeup,5,7,7,5,7,5,7,5,Infield shade,Standard,277,-0.001,0.034,,,,,-0.034,,-2,2,0.085,0.915,31,28,32,29,1,4,6,0,1,1,3.48,1.68,-1.68,10.8,,,,,
CH,2026-06-24,81.6,-2.44,5.15,"Williams, Devin",683737,642207,,called_strike,,,,,7,,R,L,R,NYM,CHC,S,,,0,0,2026,-1.56,-0.46,-0.6554397524824365,1.776424304721305,,,,1,9,Top,,,,,,,7.134989237396065,-118.74190316503507,0.10024568984642435,-16.142641996804212,21.4354849426,-36.80825809345087,3.166469816,1.598031496,,,,83.1,2639,7.2,823611,682626,668901,543760,666182,596019,669004,805999,701807,53.32,,,,,,,,74,1,Changeup,5,7,7,5,7,5,7,5,Infield shade,Standard,284,0.001,-0.043,,,,,0.043,,-2,2,0.084,0.916,31,28,32,29,1,4,6,0,1,1,3.87,1.56,-1.56,11.2,,,,,
CH,2026-06-24,83.8,-2.35,5.16,"Williams, Devin",608324,642207,field_out,hit_into_play,,,,,6,"Alex Bregman grounds out, third baseman Bo Bichette to first baseman Mark Vientos.",R,R,R,NYM,CHC,X,5,ground_ball,1,2,2026,-1.55,-0.35,0.5115933606929766,2.0828856297119356,,,,0,9,Top,103,166,,,,,9.820075877004662,-121.65178904837371,0.3025841535241778,-17.354845946110668,24.613250733091263,-35.94910665685391,3.126099081,1.57765748,13,90,-9,85.1,2669,7.3,823611,682626,668901,543760,666182,596019,669004,805999,701807,53.16,0.15,0.141,0,1,0,0,2,73,4,Changeup,5,7,7,5,7,5,7,5,Strategic,Standard,284,0.006,-0.19,71.0,7.4,,0.173,0.19,90.0,-2,2,0.078,0.922,31,32,32,32,1,4,6,1,1,1,3.62,1.55,1.55,12.8,15.138165337958714,-14.638559218487778,25.795785067795208,35.559576589791675,41.250703512476484
FF,2026-06-24,94.4,-2.31,5.24,"Williams, Devin",608324,642207,,foul,,,,,14,,R,R,R,NYM,CHC,S,,,1,1,2026,-1.15,1.2,0.9934839699313578,2.05272509833791,,,,0,9,Top,,,,,,,11.309646981814788,-136.99906640915458,-5.216395227384275,-16.942871739754473,28.174471795622946,-16.08045178109292,3.126099081,1.57765748,133,78.8,11,96.5,2381,7.5,823611,682626,668901,543760,666182,596019,669004,805999,701807,53.03,,,,,,,,73,3,4-Seam Fastball,5,7,7,5,7,5,7,5,Strategic,Standard,234,0.002,-0.062,67.0,6.6,,,0.062,88.0,-2,2,0.076,0.924,31,32,32,32,1,4,6,1,1,1,1.36,1.15,1.15,18.3,-0.16370259828207295,17.060071428949712,29.787646624507264,42.06533576242653,17.838363505042143
FF,2026-06-24,93.9,-2.31,5.27,"Williams, Devin",608324,642207,,called_strike,,,,,6,,R,R,R,NYM,CHC,S,,,1,0,2026,-1.31,1.08,0.8095997792921974,2.2293704421955667,,,,0,9,Top,,,,,,,11.095808721670116,-136.33118571765337,-4.460036525665663,-18.64614114902978,28.022697130385737,-17.82051743099825,3.126099081,1.57765748,,,,95.7,2410,7.3,823611,682626,668901,543760,666182,596019,669004,805999,701807,53.18,,,,,,,,73,2,4-Seam Fastball,5,7,7,5,7,5,7,5,Strategic,Standard,238,0.001,-0.058,,,,,0.058,,-2,2,0.075,0.925,31,32,32,32,1,4,6,1,1,1,1.5,1.31,1.31,19.5,,,,,
FF,2026-06-24,94.1,-2.36,5.36,"Williams, Devin",608324,642207,,ball,,,,,12,,R,R,R,NYM,CHC,B,,,0,0,2026,-1.15,1.03,0.5643165369339216,3.815944859502851,,,,0,9,Top,,,,,,,10.281312201588609,-136.79910856765417,-0.491726254964488,-16.602212343096607,27.6987555339259,-19.26561856281783,3.126099081,1.57765748,,,,96.3,2318,7.4,823611,682626,668901,543760,666182,596019,669004,805999,701807,53.06,,,,,,,,73,1,4-Seam Fastball,5,7,7,5,7,5,7,5,Strategic,Standard,233,-0.001,0.046,,,,,-0.046,,-2,2,0.076,0.924,31,32,32,32,1,4,6,1,1,1,1.53,1.15,1.15,21.3,,,,,
FF,2026-06-18,95.1,-2.5,5.29,"Williams, Devin",656941,642207,field_out,hit_into_play,,,,,4,Kyle Schwarber lines out sharply to right fielder Brett Baty.,R,L,R,PHI,NYM,X,9,line_drive,2,2,2026,-0.81,1.63,-0.4821432763312832,2.474371246537264,,687282,702222,2,9,Bot,190.26,101.61,,,,,7.1676909222767,-138.32216616277262,-5.3511206979929975,-11.91303074105671,29.641388857444575,-10.22854194787647,3.180511811,1.60511811,289,104.6,16,96.8,2482,7.2,823448,682626,668901,543760,666182,670097,665742,701807,683146,53.29,0.551,0.641,0,1,0,0,5,79,5,4-Seam Fastball,4,6,4,6,6,4,4,6,Standard,Standard,235,-0.094,-0.225,77.5,7.5,,0.968,0.225,104.6,-2,-2,0.094,0.094,31,33,32,33,1,4,6,1,6,2,0.89,0.81,-0.81,19.1,14.441173224536463,-7.287961265603982,28.576711449515546,39.872020757483284,34.38137467244424
FF,2026-06-18,94.7,-2.37,5.24,"Williams, Devin",656941,642207,,ball,,,,,11,,R,L,R,PHI,NYM,B,,,1,2,2026,-0.66,1.57,-0.8906066545586202,3.3367853016191775,,687282,702222,2,9,Bot,,,,,,,5.430996120484331,-137.8937562900361,-2.7779518672343064,-9.658436757741043,29.249370816380992,-11.636758665500146,3.180511811,1.60511811,,,,96.9,2423,7.4,823448,682626,668901,543760,666182,670097,665742,701807,683146,53.1,,,,,,,,79,4,4-Seam Fastball,4,6,4,6,6,4,4,6,Standard,Standard,233,0.003,0.004,,,,,-0.004,,-2,-2,0.091,0.091,31,33,32,33,1,4,6,1,6,2,0.96,0.66,-0.66,20.5,,,,,
CH,2026-06-18,84.2,-2.41,5.15,"Williams, Devin",656941,642207,,ball,,,,,13,,R,L,R,PHI,NYM,B,,,0,2,2026,-1.81,-0.1,-0.7420345180444932,0.6011645360842612,,687282,702222,2,9,Bot,,,,,,,7.584201249056543,-122.4672927351466,-3.7980530861351687,-19.71262141123596,22.62240817327623,-32.67647769241762,3.180511811,1.60511811,,,,85.6,2592,7,823448,682626,668901,543760,666182,670097,665742,701807,683146,53.46,,,,,,,,79,3,Changeup,4,6,4,6,6,4,4,6,Standard,Standard,273,0.002,0.019,,,,,-0.019,,-2,-2,0.089,0.089,31,33,32,33,1,4,6,1,6,2,3.3,1.81,-1.81,13.5,,,,,
FF,2026-06-18,94.6,-2.36,5.33,"Williams, Devin",656941,642207,,foul,,,,,4,,R,L,R,PHI,NYM,S,,,0,1,2026,-1.11,1.17,-0.7904729390192187,2.186625345049918,,687282,702222,2,9,Bot,,,,,,,6.705261439913534,-137.5686832151971,-5.075814965060392,-15.597444512506216,28.92262761462396,-16.355879090968507,3.180511811,1.60511811,,,,96.7,2428,7.4,823448,682626,668901,543760,666182,670097,665742,701807,683146,53.08,,,,,,,,79,2,4-Seam Fastball,4,6,4,6,6,4,4,6,Standard,Standard,232,-0.005,-0.053,80.5,7.5,,,0.053,,-2,-2,0.094,0.094,31,33,32,33,1,4,6,1,6,2,1.37,1.11,-1.11,22.0,13.009406989998379,0.6560038270626783,26.978970804121083,42.56869899870343,29.651427739645477
FF,2026-06-18,95,-2.35,5.24,"Williams, Devin",656941,642207,,called_strike,,,,,6,,R,L,R,PHI,NYM,S,,,0,0,2026,-1.21,1.15,0.7712432001617995,2.3755628510757854,,687282,702222,2,9,Bot,,,,,,,11.010830536825956,-137.96628785365084,-4.367274063439448,-17.849003148486354,29.11030785326941,-16.587966300736085,3.180511811,1.60511811,,,,96.7,2341,7.2,823448,682626,668901,543760,666182,670097,665742,701807,683146,53.25,,,,,,,,79,1,4-Seam Fastball,4,6,4,6,6,4,4,6,Standard,Standard,231,-0.003,-0.031,,,,,0.031,,-2,-2,0.097,0.097,31,33,32,33,1,4,6,1,6,2,1.37,1.21,-1.21,19.7,,,,,
CH,2026-06-18,83.9,-2.49,5.1,"Williams, Devin",702222,642207,single,hit_into_play,,,,,13,Justin Crawford singles on a line drive to center fielder Carson Benge. J.T. Realmuto scores. Gabriel Rincones Jr. to 2nd.,R,L,R,PHI,NYM,X,8,line_drive,0,1,2026,-1.87,-0.01,-1.3898121242335881,1.6116787414429883,592663,,687282,2,9,Bot,118.66,103.85,,,,,6.381686274348962,-122.0123161083646,-1.4208251735835562,-19.97132520239108,23.820505816731607,-32.201579326192224,3.278805774,1.654724409,196,83.4,12,85,2737,7,823448,682626,668901,543760,666182,670097,665742,701807,683146,53.47,0.531,0.483,0.9,1,1,0,4,78,2,Changeup,3,6,3,6,6,4,4,6,Standard,Standard,275,0.052,0.652,65.7,8.0,,0.58,-0.652,88.0,-3,-3,0.045,0.045,31,22,32,22,1,3,6,1,6,2,3.25,1.87,-1.87,11.6,2.188366915211261,5.816823623241535,26.290035286727704,54.21073579764372,24.96551570838642
FF,2026-06-18,93.9,-2.45,5.33,"Williams, Devin",702222,642207,,foul,,,,,11,,R,L,R,PHI,NYM,S,,,0,0,2026,-1.21,1.12,-0.8986037588972073,2.568536486372902,592663,,687282,2,9,Bot,,,,,,,6.785223272529539,-136.6672676355258,-3.8246256283870284,-16.612031318936065,28.890740853987722,-17.47992161754607,3.278805774,1.654724409,256,88.2,17,95.5,2479,7.1,823448,682626,668901,543760,666182,670097,665742,701807,683146,53.38,,,,,,,,78,1,4-Seam Fastball,3,6,3,6,6,3,3,6,Standard,Standard,233,-0.002,-0.036,69.0,6.9,,,0.036,88.2,-3,-3,0.047,0.047,31,22,32,22,1,3,6,1,6,2,1.46,1.21,-1.21,20.0,0.815070053188228,23.07503499064884,25.96990158386046,51.07224388927699,12.479372722073546
CH,2026-06-18,84.3,-2.45,5.2,"Williams, Devin",687282,642207,field_error,hit_into_play,,,,,13,Gabriel Rincones Jr. reaches on a throwing error by third baseman Bo Bichette. J.T. Realmuto to 3rd.,R,L,R,PHI,NYM,X,5,ground_ball,0,2,2026,-1.64,-0.33,-1.248822060819207,1.9332941399316295,,592663,,2,9,Bot,107.5,153.71,,,,,6.167727973863987,-122.58960342580811,-0.3000373051802675,-17.802794419162094,25.306034390361006,-35.648996721940094,3.331463255,1.681299213,4,67.5,-24,85.2,2620,7,823448,682626,668901,543760,666182,670097,665742,701807,683146,53.46,0.03,0.027,0.9,1,0,0,2,77,3,Changeup,3,6,3,6,6,3,3,6,Standard,Standard,282,0.031,0.619,66.4,6.7,,0.03,-0.619,88.0,-3,-3,0.016,0.016,31,25,32,25,1,0,6,1,6,2,3.55,1.64,-1.64,13.2,-9.11757358261415,20.727278915209382,21.16662681870721,56.609024914031096,17.496395219667235
FF,2026-06-18,94.4,-2.38,5.21,"Williams, Devin",687282,642207,,called_strike,,,,,2,,R,L,R,PHI,NYM,S,,,0,1,2026,-1.09,1.18,-0.1592276113888611,2.8402860915577746,,592663,,2,9,Bot,,,,,,,8.323766102185392,-137.28582995539614,-3.033827552932172,-15.589804161694355,29.715752242362008,-16.763706977440854,3.331463255,1.681299213,,,,96.3,2307,7.3,823448,682626,668901,543760,666182,670097,665742,701807,683146,53.15,,,,,,,,77,2,4-Seam Fastball,3,6,3,6,6,3,3,6,Standard,Standard,234,0,-0.055,,,,,0.055,,-3,-3,0.016,0.016,31,25,32,25,1,0,6,1,6,2,1.38,1.09,-1.09,19.7,,,,,
FF,2026-06-18,93.9,-2.37,5.34,"Williams, Devin",687282,642207,,swinging_strike,,,,,2,,R,L,R,PHI,NYM,S,,,0,0,2026,-0.84,1.4,0.27592215642025497,3.061267190704977,,,592663,2,9,Bot,,,,,,,8.820636356576305,-136.46087564353127,-3.210210144854486,-12.43114003707025,28.22596374586776,-14.14305130023039,3.331463255,1.681299213,,,,95.8,2272,7.3,823448,682626,668901,543760,666182,670097,665742,701807,683146,53.19,,,,,,,,77,1,4-Seam Fastball,3,6,3,6,6,3,3,6,Standard,Standard,226,0.001,-0.044,75.5,5.9,0.280116144,,0.044,,-3,-3,0.015,0.015,31,25,32,25,1,0,6,1,6,2,1.18,0.84,-0.84,22.0,-4.42092141914092,12.29821556651853,26.110132686187683,37.51509804080223,24.152009084941042
CH,2026-06-18,84.5,-2.37,5.13,"Williams, Devin",592663,642207,force_out,hit_into_play,,,,,14,"J.T. Realmuto grounds into a force out, shortstop Zack Short to second baseman Marcus Semien. Bryson Stott out at 2nd. J.T. Realmuto to 1st.",R,R,R,PHI,NYM,X,6,ground_ball,0,2,2026,-1.7,-0.22,0.9633892247171296,1.674569335177594,,,681082,1,9,Bot,116.63,145.43,,,,,11.255459325025043,-122.58285000285552,-1.0142682075322196,-19.303518089087177,23.225561163723974,-34.383475808310955,3.199819554,1.614862205,119,82.6,8,85.8,2653,7.2,823448,682626,668901,543760,666182,670097,665742,701807,683146,53.31,0.409,0.369,0,1,0,0,4,76,3,Changeup,3,6,3,6,6,3,3,6,Standard,Standard,279,-0.019,-0.225,66.7,8.3,,0.445,0.225,88.0,-3,-3,0.034,0.034,31,35,32,35,1,3,6,2,6,2,3.42,1.7,1.7,11.9,15.428642178140567,-3.346992780946576,36.033628426446676,48.19424756284743,30.7633380367136
CH,2026-06-18,83.9,-2.42,5.11,"Williams, Devin",592663,642207,,swinging_strike,,,,,8,,R,R,R,PHI,NYM,S,,,0,1,2026,-1.65,-0.21,0.2746105234688594,1.9041917251200169,,,681082,1,9,Bot,,,,,,,9.607541601333905,-121.84368809584834,-0.34769136655983424,-18.305007374360994,23.23313241264568,-34.426166592647164,3.199819554,1.614862205,,,,85.1,2528,7.1,823448,682626,668901,543760,666182,670097,665742,701807,683146,53.41,,,,,,,,76,2,Changeup,3,6,3,6,6,3,3,6,Standard,Standard,279,-0.007,-0.054,76.2,8.3,2.012131188,,0.054,,-3,-3,0.041,0.041,31,35,32,35,1,3,6,2,6,2,3.45,1.65,1.65,9.8,28.185019090799244,-23.139443035436784,31.590684479868226,39.35688470641776,44.58617518851699
CH,2026-06-18,84.9,-2.41,5.12,"Williams, Devin",592663,642207,,swinging_strike,,,,,9,,R,R,R,PHI,NYM,S,,,0,0,2026,-1.8,-0.18,0.7444040528784159,1.5603639429533702,,,681082,1,9,Bot,,,,,,,11.111515251889342,-123.22969461688362,-1.426640489555272,-20.448147311766697,22.368991477741062,-33.99686078613132,3.199819554,1.614862205,,,,86.4,2546,7.2,823448,682626,668901,543760,666182,670097,665742,701807,683146,53.29,,,,,,,,76,1,Changeup,3,6,3,6,6,3,3,6,Standard,Standard,275,-0.005,-0.041,74.1,8.2,3.248547744,,0.041,,-3,-3,0.046,0.046,31,35,32,35,1,3,6,2,6,2,3.34,1.8,1.8,12.4,24.565353253756882,-12.817408691032583,31.744178228272183,44.417952497251676,40.97144702198035
FF,2026-06-18,94.7,-2.5,5.35,"Williams, Devin",681082,642207,walk,ball,,,,,11,Bryson Stott walks.,R,L,R,PHI,NYM,B,,,3,2,2026,-1.21,1.32,-1.350420644020708,3.35982524714154,,,,1,9,Bot,,,,,,,5.836010011279708,-137.94313109911604,-2.4482160899999057,-16.69483631694553,28.25199082518398,-14.954819176634123,3.225270669,1.627706693,,,,97.1,2420,7.4,823448,682626,668901,543760,666182,670097,665742,701807,683146,53.09,,0.698841,0.7,1,0,0,,75,7,4-Seam Fastball,3,6,3,6,6,3,3,6,Infield shade,Standard,232,0.024,0.339,,,,,-0.339,,-3,-3,0.022,0.022,31,28,32,29,1,3,6,1,6,2,1.2,1.21,-1.21,22.0,,,,,
FF,2026-06-18,94.6,-2.47,5.29,"Williams, Devin",681082,642207,,foul,,,,,2,,R,L,R,PHI,NYM,S,,,3,2,2026,-1.16,1.22,0.2049512477694957,2.7536290694661636,,,,1,9,Bot,,,,,,,9.708288591759496,-137.51048055891525,-3.6034353866557933,-16.79983173570579,28.943226794407437,-16.045058658488937,3.225270669,1.627706693,216,73.9,49,96.7,2347,7.4,823448,682626,668901,543760,666182,670097,665742,701807,683146,53.1,,,,,,,,75,6,4-Seam Fastball,3,6,3,6,6,3,3,6,Infield shade,Standard,232,0,0,69.7,6.4,,,0,88.0,-3,-3,0.022,0.022,31,28,32,29,1,3,6,1,6,2,1.32,1.16,-1.16,22.1,8.051150386514896,12.811619053505924,30.797135238920635,30.95108622563827,28.53256932439038
FF,2026-06-18,95.3,-2.43,5.27,"Williams, Devin",681082,642207,,foul,,,,,6,,R,L,R,PHI,NYM,S,,,3,1,2026,-1.15,1.19,0.6781520042279021,2.225398334763141,,,,1,9,Bot,,,,,,,10.893445223298368,-138.3746954376563,-4.97207041679541,-17.16626735484713,29.720740123465404,-15.841521338528104,3.225270669,1.627706693,199,70.3,25,97.1,2424,7.3,823448,682626,668901,543760,666182,670097,665742,701807,683146,53.16,,,,,,,,75,5,4-Seam Fastball,3,6,3,6,6,3,3,6,Standard,Standard,235,-0.007,-0.087,72.3,7.3,,,0.087,88.0,-3,-3,0.029,0.029,31,28,32,29,1,3,6,1,6,2,1.32,1.15,-1.15,18.9,1.4956892112114024,-5.742899692536375,40.04583015576737,26.174374740913393,28.464352091511774
CH,2026-06-18,83.4,-2.44,5.15,"Williams, Devin",681082,642207,,ball,,,,,13,,R,L,R,PHI,NYM,B,,,2,1,2026,-1.74,-0.31,-0.646940148167575,1.079543331128769,,,,1,9,Bot,,,,,,,7.6534809606818826,-121.29163151841462,-2.0831388533485455,-18.662057737859108,23.606379350464373,-35.00954982571414,3.225270669,1.627706693,,,,84.4,2681,7,823448,682626,668901,543760,666182,670097,665742,701807,683146,53.53,,,,,,,,75,4,Changeup,3,6,3,6,6,3,3,6,Standard,Standard,282,0.008,0.126,,,,,-0.126,,-3,-3,0.021,0.021,31,28,32,29,1,3,6,1,6,2,3.59,1.74,-1.74,11.1,,,,,
FF,2026-06-18,94.5,-2.39,5.23,"Williams, Devin",681082,642207,,ball,,,,,11,,R,L,R,PHI,NYM,B,,,1,1,2026,-1.03,1.2,-0.11197101317110092,3.869715742814389,,,,1,9,Bot,,,,,,,8.34348906975516,-137.4535265385549,-0.4735790631426093,-14.808078766082884,28.722277821525097,-16.96794664675739,3.225270669,1.627706693,,,,96.4,2426,7.3,823448,682626,668901,543760,666182,670097,665742,701807,683146,53.25,,,,,,,,75,3,4-Seam Fastball,3,6,3,6,6,3,3,6,Standard,Standard,234,0.004,0.057,,,,,-0.057,,-3,-3,0.017,0.017,31,28,32,29,1,3,6,1,6,2,1.34,1.03,-1.03,18.2,,,,,
FF,2026-06-18,95.4,-2.42,5.3,"Williams, Devin",681082,642207,,called_strike,,,,,9,,R,L,R,PHI,NYM,S,,,1,0,2026,-1.14,1.12,0.5169240122682945,2.077569844763998,,,,1,9,Bot,,,,,,,10.414481612977125,-138.4849369658685,-5.296124826516542,-17.006511781153876,29.61882436483933,-16.69805960225323,3.225270669,1.627706693,,,,97.1,2461,7.3,823448,682626,668901,543760,666182,670097,665742,701807,683146,53.18,,,,,,,,75,2,4-Seam Fastball,3,6,3,6,6,3,3,6,Standard,Standard,233,-0.004,-0.051,,,,,0.051,,-3,-3,0.021,0.021,31,28,32,29,1,3,6,1,6,2,1.39,1.14,-1.14,18.4,,,,,
CH,2026-06-18,83.7,-2.38,5.16,"Williams, Devin",681082,642207,,ball,,,,,14,,R,L,R,PHI,NYM,B,,,0,0,2026,-1.75,-0.28,0.021683679898368835,1.0606714634654706,,,,1,9,Bot,,,,,,,9.075141254284842,-121.50706642434045,-2.2314840979464705,-19.067806870850497,23.659120479907283,-34.71416343284398,3.225270669,1.627706693,,,,84.5,2440,6.9,823448,682626,668901,543760,666182,670097,665742,701807,683146,53.56,,,,,,,,75,1,Changeup,3,6,3,6,6,3,3,6,Standard,Standard,276,0.003,0.043,,,,,-0.043,,-3,-3,0.018,0.018,31,28,32,29,1,3,6,1,6,2,3.55,1.75,-1.75,13.2,,,,,
CH,2026-06-18,84.5,-2.53,5.2,"Williams, Devin",624641,642207,strikeout,swinging_strike,,,,,13,Edmundo Sosa strikes out swinging.,R,R,R,PHI,NYM,S,2,,2,2,2026,-1.83,-0.47,-0.2222716010669057,1.287479925322685,,,,0,9,Bot,,,,,,,9.105095776263537,-122.66398722217019,-1.4948080177823098,-20.291809670024094,25.90011521185933,-36.77724947466442,3.186655184,1.608218504,,,,85.1,2715,7,823448,682626,668901,543760,666182,670097,665742,701807,683146,53.53,,0,0,1,0,0,,74,5,Changeup,3,6,3,6,6,3,3,6,Standard,Standard,278,-0.021,-0.238,73.8,8.5,1.228313028,,0.238,,-3,-3,0.039,0.039,31,30,32,30,1,3,6,2,6,3,3.69,1.83,1.83,12.1,17.3981507826349,-23.641810444300937,38.97940128585195,32.18479866619731,46.14888824213527
CH,2026-06-18,84.3,-2.39,5.17,"Williams, Devin",624641,642207,,ball,,,,,14,,R,R,R,PHI,NYM,B,,,1,2,2026,-1.65,-0.44,2.060759102329873,0.8781929808304612,,,,0,9,Bot,,,,,,,13.708254863970334,-122.08595372877778,-2.4625924028036277,-19.156371600486125,22.910620077662067,-36.24658332539338,3.186655184,1.608218504,,,,85.5,2724,7.2,823448,682626,668901,543760,666182,670097,665742,701807,683146,53.31,,,,,,,,74,4,Changeup,3,6,3,6,6,3,3,6,Standard,Standard,277,0.004,0.048,,,,,-0.048,,-3,-3,0.035,0.035,31,30,32,30,1,3,6,2,6,3,3.66,1.65,1.65,12.1,,,,,
CH,2026-06-18,83.4,-2.48,5.19,"Williams, Devin",624641,642207,,swinging_strike,,,,,13,,R,R,R,PHI,NYM,S,,,1,1,2026,-1.77,-0.36,-0.9261342491087889,1.8142607478207973,,,,0,9,Bot,,,,,,,7.170882291050398,-121.31539722162307,-0.37268937640915967,-18.893266053552708,23.523648962826556,-35.85863732620883,3.186655184,1.608218504,,,,84.5,2746,7,823448,682626,668901,543760,666182,670097,665742,701807,683146,53.52,,,,,,,,74,3,Changeup,3,6,3,6,6,3,3,6,Standard,Standard,281,-0.007,-0.062,73.9,8.4,0.932547804,,0.062,,-3,-3,0.042,0.042,31,30,32,30,1,3,6,2,6,3,3.64,1.77,1.77,11.5,16.532647406063067,-23.607230339649657,35.43269653795156,24.71175977663203,43.648677950801456
FF,2026-06-18,93.3,-2.34,5.24,"Williams, Devin",624641,642207,,ball,,,,,14,,R,R,R,PHI,NYM,B,,,0,1,2026,-1.01,1.22,1.7761377423752465,1.366135224661604,,,,0,9,Bot,,,,,,,12.885795283675328,-135.2343648385368,-6.825978736861845,-15.085377146490853,27.203649107096698,-15.742145423206852,3.186655184,1.608218504,,,,94.8,2416,7.2,823448,682626,668901,543760,666182,670097,665742,701807,683146,53.3,,,,,,,,74,2,4-Seam Fastball,3,6,3,6,6,3,3,6,Standard,Standard,236,0.003,0.031,,,,,-0.031,,-3,-3,0.039,0.039,31,30,32,30,1,3,6,2,6,3,1.4,1.01,1.01,18.3,,,,,
FF,2026-06-18,94.5,-2.29,5.43,"Williams, Devin",624641,642207,,called_strike,,,,,3,,R,R,R,PHI,NYM,S,,,0,0,2026,-1.21,1.26,0.7540314862226123,3.092681678746002,,,,0,9,Bot,,,,,,,10.763766038670573,-137.26455607203656,-3.123085246554449,-17.655179054121337,29.78483544109279,-15.750872460707411,3.186655184,1.608218504,,,,96.2,2365,7.3,823448,682626,668901,543760,666182,670097,665742,701807,683146,53.18,,,,,,,,74,1,4-Seam Fastball,3,6,3,6,6,3,3,6,Standard,Standard,229,-0.004,-0.043,,,,,0.043,,-3,-3,0.043,0.043,31,30,32,30,1,3,6,2,6,3,1.3,1.21,1.21,20.3,,,,,
CH,2026-06-12,84.1,-2.53,5.26,"Williams, Devin",621566,642207,strikeout,foul_tip,,,,,5,Matt Olson strikes out on a foul tip.,R,L,R,NYM,ATL,S,2,,0,2,2026,-2,0.08,-0.25521136375678055,2.4736876524797062,,,643289,2,9,Top,,,,,,,9.366190148008961,-122.0520411458595,0.026562233993917772,-21.84906094146511,24.992653114705345,-31.587383409443486,3.37183399,1.701673228,,,,85,2686,7.1,823617,620443,676724,543760,683146,666182,665742,805999,701807,53.39,,0,0,1,0,0,,74,4,Changeup,7,5,5,7,5,7,5,7,Infield shade,Standard,281,0.022,-0.172,78.5,6.9,,,0.172,,2,-2,0.978,0.02200000000000002,31,32,32,32,1,4,1,2,6,1,3.17,2,-2,13.5,4.295861777428785,7.212680184924791,38.04399279415147,38.8097226758517,29.470535500397794
FF,2026-06-12,95.3,-2.41,5.18,"Williams, Devin",621566,642207,,foul,,,,,6,,R,L,R,NYM,ATL,S,,,0,2,2026,-1.45,1.23,0.2891331514786146,2.6549717323840136,,,643289,2,9,Top,,,,,,,10.550100588876276,-138.26698706159007,-3.5695102303131763,-21.118947443751633,35.216231972599736,-15.869352823306583,3.37183399,1.701673228,,,,96.6,2539,7.5,823617,620443,676724,543760,683146,666182,665742,805999,701807,52.99,,,,,,,,74,3,4-Seam Fastball,7,5,5,7,5,7,5,7,Infield shade,Standard,234,0,0,78.7,7.3,,,0,,2,-2,0.978,0.02200000000000002,31,32,32,32,1,4,1,2,6,1,1.33,1.45,-1.45,19.3,12.34064843182708,-9.846411914147152,33.01671398862175,33.06111470477133,41.77306768532806
FF,2026-06-12,94.3,-2.47,5.17,"Williams, Devin",621566,642207,,swinging_strike,,,,,4,,R,L,R,NYM,ATL,S,,,0,1,2026,-1.29,1.24,-0.6196412531128894,2.6680687413589625,,,643289,2,9,Top,,,,,,,7.811370576323191,-136.93301861396762,-3.3818288489132033,-18.074883960796814,34.00698758450401,-16.133206917872876,3.37183399,1.701673228,,,,95.4,2418,7.3,823617,620443,676724,543760,683146,666182,665742,805999,701807,53.19,,,,,,,,74,2,4-Seam Fastball,7,5,5,7,5,7,5,7,Infield shade,Standard,237,0.009,-0.063,77.5,7.5,0.73812834,,0.063,,2,-2,0.969,0.031000000000000028,31,32,32,32,1,4,1,2,6,1,1.36,1.29,-1.29,18.9,8.539399362065458,5.096520623197856,33.12403090963089,44.37319284258817,30.26372009646842
FF,2026-06-12,94.5,-2.42,5.31,"Williams, Devin",621566,642207,,swinging_strike,,,,,1,,R,L,R,NYM,ATL,S,,,0,0,2026,-1.26,1.37,-0.5977573352639867,3.0687537997552177,,,643289,2,9,Top,,,,,,,7.70858872648422,-137.29090010172303,-3.0886867686566823,-17.696623212393835,32.328676760768225,-14.411756816728829,3.37183399,1.701673228,,,,96.1,2412,7.4,823617,620443,676724,543760,683146,666182,665742,805999,701807,53.06,,,,,,,,74,1,4-Seam Fastball,7,5,5,7,5,7,5,7,Infield shade,Standard,229,0.005,-0.044,76.7,7.6,0.50560896,,0.044,,2,-2,0.964,0.03600000000000003,31,32,32,32,1,4,1,2,6,1,1.2,1.26,-1.26,21.9,13.84399881414631,-0.2894130763926862,28.97401476647685,43.77752546749348,31.5140870392947
FF,2026-06-12,94.1,-2.51,5.23,"Williams, Devin",671739,642207,strikeout,swinging_strike,,,,,3,Michael Harris II strikes out swinging.,R,L,R,NYM,ATL,S,2,,1,2,2026,-1.31,1.2,0.3930803933039957,2.73814777203057,,,643289,1,9,Top,,,,,,,10.563089803651605,-136.53397565053942,-3.2579210516140575,-18.800124402669137,31.904505190884475,-16.685241448038248,3.181389436,1.605561024,,,,95.3,2442,7.3,823617,620443,676724,543760,683146,666182,665742,805999,701807,53.22,,0,0,1,0,0,,73,4,4-Seam Fastball,7,5,5,7,5,7,5,7,Standard,Standard,238,0.038,-0.178,70.9,6.9,0.966247464,,0.178,,2,-2,0.926,0.07399999999999995,31,25,32,25,1,4,1,2,6,1,1.4,1.31,-1.31,19.3,-4.353061014354997,9.853275845455007,38.61666540487999,28.75047156194413,19.10934909382564
CH,2026-06-12,82.2,-2.5,5.23,"Williams, Devin",671739,642207,,swinging_strike,,,,,13,,R,L,R,NYM,ATL,S,,,1,1,2026,-1.62,-0.29,-0.2925845486509835,1.2211067286053034,,,643289,1,9,Top,,,,,,,8.231360377179312,-119.39242680034224,-1.6461348014614123,-17.160939147411273,25.166946781435765,-34.847772508032826,3.181389436,1.605561024,,,,82.7,2848,6.9,823617,620443,676724,543760,683146,666182,665742,805999,701807,53.58,,,,,,,,73,3,Changeup,7,5,5,7,5,7,5,7,Standard,Standard,275,0.013,-0.07,78.8,9.7,5.554411332,,0.07,,2,-2,0.913,0.08699999999999997,31,25,32,25,1,4,1,2,6,1,3.71,1.62,-1.62,13.1,27.223615658676216,-34.48428783563524,38.407260392049416,38.37320701779677,53.29279944129597
CH,2026-06-12,84.2,-2.43,5.16,"Williams, Devin",671739,642207,,called_strike,,,,,6,,R,L,R,NYM,ATL,S,,,1,0,2026,-1.76,-0.02,0.5822209531975728,2.235709289103918,,,643289,1,9,Top,,,,,,,10.570870760343825,-122.00438880433909,-0.008315213426015378,-19.719459275596517,27.25006872819912,-32.64548940601585,3.181389436,1.605561024,,,,84.6,2731,7.1,823617,620443,676724,543760,683146,666182,665742,805999,701807,53.42,,,,,,,,73,2,Changeup,7,5,5,7,5,7,5,7,Standard,Standard,271,0.011,-0.046,,,,,0.046,,2,-2,0.902,0.09799999999999998,31,25,32,25,1,4,1,2,6,1,3.3,1.76,-1.76,13.9,,,,,
FF,2026-06-12,93.7,-2.55,5.33,"Williams, Devin",671739,642207,,ball,,,,,11,,R,L,R,NYM,ATL,B,,,0,0,2026,-1.05,1.25,-0.8524337715831678,4.58401094998098,,,643289,1,9,Top,,,,,,,6.8864790701151675,-136.2719627253591,1.2289224103999237,-14.641566888852704,32.20270520052602,-17.230649538258607,3.181389436,1.605561024,,,,96,2410,7.8,823617,620443,676724,543760,683146,666182,665742,805999,701807,52.67,,,,,,,,73,1,4-Seam Fastball,7,5,5,7,5,7,5,7,Standard,Standard,227,-0.008,0.035,,,,,-0.035,,2,-2,0.91,0.08999999999999997,31,25,32,25,1,4,1,2,6,1,1.37,1.05,-1.05,23.2,,,,,
FF,2026-06-12,92.7,-2.54,5.26,"Williams, Devin",643289,642207,single,hit_into_play,,,,,2,Mauricio Dubón singles on a line drive to right fielder Carson Benge.,R,R,R,NYM,ATL,X,9,line_drive,2,2,2026,-1.41,1.27,-0.01934790222710281,3.2064738347502573,,,,1,9,Top,159.77,98.31,,,,,9.704364269219312,-134.58281273520902,-2.067740744895394,-19.296344556597194,31.778722830683712,-16.621576224318133,3.17085794,1.600246063,220,85.8,15,94.2,2424,7.5,823617,620443,676724,543760,683146,666182,665742,805999,701807,53.01,0.963,0.893,0.9,1,1,0,4,72,14,4-Seam Fastball,7,5,5,7,5,7,5,7,Standard,Standard,237,-0.057,0.446,65.0,6.7,,1.074,-0.446,88.0,2,-2,0.967,0.03300000000000003,31,31,32,32,1,4,1,2,6,1,1.42,1.41,1.41,22.8,0.9139117808038163,15.037913068573966,24.615044890549573,34.672842797465194,20.029352389576616
CH,2026-06-12,82.4,-2.54,5.16,"Williams, Devin",643289,642207,,foul,,,,,9,,R,R,R,NYM,ATL,S,,,2,2,2026,-1.79,-0.09,0.37553045480281044,1.7074510914078256,,,,1,9,Top,,,,,,,10.18863616527388,-119.6877231869129,-0.924159043798143,-19.091561489066958,21.782677768507035,-33.10051681624746,3.17085794,1.600246063,2,64.4,-37,83.6,2739,7,823617,620443,676724,543760,683146,666182,665742,805999,701807,53.48,,,,,,,,72,13,Changeup,7,5,5,7,5,7,5,7,Standard,Standard,279,0,0,65.8,8.3,,,0,88.0,2,-2,0.967,0.03300000000000003,31,31,32,32,1,4,1,2,6,1,3.45,1.79,1.79,14.8,17.654101821243763,-11.94577288263476,27.559989185271608,38.848024844391,32.13684730105237
CH,2026-06-12,84.6,-2.66,5.1,"Williams, Devin",643289,642207,,foul,,,,,11,,R,R,R,NYM,ATL,S,,,2,2,2026,-1.76,-0.16,-1.6688386044418153,2.605875131396132,,,,1,9,Top,,,,,,,5.93260188967319,-123.08847118141476,1.0724619912093318,-19.043548631495145,24.034844757149354,-34.2070198938724,3.17085794,1.600246063,95,73.9,8,85.9,2657,7.1,823617,620443,676724,543760,683146,666182,665742,805999,701807,53.4,,,,,,,,72,12,Changeup,7,5,5,7,5,7,5,7,Standard,Standard,272,0,0,65.7,7.3,,,0,88.0,2,-2,0.967,0.03300000000000003,31,31,32,32,1,4,1,2,6,1,3.34,1.76,1.76,13.9,2.619133656088045,-26.154245007941498,37.96190989229556,14.307888056560694,31.51036519142072
FF,2026-06-12,94,-2.44,5.34,"Williams, Devin",643289,642207,,foul,,,,,11,,R,R,R,NYM,ATL,S,,,2,2,2026,-0.98,1.31,-0.041228642838551766,3.9486146702534697,,,,1,9,Top,,,,,,,8.494420822054288,-136.66564163567912,-0.7100521616390781,-14.077581604117594,28.595149553321587,-15.77629465177275,3.17085794,1.600246063,,,,95.8,2379,7.2,823617,620443,676724,543760,683146,666182,665742,805999,701807,53.26,,,,,,,,72,11,4-Seam Fastball,7,5,5,7,5,7,5,7,Standard,Standard,233,0,0,61.5,6.4,,,0,,2,-2,0.967,0.03300000000000003,31,31,32,32,1,4,1,2,6,1,1.27,0.98,0.98,24.9,2.805304652359253,13.914066351924301,18.725898154078717,34.979343783091664,16.81448716433365
FF,2026-06-12,94.5,-2.41,5.38,"Williams, Devin",643289,642207,,foul,,,,,12,,R,R,R,NYM,ATL,S,,,2,2,2026,-1.01,1.12,0.8081698705736122,3.4856106468164048,,,,1,9,Top,,,,,,,10.730004598301768,-137.2859700769026,-1.6224761625150632,-15.095736946610957,30.458567408590532,-17.808975671689417,3.17085794,1.600246063,142,77.5,67,95.9,2369,7.2,823617,620443,676724,543760,683146,666182,665742,805999,701807,53.29,,,,,,,,72,10,4-Seam Fastball,7,5,5,7,5,7,5,7,Standard,Standard,233,0,0,65.3,7.3,,,0,88.0,2,-2,0.967,0.03300000000000003,31,31,32,32,1,4,1,2,6,1,1.44,1.01,1.01,23.1,1.6372275710239168,8.537620537806221,17.935226574728283,44.62747528286728,21.28322563243603
CH,2026-06-12,83.2,-2.66,5.12,"Williams, Devin",643289,642207,,foul,,,,,13,,R,R,R,NYM,ATL,S,,,2,2,2026,-1.88,-0.19,-1.8292359538218406,1.8362681487803862,,,,1,9,Top,,,,,,,5.728724078318665,-121.02403459985392,-0.39098958070272416,-19.6124683018399,26.212741586434166,-34.18026325682504,3.17085794,1.600246063,147,90.3,13,83.9,2738,7,823617,620443,676724,543760,683146,666182,665742,805999,701807,53.48,,,,,,,,72,9,Changeup,7,5,5,7,5,7,5,7,Standard,Standard,273,0,0,64.2,8.2,,,0,90.3,2,-2,0.967,0.03300000000000003,31,31,32,32,1,4,1,2,6,1,3.51,1.88,1.88,11.4,28.674440794273956,-27.577523948569887,44.94478940006633,11.957702709229281,38.367499360486775
CH,2026-06-12,84.2,-2.61,5.09,"Williams, Devin",643289,642207,,foul,,,,,13,,R,R,R,NYM,ATL,S,,,2,2,2026,-1.66,-0.32,-0.15363057024518811,1.1867928237033158,,,,1,9,Top,,,,,,,9.087419152807477,-122.31891477370192,-1.778954096946711,-18.458403440328713,24.47821084212793,-35.27698328085321,3.17085794,1.600246063,,,,85.1,2774,7,823617,620443,676724,543760,683146,666182,665742,805999,701807,53.53,,,,,,,,72,8,Changeup,7,5,5,7,5,7,5,7,Standard,Standard,278,0,0,63.1,8.6,,,0,,2,-2,0.967,0.03300000000000003,31,31,32,32,1,4,1,2,6,1,3.55,1.66,1.66,12.4,23.083022262844537,-6.19321620514168,40.29909579174569,33.03642327504382,28.7532902099537
FF,2026-06-12,93.5,-2.57,5.3,"Williams, Devin",643289,642207,,ball,,,,,12,,R,R,R,NYM,ATL,B,,,1,2,2026,-1.18,1.31,1.0103174252495775,4.41192572818618,,,,1,9,Top,,,,,,,11.963609357273752,-135.56342479067743,0.7354491264145445,-17.173151056410646,30.625930064591913,-16.48787334380167,3.17085794,1.600246063,,,,95,2351,7.5,823617,620443,676724,543760,683146,666182,665742,805999,701807,53.05,,,,,,,,72,7,4-Seam Fastball,7,5,5,7,5,7,5,7,Standard,Standard,240,-0.003,0.057,,,,,-0.057,,2,-2,0.97,0.030000000000000027,31,31,32,32,1,4,1,2,6,1,1.32,1.18,1.18,20.4,,,,,
FF,2026-06-12,93.9,-2.47,5.3,"Williams, Devin",643289,642207,,foul,,,,,11,,R,R,R,NYM,ATL,S,,,1,2,2026,-1.44,1.13,-0.5883297276237542,3.4451767668694977,,,,1,9,Top,,,,,,,8.224394048751144,-136.52443844808394,-1.4922071779610069,-19.787466813964784,29.975148898953098,-17.88438194675245,3.17085794,1.600246063,161,60.5,44,95.8,2416,7.4,823617,620443,676724,543760,683146,666182,665742,805999,701807,53.08,,,,,,,,72,6,4-Seam Fastball,7,5,5,7,5,7,5,7,Standard,Standard,236,0,0,66.5,6.6,,,0,88.0,2,-2,0.97,0.030000000000000027,31,31,32,32,1,4,1,2,6,1,1.46,1.44,1.44,21.1,0.7208403907372297,9.354765435500552,23.877145087411655,26.526528487818197,23.26600909320546
CH,2026-06-12,83.4,-2.61,5.19,"Williams, Devin",643289,642207,,foul,,,,,7,,R,R,R,NYM,ATL,S,,,1,2,2026,-1.68,-0.22,-0.5745745829613993,1.6571333103277626,,,,1,9,Top,,,,,,,8.094267131901036,-121.18731213810871,-1.0311152474297012,-18.133052102522157,23.05542063168096,-34.34465484919824,3.17085794,1.600246063,2,70.8,-47,84.7,2550,7.1,823617,620443,676724,543760,683146,666182,665742,805999,701807,53.38,,,,,,,,72,5,Changeup,7,5,5,7,5,7,5,7,Standard,Standard,275,0,0,65.5,7.3,,,0,88.0,2,-2,0.97,0.030000000000000027,31,31,32,32,1,4,1,2,6,1,3.5,1.68,1.68,11.7,2.80616926362212,2.0399446442619955,33.00612950476008,28.450925620759428,31.251746456805265
CH,2026-06-12,82.8,-2.76,5.09,"Williams, Devin",643289,642207,,foul,,,,,13,,R,R,R,NYM,ATL,S,,,1,2,2026,-1.61,-0.27,-1.0603879009146695,1.2736895166690285,,,,1,9,Top,,,,,,,7.121885751287055,-120.38085037857626,-1.4886487420197154,-17.05953074427957,22.05961277059741,-34.78211272451254,3.17085794,1.600246063,3,85.8,-27,83.9,2911,6.9,823617,620443,676724,543760,683146,666182,665742,805999,701807,53.58,,,,,,,,72,4,Changeup,7,5,5,7,5,7,5,7,Standard,Standard,283,0,0,70.0,8.1,,,0,88.0,2,-2,0.97,0.030000000000000027,31,31,32,32,1,4,1,2,6,1,3.59,1.61,1.61,10.1,10.732024944129954,-18.886654103096653,37.45806455304369,23.8543467026096,45.18128636481127
CH,2026-06-12,83.9,-2.58,5.17,"Williams, Devin",643289,642207,,ball,,,,,14,,R,R,R,NYM,ATL,B,,,0,2,2026,-1.67,-0.4,0.6633624929700359,0.540526295720019,,,,1,9,Top,,,,,,,10.873145502755124,-121.62053303231308,-3.1953986251028788,-18.722437628714363,24.673223435367973,-35.66990367027017,3.17085794,1.600246063,,,,84.7,2841,7.1,823617,620443,676724,543760,683146,666182,665742,805999,701807,53.43,,,,,,,,72,3,Changeup,7,5,5,7,5,7,5,7,Standard,Standard,278,-0.003,0.016,,,,,-0.016,,2,-2,0.973,0.027000000000000024,31,31,32,32,1,4,1,2,6,1,3.67,1.67,1.67,14.4,,,,,
CH,2026-06-12,85,-2.64,5.16,"Williams, Devin",643289,642207,,foul,,,,,8,,R,R,R,NYM,ATL,S,,,0,1,2026,-1.69,0,-0.14131630012919683,1.6095509227375846,,,,1,9,Top,,,,,,,9.315866363769894,-123.39107746123037,-1.7590001700438287,-19.10394060265051,24.376073415893675,-32.02345337727722,3.17085794,1.600246063,2,53.9,-41,85.9,2599,7,823617,620443,676724,543760,683146,666182,665742,805999,701807,53.52,,,,,,,,72,2,Changeup,7,5,5,7,5,7,5,7,Standard,Standard,277,0.006,-0.056,71.7,8.6,,,0.056,88.0,2,-2,0.967,0.03300000000000003,31,31,32,32,1,4,1,2,6,1,3.17,1.69,1.69,14.5,8.52556144831892,-24.674487331203213,26.982742491384982,34.58187974586185,48.720555631181306
FF,2026-06-12,94.4,-2.48,5.32,"Williams, Devin",643289,642207,,called_strike,,,,,12,,R,R,R,NYM,ATL,S,,,0,0,2026,-1.09,1.32,0.8649220425633333,2.7613287206130632,,,,1,9,Top,,,,,,,11.291156811051712,-136.9489389224206,-3.8124145197348533,-16.188443176185746,30.92183147050586,-14.881807520443209,3.17085794,1.600246063,,,,96.4,2417,7.6,823617,620443,676724,543760,683146,666182,665742,805999,701807,52.88,,,,,,,,72,1,4-Seam Fastball,7,5,5,7,5,7,5,7,Standard,Standard,227,0.004,-0.043,,,,,0.043,,2,-2,0.963,0.03700000000000003,31,31,32,32,1,4,1,2,6,1,1.26,1.09,1.09,23.2,,,,,
FF,2026-06-12,93.2,-2.57,5.31,"Williams, Devin",642851,642207,field_out,hit_into_play,,,,,4,Austin Wynns lines out to second baseman Marcus Semien.,R,R,R,NYM,ATL,X,4,line_drive,0,0,2026,-1.28,1.33,-0.3238727184102237,2.480896328738766,,,,0,9,Top,127.96,135.09,,,,,8.690445454278285,-135.38695955201212,-4.346382036111239,-17.57357104786055,29.137981853330377,-14.999454889146337,3.262130906,1.646309055,165,86.8,11,94.7,2305,7.3,823617,620443,676724,543760,683146,666182,665742,805999,701807,53.25,0.597,0.542,0,1,0,0,4,71,1,4-Seam Fastball,7,5,5,7,5,7,5,7,Standard,Standard,229,0.039,-0.265,70.1,6.8,,0.645,0.265,88.0,2,-2,0.924,0.07599999999999996,31,35,32,36,1,3,1,2,6,,1.3,1.28,1.28,18.3,1.3792692329944276,8.846427127981823,38.62181715116605,33.0038654641681,26.472848888194243
CH,2026-06-12,82.7,-2.66,5.16,"Williams, Devin",642133,642207,field_out,hit_into_play,,,,,7,Rowdy Tellez flies out to left fielder Juan Soto.,R,L,R,NYM,ATL,X,7,fly_ball,2,2,2026,-1.67,-0.29,-0.8067302156680438,2.0655025881804177,663586,,642201,2,8,Top,82.34,126.47,,,,,7.581609805906688,-120.31834204638108,0.2140637884540466,-17.6567363899189,22.060334180872935,-35.24502041781536,3.341994751,1.686614173,212,79.3,55,83.9,2744,7,823617,620443,676724,543760,683146,666182,665742,805999,701807,53.54,0.043,0.039,0,1,0,0,3,66,6,Changeup,7,5,5,7,5,7,5,7,Standard,Standard,277,0.066,-0.247,73.2,7.8,,0.045,0.247,88.0,2,-2,0.872,0.128,31,31,32,31,1,0,1,,6,2,3.61,1.67,-1.67,13.3,5.207096283040324,-2.938233643089878,30.171257515561155,41.03739013264259,32.221163835935315
FF,2026-06-12,94.7,-2.59,5.19,"Williams, Devin",642133,642207,,foul,,,,,11,,R,L,R,NYM,ATL,S,,,2,2,2026,-1.1,1.06,-0.7874633744458734,3.748142383120599,663586,,642201,2,8,Top,,,,,,,7.283674074026411,-137.77239092306783,-0.3318650500167442,-15.66018623950155,31.256127017125028,-18.81048351955668,3.341994751,1.686614173,203,77.9,18,96.3,2408,7.3,823617,620443,676724,543760,683146,666182,665742,805999,701807,53.24,,,,,,,,66,5,4-Seam Fastball,7,5,5,7,5,7,5,7,Standard,Standard,233,0,0,68.2,6.7,,,0,88.0,2,-2,0.872,0.128,31,31,32,31,1,0,1,,6,2,1.48,1.1,-1.1,18.4,-2.9569926835223677,22.802045663916406,17.717191523071985,41.563267051512035,16.285871584876478
FF,2026-06-12,94.2,-2.54,5.26,"Williams, Devin",642133,642207,,ball,,,,,11,,R,L,R,NYM,ATL,B,,,1,2,2026,-1.29,1.07,-1.273063761455609,3.680111363521738,663586,,642201,2,8,Top,,,,,,,6.2921723779268754,-137.0574196720513,-0.6391122031552445,-17.59394227206741,30.648482048268814,-18.815829328277392,3.341994751,1.686614173,,,,96,2382,7.4,823617,620443,676724,543760,683146,666182,665742,805999,701807,53.14,,,,,,,,66,4,4-Seam Fastball,7,5,5,7,5,7,5,7,Standard,Standard,237,-0.011,0.055,,,,,-0.055,,2,-2,0.883,0.11699999999999999,31,31,32,31,1,0,1,,6,2,1.51,1.29,-1.29,19.1,,,,,
FF,2026-06-12,94,-2.55,5.25,"Williams, Devin",642133,642207,,called_strike,,,,,6,,R,L,R,NYM,ATL,S,,,1,1,2026,-1.12,1.19,0.41105270058769916,2.6853298992975034,663586,,642201,2,8,Top,,,,,,,10.26635396338677,-136.52533015214533,-3.4723544602517853,-16.255946849142695,29.467808461146902,-16.726027396336594,3.341994751,1.686614173,,,,95.6,2417,7.3,823617,620443,676724,543760,683146,666182,665742,805999,701807,53.22,,,,,,,,66,3,4-Seam Fastball,7,5,5,7,5,7,5,7,Standard,Standard,232,0.019,-0.097,,,,,0.097,,2,-2,0.864,0.136,31,31,32,31,1,0,1,,6,2,1.4,1.12,-1.12,19.7,,,,,
FF,2026-06-12,93.1,-2.55,5.3,"Williams, Devin",642133,642207,,called_strike,,,,,8,,R,L,R,NYM,ATL,S,,,1,0,2026,-0.97,1.16,0.14511094526745438,2.114312018037638,663586,,642201,2,8,Top,,,,,,,9.133409518939674,-135.26450025142623,-4.881490454266985,-13.812964230968486,27.963858498483248,-16.971587437670273,3.341994751,1.686614173,,,,94.9,2354,7.3,823617,620443,676724,543760,683146,666182,665742,805999,701807,53.21,,,,,,,,66,2,4-Seam Fastball,7,5,5,7,5,7,5,7,Standard,Standard,232,0.01,-0.034,,,,,0.034,,2,-2,0.854,0.14600000000000002,31,31,32,31,1,0,1,,6,2,1.46,0.97,-0.97,22.3,,,,,
FF,2026-06-12,94.1,-2.59,5.26,"Williams, Devin",642133,642207,,ball,,,,,11,,R,L,R,NYM,ATL,B,,,0,0,2026,-1.16,1.21,-0.39659422620370677,3.638651049814402,663586,,642201,2,8,Top,,,,,,,8.416903803421622,-136.77995613583658,-1.0773065698877962,-16.461181616479035,29.832802864248105,-16.922075508545323,3.341994751,1.686614173,,,,96.2,2370,7.5,823617,620443,676724,543760,683146,666182,665742,805999,701807,53,,,,,,,,66,1,4-Seam Fastball,7,5,5,7,5,7,5,7,Standard,Standard,231,-0.006,0.024,,,,,-0.024,,2,-2,0.86,0.14,31,31,32,31,1,0,1,,6,2,1.37,1.16,-1.16,22.8,,,,,
CH,2026-06-12,81.7,-2.68,5.1,"Williams, Devin",642201,642207,single,hit_into_play,,,,,7,"Eli White singles on a ground ball to shortstop Bo Bichette, deflected by third baseman Brett Baty. Ozzie Albies scores. Austin Riley to 3rd.",R,R,R,NYM,ATL,X,5,ground_ball,1,2,2026,-1.67,0.03,-0.4529467814308339,1.899075625803318,645277,663586,,2,8,Top,98.1,169.92,,,,,8.319130704091583,-118.76718769089867,-0.47163655642357105,-17.41232818510472,21.927758276071856,-32.055596139366585,3.315666011,1.673326772,18,88.9,-5,82.8,2728,7,823617,620443,676724,543760,683146,666182,665742,805999,701807,53.53,0.238,0.221,0.9,1,1,0,2,65,4,Changeup,7,4,4,7,5,7,5,7,Standard,Standard,279,-0.074,0.843,71.7,7.5,,0.271,-0.843,88.9,3,-3,0.934,0.06599999999999995,31,32,32,32,1,0,1,2,6,1,3.39,1.67,1.67,8.9,12.726699963374228,-11.824950941418088,37.77696675783444,31.676068796425504,38.708781916724824
CH,2026-06-12,82.6,-2.6,5.16,"Williams, Devin",642201,642207,,foul_tip,,,,,14,,R,R,R,NYM,ATL,S,,,1,1,2026,-1.63,-0.19,0.2550651483776101,1.4204834620635407,645277,663586,,2,8,Top,,,,,,,9.753847957967372,-119.85278176752826,-1.3936746380012774,-17.636222759526127,22.839217631256755,-33.90389375057256,3.315666011,1.673326772,,,,83.4,2479,7,823617,620443,676724,543760,683146,666182,665742,805999,701807,53.53,,,,,,,,65,3,Changeup,7,4,4,7,4,7,4,7,Standard,Standard,275,0.013,-0.075,74.7,8.1,,,0.075,,3,-3,0.921,0.07899999999999996,31,32,32,32,1,0,1,2,6,1,3.54,1.63,1.63,13.4,14.707443419699487,-8.185552342573253,36.995859789495654,38.712520345818376,37.15205531721077
FF,2026-06-12,92.8,-2.45,5.35,"Williams, Devin",642201,642207,,ball,,,,,12,,R,R,R,NYM,ATL,B,,,0,1,2026,-1.07,1.19,1.4911792637533916,3.287694604849328,645277,663586,,2,8,Top,,,,,,,12.54733133471939,-134.60601734545713,-1.9625700207977472,-15.730579623982873,28.489087019314223,-17.48056915133876,3.315666011,1.673326772,,,,94.3,2252,7.3,823617,620443,676724,543760,683146,666182,665742,805999,701807,53.21,,,,,,,,65,2,4-Seam Fastball,7,4,4,7,4,7,4,7,Standard,Standard,235,-0.005,0.022,,,,,-0.022,,3,-3,0.926,0.07399999999999995,31,32,32,32,1,0,1,2,6,1,1.47,1.07,1.07,20.4,,,,,
CH,2026-06-12,80.9,-2.67,5.14,"Williams, Devin",642201,642207,,called_strike,,,,,11,,R,R,R,NYM,ATL,S,,,0,0,2026,-1.72,-0.48,-0.9320967261677364,2.7390053060927397,645277,663586,,2,8,Top,,,,,,,7.24995043438713,-117.48694250843063,2.4808773261518695,-17.319076438699103,22.755174478502415,-37.304048746266595,3.315666011,1.673326772,,,,81.6,2706,6.9,823617,620443,676724,543760,683146,666182,665742,805999,701807,53.58,,,,,,,,65,1,Changeup,7,4,4,7,4,7,4,7,Standard,Standard,288,0.008,-0.03,,,,,0.03,,3,-3,0.918,0.08199999999999996,31,32,32,32,1,0,1,2,6,1,3.98,1.72,1.72,10.3,,,,,
CH,2026-06-11,83.8,-2.46,5.15,"Williams, Devin",701675,642207,strikeout,swinging_strike_blocked,,,,,13,Nathan Church strikes out swinging.,R,L,R,NYM,STL,S,2,,1,2,2026,-1.79,-0.13,-0.6369456011659178,0.5057199471503884,,,,2,9,Top,,,,,,,7.871229435267509,-121.80513553532818,-3.8589603372792136,-19.369108192787422,22.605567154104158,-32.92387100037592,3.112934711,1.57101378,,,,85.1,2643,7.1,823619,682626,676724,543760,683146,666182,669004,805999,701807,53.42,,0,0,1,0,0,,70,5,Changeup,5,4,4,5,4,5,4,5,Standard,Standard,278,0.026,-0.177,71.4,8.7,7.121601408,,0.177,,1,-1,0.974,0.026000000000000023,31,25,32,26,1,3,4,1,1,1,3.37,1.79,-1.79,11.7,24.18852998402508,-24.779164435197927,36.30328698571487,45.27580294523777,47.72401985585699
FF,2026-06-11,94.3,-2.51,5.13,"Williams, Devin",701675,642207,,foul,,,,,11,,R,L,R,NYM,STL,S,,,1,2,2026,-1.27,1.01,-1.048652517647545,2.946497764328372,,,,2,9,Top,,,,,,,6.750017497038028,-137.28316283467024,-2.140722759193531,-17.56292279177257,29.527716886552508,-19.139465013754233,3.112934711,1.57101378,240,77.6,44,96.1,2297,7.2,823619,682626,676724,543760,683146,666182,669004,805999,701807,53.27,,,,,,,,70,4,4-Seam Fastball,5,4,4,5,4,5,4,5,Standard,Standard,232,0,0,66.9,6.6,,,0,88.0,1,-1,0.974,0.026000000000000023,31,25,32,26,1,3,4,1,1,1,1.55,1.27,-1.27,15.9,-7.701867291318145,14.502555643261443,25.96917085496068,49.91317978614384,19.648695238233934
FF,2026-06-11,94.8,-2.55,5.18,"Williams, Devin",701675,642207,,foul,,,,,12,,R,L,R,NYM,STL,S,,,1,1,2026,-1.34,0.97,0.18099123623229496,3.2924190016492734,,,,2,9,Top,,,,,,,10.291813364364215,-137.69087706391016,-1.3036631338955127,-19.310914494280997,30.53058976426103,-19.68244233414352,3.112934711,1.57101378,178,73.2,63,96.5,2480,7.4,823619,682626,676724,543760,683146,666182,669004,805999,701807,53.12,,,,,,,,70,3,4-Seam Fastball,5,4,4,5,4,5,4,5,Standard,Standard,235,0.009,-0.069,63.5,5.7,,,0.069,88.0,1,-1,0.965,0.03500000000000003,31,25,32,26,1,3,4,1,1,1,1.57,1.34,-1.34,18.3,-0.15726939091491166,16.575927289911153,26.92172459640618,35.091157597449055,24.77561670527089
FF,2026-06-11,94.1,-2.46,5.12,"Williams, Devin",701675,642207,,ball,,,,,11,,R,L,R,NYM,STL,B,,,0,1,2026,-1.33,1.14,-1.6318692251172526,2.6501918223694143,,,,2,9,Top,,,,,,,5.212502540948988,-136.93705390947056,-3.1101722491909563,-17.86587788207785,32.50690170916568,-17.37914931378125,3.112934711,1.57101378,,,,95.5,2321,7.3,823619,682626,676724,543760,683146,666182,669004,805999,701807,53.25,,,,,,,,70,2,4-Seam Fastball,5,4,4,5,4,5,4,5,Standard,Standard,232,-0.004,0.032,,,,,-0.032,,1,-1,0.969,0.031000000000000028,31,25,32,26,1,3,4,1,1,1,1.45,1.33,-1.33,18.0,,,,,
CH,2026-06-11,83.6,-2.5,5.08,"Williams, Devin",701675,642207,,called_strike,,,,,6,,R,L,R,NYM,STL,S,,,0,0,2026,-1.64,-0.26,0.5160212055352851,2.635356976863564,,,,2,9,Top,,,,,,,10.268972254768798,-121.26932414147275,1.6083224025364034,-18.2221499930012,24.85664407439587,-35.3213956390462,3.112934711,1.57101378,,,,84.4,2621,7.1,823619,682626,676724,543760,683146,666182,669004,805999,701807,53.41,,,,,,,,70,1,Changeup,5,4,4,5,4,5,4,5,Standard,Standard,281,0.006,-0.044,,,,,0.044,,1,-1,0.963,0.03700000000000003,31,25,32,26,1,3,4,1,1,1,3.55,1.64,-1.64,13.6,,,,,
CH,2026-06-11,84.3,-2.53,5.07,"Williams, Devin",663494,642207,field_out,hit_into_play,,,,,7,Bryan Torres flies out to center fielder A.J. Ewing.,R,L,R,NYM,STL,X,8,fly_ball,2,2,2026,-1.58,-0.22,-0.7497246600093952,1.4540085220649854,,,,1,9,Top,133.85,91.56,,,,,7.374899411181511,-122.62309885303716,-1.3449311099183907,-17.425763794193376,24.539524124418925,-34.329458000005864,2.975147638,1.501476378,270,77,37,85.3,2596,7,823619,682626,676724,543760,683146,666182,669004,805999,701807,53.49,0.086,0.099,0,1,0,0,3,69,7,Changeup,5,4,4,5,4,5,4,5,Infield shade,Standard,282,0.047,-0.238,62.5,7.2,,0.13,0.238,88.0,1,-1,0.916,0.08399999999999996,31,28,32,29,1,0,4,4,1,3,3.43,1.58,-1.58,10.2,8.411995797826183,-4.007249653931347,34.918079651245975,45.4398657385995,34.04813732014814
FF,2026-06-11,94.8,-2.62,5.17,"Williams, Devin",663494,642207,,foul,,,,,4,,R,L,R,NYM,STL,S,,,2,2,2026,-1.35,0.94,-0.4470592080705911,2.1915653243601074,,,,1,9,Top,,,,,,,8.840732814474885,-137.75732018880248,-4.121998498335392,-19.20935350102094,30.23899786623996,-19.46358333788022,2.975147638,1.501476378,257,86.7,50,96.6,2413,7.3,823619,682626,676724,543760,683146,666182,669004,805999,701807,53.15,,,,,,,,69,6,4-Seam Fastball,5,4,4,5,4,5,4,5,Infield shade,Standard,232,0,0,67.3,6.5,,,0,88.0,1,-1,0.916,0.08399999999999996,31,28,32,29,1,0,4,4,1,3,1.6,1.35,-1.35,18.5,0.5703674192375496,9.541327085600011,35.64366761382772,42.07102888898299,21.780342337025314
CH,2026-06-11,84,-2.47,5.05,"Williams, Devin",663494,642207,,foul,,,,,13,,R,L,R,NYM,STL,S,,,2,2,2026,-1.68,-0.23,-0.1718446151686872,1.32204976479919,,,,1,9,Top,,,,,,,8.773113860331073,-122.0069145755051,-1.5084211553127274,-18.5182989918326,25.28798757449223,-34.34553781100656,2.975147638,1.501476378,,,,85,2532,7.1,823619,682626,676724,543760,683146,666182,669004,805999,701807,53.36,,,,,,,,69,5,Changeup,5,4,4,5,4,5,4,5,Infield shade,Standard,280,0,0,67.6,7.1,,,0,,1,-1,0.916,0.08399999999999996,31,28,32,29,1,0,4,4,1,3,3.48,1.68,-1.68,11.9,14.785830424225388,-2.1062871342216125,37.57166466001628,39.55431609215553,36.79151720938021
FF,2026-06-11,95.8,-2.37,5.14,"Williams, Devin",663494,642207,,ball,,,,,12,,R,L,R,NYM,STL,B,,,1,2,2026,-1.34,1.16,0.8911002414853193,2.9978377052851024,,,,1,9,Top,,,,,,,11.784734394117534,-139.0547530452145,-2.526128607980918,-20.107203744563897,31.85559234761317,-16.7992471635637,2.975147638,1.501476378,,,,97.2,2461,7.3,823619,682626,676724,543760,683146,666182,669004,805999,701807,53.24,,,,,,,,69,4,4-Seam Fastball,5,4,4,5,4,5,4,5,Infield shade,Standard,233,-0.008,0.057,,,,,-0.057,,1,-1,0.924,0.07599999999999996,31,28,32,29,1,0,4,4,1,3,1.34,1.34,-1.34,18.5,,,,,
FF,2026-06-11,94.2,-2.62,5.1,"Williams, Devin",663494,642207,,swinging_strike,,,,,2,,R,L,R,NYM,STL,S,,,1,1,2026,-1.39,1.2,-0.1355107623334515,2.9143242307810997,,,,1,9,Top,,,,,,,9.666650522879033,-136.89360503551617,-2.5299205343256665,-19.644462270783254,30.428555846251204,-16.73912969450001,2.975147638,1.501476378,,,,95.7,2348,7.2,823619,682626,676724,543760,683146,666182,669004,805999,701807,53.28,,,,,,,,69,3,4-Seam Fastball,5,4,4,5,4,5,4,5,Standard,Standard,237,0.013,-0.074,65.0,5.7,1.566966312,,0.074,,1,-1,0.911,0.08899999999999997,31,28,32,29,1,0,4,4,1,3,1.38,1.39,-1.39,14.5,-4.684365344838642,23.744094000344642,33.13016106559471,39.3294005130323,13.537005018733247
FF,2026-06-11,92.9,-2.54,5.13,"Williams, Devin",663494,642207,,called_strike,,,,,8,,R,L,R,NYM,STL,S,,,1,0,2026,-1.25,1.05,-0.002457902549424462,1.5645857800127074,,,,1,9,Top,,,,,,,9.368604495720678,-134.8669821863921,-5.552473802219282,-17.218614695808224,28.281865920239795,-18.263926426125487,2.975147638,1.501476378,,,,94.7,2265,7.4,823619,682626,676724,543760,683146,666182,669004,805999,701807,53.12,,,,,,,,69,2,4-Seam Fastball,5,4,4,5,4,5,4,5,Standard,Standard,237,0.011,-0.051,,,,,0.051,,1,-1,0.9,0.09999999999999998,31,28,32,29,1,0,4,4,1,3,1.59,1.25,-1.25,18.4,,,,,
FF,2026-06-11,93.2,-2.48,5.25,"Williams, Devin",663494,642207,,ball,,,,,11,,R,L,R,NYM,STL,B,,,0,0,2026,-1.25,1.18,-0.5134907541413851,3.3622658040644975,,,,1,9,Top,,,,,,,7.915129510471575,-135.60562100282942,-1.6077129961703003,-17.085014806460872,28.520379737140026,-17.421071439431756,2.975147638,1.501476378,,,,95,2390,7.3,823619,682626,676724,543760,683146,666182,669004,805999,701807,53.22,,,,,,,,69,1,4-Seam Fastball,5,4,4,5,4,5,4,5,Standard,Standard,228,-0.008,0.043,,,,,-0.043,,1,-1,0.908,0.09199999999999997,31,28,32,29,1,0,4,4,1,3,1.44,1.25,-1.25,19.8,,,,,
CH,2026-06-11,81.8,-2.51,5.11,"Williams, Devin",699625,642207,strikeout,swinging_strike,,,,,13,Jimmy Crooks strikes out swinging.,R,L,R,NYM,STL,S,2,,1,2,2026,-1.56,-0.55,-0.51063373527178,1.1215360431168868,,,,0,9,Top,,,,,,,7.591393238438862,-118.89513439163234,-1.065339749102207,-16.260215849255058,23.526923548492785,-37.42545081273314,3.200697179,1.615305118,,,,82.6,2611,6.9,823619,682626,676724,543760,683146,666182,669004,805999,701807,53.57,,0,0,1,0,0,,68,4,Changeup,5,4,4,5,4,5,4,5,Infield shade,Standard,283,0.051,-0.19,71.7,7.9,1.34066148,,0.19,,1,-1,0.857,0.14300000000000002,31,24,32,25,1,3,4,2,1,1,3.98,1.56,-1.56,10.0,26.544074212553323,-11.421204925799513,41.408283952771676,41.614873158535175,49.18905949255528
CH,2026-06-11,80.9,-2.42,5.1,"Williams, Devin",699625,642207,,called_strike,,,,,5,,R,L,R,NYM,STL,S,,,1,1,2026,-1.62,-0.41,-0.04725086538289114,2.3171595219701495,,,,0,9,Top,,,,,,,8.454524350520972,-117.51612629555171,1.5317068341278057,-16.622282574773102,23.45560256825804,-36.54618790562916,3.200697179,1.615305118,,,,81.5,2533,6.9,823619,682626,676724,543760,683146,666182,669004,805999,701807,53.62,,,,,,,,68,3,Changeup,5,4,4,5,4,5,4,5,Infield shade,Standard,278,0.018,-0.062,,,,,0.062,,1,-1,0.839,0.16100000000000003,31,24,32,25,1,3,4,2,1,1,3.92,1.62,-1.62,11.7,,,,,
FF,2026-06-11,93.4,-2.62,5.16,"Williams, Devin",699625,642207,,called_strike,,,,,5,,R,L,R,NYM,STL,S,,,1,0,2026,-1.19,1.11,-0.16514379021658354,2.6688031102305376,,,,0,9,Top,,,,,,,9.069867874412633,-135.60266790438567,-2.947488514233086,-16.74188184545746,31.4562966279036,-18.07341184597094,3.200697179,1.615305118,,,,94.7,2268,7.3,823619,682626,676724,543760,683146,666182,669004,805999,701807,53.2,,,,,,,,68,2,4-Seam Fastball,5,4,4,5,4,5,4,5,Infield shade,Standard,230,0.016,-0.058,,,,,0.058,,1,-1,0.823,0.17700000000000005,31,24,32,25,1,3,4,2,1,1,1.53,1.19,-1.19,17.6,,,,,
FF,2026-06-11,92.3,-2.62,5.26,"Williams, Devin",699625,642207,,ball,,,,,11,,R,L,R,NYM,STL,B,,,0,0,2026,-0.71,1.32,-0.8141970525444675,5.137327196616119,,,,0,9,Top,,,,,,,6.205150045413637,-134.20714222868915,2.810680313287077,-9.977830034795476,31.50415288148896,-17.25008452438984,3.200697179,1.615305118,,,,93.5,2217,7.2,823619,682626,676724,543760,683146,666182,669004,805999,701807,53.27,,,,,,,,68,1,4-Seam Fastball,5,4,4,5,4,5,4,5,Infield shade,Standard,228,-0.012,0.046,,,,,-0.046,,1,-1,0.835,0.16500000000000004,31,24,32,25,1,3,4,2,1,1,1.38,0.71,-0.71,15.9,,,,,
CH,2026-06-07,84.9,-2.41,5,"Williams, Devin",665487,642207,strikeout,swinging_strike,,,,,13,Fernando Tatis Jr. strikes out swinging.,R,R,R,SD,NYM,S,2,,2,2,2026,-1.83,-0.39,-1.1111480620769005,2.068715311157656,,666023,,2,9,Bot,,,,,,,6.830239357243841,-123.44995909296408,0.5520089308968041,-20.11041858052425,26.657999511642117,-36.46055118285795,3.346382874,1.68882874,,,,85.7,2668,7.1,823291,620443,676724,543760,683146,666182,669004,805999,701807,53.44,,0,0,1,0,0,,82,5,Changeup,3,7,3,7,7,3,3,7,Standard,Standard,276,-0.005,-0.21,78.8,6.9,0.819002412,,0.21,,-4,-4,0.005,0.005,31,27,32,27,1,4,6,1,4,1,3.57,1.83,1.83,14.3,6.251020793878841,-8.5485063114349,30.958238369891415,23.74373843924038,35.509221720712
CH,2026-06-07,86,-2.42,5.01,"Williams, Devin",665487,642207,,called_strike,,,,,9,,R,R,R,SD,NYM,S,,,2,1,2026,-1.92,-0.02,0.7209268841299288,1.7556906137781758,,666023,,2,9,Bot,,,,,,,11.485584478457104,-124.67868842029903,-1.127868518761714,-22.429621320886294,26.674856550252137,-32.35860259521878,3.346382874,1.68882874,,,,86.8,2688,7.2,823291,620443,676724,543760,683146,666182,669004,805999,701807,53.33,,,,,,,,82,4,Changeup,3,7,3,7,7,3,3,7,Standard,Standard,270,-0.001,-0.078,,,,,0.078,,-4,-4,0.006,0.006,31,27,32,27,1,4,6,1,4,1,3.14,1.92,1.92,14.3,,,,,
CH,2026-06-07,84.6,-2.5,5.07,"Williams, Devin",665487,642207,,ball,,,,,14,,R,R,R,SD,NYM,B,,,1,1,2026,-1.78,-0.03,1.089584443775315,1.7246868056727358,,666023,,2,9,Bot,,,,,,,12.045718909988931,-122.6726569624429,-1.1476826220280059,-20.304789882888706,23.320549682607314,-32.46839731381107,3.346382874,1.68882874,,,,85.9,2738,7.2,823291,620443,676724,543760,683146,666182,669004,805999,701807,53.28,,,,,,,,82,3,Changeup,3,7,3,7,7,3,3,7,Standard,Standard,277,0.001,0.036,,,,,-0.036,,-4,-4,0.005,0.005,31,27,32,27,1,4,6,1,4,1,3.23,1.78,1.78,14.6,,,,,
CH,2026-06-07,84.5,-2.47,5.05,"Williams, Devin",665487,642207,,called_strike,,,,,7,,R,R,R,SD,NYM,S,,,1,0,2026,-1.68,0.11,-0.5299037122778945,1.8668263358500061,,666023,,2,9,Bot,,,,,,,7.963726062749539,-122.79858859490561,-1.0659080208892995,-18.54444494989979,23.725706596371985,-31.041593322548206,3.346382874,1.68882874,,,,85.7,2587,7.1,823291,620443,676724,543760,683146,666182,669004,805999,701807,53.41,,,,,,,,82,2,Changeup,3,7,3,7,7,3,3,7,Standard,Standard,269,-0.001,-0.05,,,,,0.05,,-4,-4,0.006,0.006,31,27,32,27,1,4,6,1,4,1,3.08,1.68,1.68,13.7,,,,,
FF,2026-06-07,93.4,-2.36,5.13,"Williams, Devin",665487,642207,,ball,,,,,14,,R,R,R,SD,NYM,B,,,0,0,2026,-1.13,1.18,1.4045612705846295,2.003717070755412,,666023,,2,9,Bot,,,,,,,12.358409221255634,-135.4920757917288,-4.830147512371526,-16.49512098777163,27.569678304115016,-16.716632984752316,3.346382874,1.68882874,,,,95.6,2429,7.6,823291,620443,676724,543760,683146,666182,669004,805999,701807,52.94,,,,,,,,82,1,4-Seam Fastball,3,7,3,7,7,3,3,7,Standard,Standard,227,0.001,0.028,,,,,-0.028,,-4,-4,0.005,0.005,31,27,32,27,1,4,6,1,4,1,1.44,1.13,1.13,23.4,,,,,
FF,2026-06-07,92.4,-2.44,5.17,"Williams, Devin",666023,642207,double,hit_into_play,,,,,8,Freddy Fermin doubles (5) on a line drive to left fielder MJ Melendez. Samad Taylor scores.,R,R,R,SD,NYM,X,7,line_drive,2,1,2026,-1.09,1.22,-0.017969028767691464,1.7970029167408113,,669392,,2,9,Bot,39.72,103.42,,,,,8.69595152993419,-134.29680279392394,-5.4166784883323515,-14.972259010363263,26.296901405064972,-16.34219104408981,3.105036089,1.567027559,198,92,14,94.7,2415,7.5,823291,620443,676724,543760,683146,666182,669004,805999,701807,53.03,0.96,0.889,1.25,1,1,1,4,81,4,4-Seam Fastball,2,7,2,7,7,3,3,7,Standard,Standard,233,0.003,0.889,71.2,8.0,,1.08,-0.889,92.0,-5,-5,0.002,0.002,31,31,32,31,1,3,6,1,4,1,1.43,1.09,1.09,21.3,19.986836521461,-10.536759019165562,39.09353471071751,32.90768474195785,38.11016566766426
CH,2026-06-07,85.4,-2.34,5.05,"Williams, Devin",666023,642207,,ball,,,,,14,,R,R,R,SD,NYM,B,,,1,1,2026,-1.74,0.21,1.343830031529389,1.7084449073689143,,669392,,2,9,Bot,,,,,,,12.350505326292119,-123.82544865026775,-1.7873280499072306,-20.339027520145144,23.936067465873155,-29.855048632140566,3.105036089,1.567027559,,,,87.1,2563,7.5,823291,620443,676724,543760,683146,666182,669004,805999,701807,53.02,,,,,,,,81,3,Changeup,2,7,2,7,7,2,2,7,Standard,Standard,270,0,0.036,,,,,-0.036,,-5,-5,0.002,0.002,31,31,32,31,1,3,6,1,4,1,2.93,1.74,1.74,13.7,,,,,
FF,2026-06-07,94.4,-2.47,5.19,"Williams, Devin",666023,642207,,called_strike,,,,,6,,R,R,R,SD,NYM,S,,,1,0,2026,-1.04,1.33,0.6125389757493311,2.4787207183581574,,669392,,2,9,Bot,,,,,,,10.48951661548781,-137.0533903312522,-4.2522466722981465,-15.42403532644488,29.80847871247616,-14.664119729929295,3.105036089,1.567027559,,,,96.3,2438,7.5,823291,620443,676724,543760,683146,666182,669004,805999,701807,53.05,,,,,,,,81,2,4-Seam Fastball,2,7,2,7,7,2,2,7,Standard,Standard,229,0,-0.05,,,,,0.05,,-5,-5,0.002,0.002,31,31,32,31,1,3,6,1,4,1,1.24,1.04,1.04,21.4,,,,,
CH,2026-06-07,84.5,-2.37,5.01,"Williams, Devin",666023,642207,,ball,,,,,14,,R,R,R,SD,NYM,B,,,0,0,2026,-1.85,0.14,1.1693076340234863,1.4964142052185414,,,669392,2,9,Bot,,,,,,,12.066025128195779,-122.53415084546964,-1.9084108810290128,-20.988524122456166,23.03711829212731,-30.558809825540457,3.105036089,1.567027559,,,,85.9,2647,7.3,823291,620443,676724,543760,683146,666182,669004,805999,701807,53.21,,,,,,,,81,1,Changeup,2,7,2,7,7,2,2,7,Standard,Standard,268,0.001,0.039,,,,,-0.039,,-5,-5,0.001,0.001,31,31,32,31,1,3,6,1,4,1,3.06,1.85,1.85,15.6,,,,,
FF,2026-06-07,93.5,-2.34,5.22,"Williams, Devin",669392,642207,walk,ball,,,,,12,Samad Taylor walks.,R,R,R,SD,NYM,B,,,3,1,2026,-0.93,1.43,1.1187770411029536,2.535709548734045,,,,2,9,Bot,,,,,,,11.119169557747831,-135.73487511098566,-4.271838556969552,-13.908085373674803,28.34679509057149,-13.64719393579694,3.038336614,1.533366142,,,,95.6,2307,7.5,823291,620443,676724,543760,683146,666182,669004,805999,701807,52.97,,0.698841,0.7,1,0,0,,80,5,4-Seam Fastball,2,7,2,7,7,2,2,7,Standard,Standard,226,0,0.202,,,,,-0.202,,-5,-5,0.001,0.001,31,27,32,28,1,3,6,4,4,1,1.18,0.93,0.93,23.6,,,,,
CH,2026-06-07,84.8,-2.53,5.04,"Williams, Devin",669392,642207,,ball,,,,,13,,R,R,R,SD,NYM,B,,,2,1,2026,-1.74,0.16,-0.8960676316675573,1.7243066202025847,,,,2,9,Bot,,,,,,,7.428387144756305,-123.29787075677952,-1.5528424290689564,-19.26661276238316,23.922877652017338,-30.39194659545894,3.038336614,1.533366142,,,,86.1,2623,7.1,823291,620443,676724,543760,683146,666182,669004,805999,701807,53.36,,,,,,,,80,4,Changeup,2,7,2,7,7,2,2,7,Standard,Standard,268,0,0.1,,,,,-0.1,,-5,-5,0.001,0.001,31,27,32,28,1,3,6,4,4,1,3,1.74,1.74,11.9,,,,,
FC,2026-06-07,89.4,-2.33,5.22,"Williams, Devin",669392,642207,,ball,,,,,14,,R,R,R,SD,NYM,B,,,1,1,2026,0.24,0.99,3.4571475537005862,0.3690656210248673,,,,2,9,Bot,,,,,,,13.810777147734857,-129.34373251754587,-7.954026529690928,0.06089884952091261,24.68531473510842,-19.43004024918054,3.038336614,1.533366142,,,,91.3,2518,7.5,823291,620443,676724,543760,683146,666182,669004,805999,701807,52.97,,,,,,,,80,3,Cutter,2,7,2,7,7,2,2,7,Standard,Standard,207,0,0.054,,,,,-0.054,,-5,-5,0.001,0.001,31,27,32,28,1,3,6,4,4,1,1.87,-0.24,-0.24,22.2,,,,,
FC,2026-06-07,88.6,-2.46,5.28,"Williams, Devin",669392,642207,,ball,,,,,14,,R,R,R,SD,NYM,B,,,0,1,2026,0.1,0.84,0.39533769729545565,1.2826907994962204,,,,2,9,Bot,,,,,,,6.811893773078344,-128.9194366781516,-5.397080299357163,-0.15698137757237887,23.72150817074279,-21.93394681809941,3.038336614,1.533366142,,,,90.7,2314,7.3,823291,620443,676724,543760,683146,666182,669004,805999,701807,53.21,,,,,,,,80,2,Cutter,2,7,2,7,7,2,2,7,Standard,Standard,193,0,0.032,,,,,-0.032,,-5,-5,0.001,0.001,31,27,32,28,1,3,6,4,4,1,2.04,-0.1,-0.1,22.0,,,,,
FF,2026-06-07,93.1,-2.26,5.3,"Williams, Devin",669392,642207,,called_strike,,,,,5,,R,R,R,SD,NYM,S,,,0,0,2026,-1.22,1.28,-0.24223594126450876,2.3220436935967754,,,,2,9,Bot,,,,,,,7.977648015117951,-135.45021447852972,-4.656596004244901,-16.75514622652199,27.610434927199552,-15.500557387027806,3.038336614,1.533366142,,,,95,2181,7.2,823291,620443,676724,543760,683146,666182,669004,805999,701807,53.26,,,,,,,,80,1,4-Seam Fastball,2,7,2,7,7,2,2,7,Standard,Standard,231,0,-0.044,,,,,0.044,,-5,-5,0.001,0.001,31,27,32,28,1,3,6,4,4,1,1.33,1.22,1.22,24.4,,,,,
CH,2026-06-07,84.7,-2.48,4.99,"Williams, Devin",687749,642207,strikeout,swinging_strike,,,,,13,Jase Bowen strikes out swinging.,R,R,R,SD,NYM,S,2,,0,2,2026,-1.79,-0.58,-1.1517323749722874,1.9362973842724993,,,,1,9,Bot,,,,,,,6.7991869907185825,-123.13175549445366,0.6741361220130597,-19.60313438495006,26.297716359918866,-38.405706881633876,3.208595801,1.619291339,,,,85.5,2607,7,823291,620443,676724,543760,683146,666182,669004,805999,701807,53.49,,0,0,1,0,0,,79,3,Changeup,2,7,2,7,7,2,2,7,Standard,Standard,282,-0.001,-0.165,74.3,8.4,2.588599932,,0.165,,-5,-5,0.002,0.002,31,25,32,26,1,3,6,3,4,1,3.78,1.79,1.79,10.9,30.950818270081086,-23.984814860005656,37.20774662333036,23.63133286883115,41.160473227414684
FF,2026-06-07,94.8,-2.39,5.22,"Williams, Devin",687749,642207,,called_strike,,,,,3,,R,R,R,SD,NYM,S,,,0,1,2026,-1.11,1.37,0.5875345457048413,3.037687323937928,,,,1,9,Bot,,,,,,,10.428791756438248,-137.7187445055082,-3.0594433991165824,-16.325037311292263,28.208661151026572,-14.177450546230217,3.208595801,1.619291339,,,,97.1,2339,7.5,823291,620443,676724,543760,683146,666182,669004,805999,701807,52.99,,,,,,,,79,2,4-Seam Fastball,2,7,2,7,7,2,2,7,Standard,Standard,231,-0.001,-0.056,,,,,0.056,,-5,-5,0.003,0.003,31,25,32,26,1,3,6,3,4,1,1.16,1.11,1.11,22.1,,,,,
FF,2026-06-07,94,-2.53,5.22,"Williams, Devin",687749,642207,,called_strike,,,,,1,,R,R,R,SD,NYM,S,,,0,0,2026,-1.54,1.26,-0.8246169904839047,2.9793835206830357,,,,1,9,Bot,,,,,,,7.955835810973145,-136.69264914574563,-2.7821091675012495,-21.004627343936036,29.967583728035308,-15.991815854558423,3.208595801,1.619291339,,,,95.6,2343,7.2,823291,620443,676724,543760,683146,666182,669004,805999,701807,53.27,,,,,,,,79,1,4-Seam Fastball,2,7,2,7,7,2,2,7,Standard,Standard,233,0,-0.043,,,,,0.043,,-5,-5,0.003,0.003,31,25,32,26,1,3,6,3,4,1,1.33,1.54,1.54,20.0,,,,,
FF,2026-06-07,93.4,-2.29,5.09,"Williams, Devin",669369,642207,field_out,hit_into_play,,,,,6,Bryce Johnson pops out to shortstop Bo Bichette.,R,L,R,SD,NYM,X,6,popup,0,2,2026,-1.28,1.28,0.33201778491212197,2.353393740448914,,,,0,9,Bot,127.42,161.21,,,,,9.761202989434818,-135.6802602215157,-4.078438070453098,-17.941542588903488,27.668315263115588,-15.6399422731715,3.185777559,1.607775591,110,94.9,73,95.8,2319,7.6,823291,620443,676724,543760,683146,666182,669004,805999,701807,52.9,0.006,0.007,0,1,0,0,3,78,3,4-Seam Fastball,2,7,2,7,7,2,2,7,Strategic,Standard,233,-0.003,-0.166,69.6,8.4,,0.008,0.166,94.9,-5,-5,0.006,0.006,31,30,32,31,1,0,6,2,4,2,1.33,1.28,-1.28,21.4,20.265274814481234,-24.776303619816865,47.381361326238164,28.566523243621717,36.73680314758008
CH,2026-06-07,83.6,-2.37,5.02,"Williams, Devin",669369,642207,,called_strike,,,,,5,,R,L,R,SD,NYM,S,,,0,1,2026,-1.92,-0.24,-0.03419114254211664,2.0959758668634056,,,,0,9,Bot,,,,,,,9.276115151210401,-121.35900736734841,0.4170902835782764,-20.76613052797437,23.881173806731034,-34.84142229654917,3.185777559,1.607775591,,,,84.5,2452,7,823291,620443,676724,543760,683146,666182,669004,805999,701807,53.47,,,,,,,,78,2,Changeup,2,7,2,7,7,2,2,7,Standard,Standard,276,-0.001,-0.055,,,,,0.055,,-5,-5,0.007,0.007,31,30,32,31,1,0,6,2,4,2,3.52,1.92,-1.92,13.2,,,,,
FF,2026-06-07,93.8,-2.45,5.13,"Williams, Devin",669369,642207,,called_strike,,,,,2,,R,L,R,SD,NYM,S,,,0,0,2026,-1.18,1.28,-0.19117530716600784,3.2269712515785915,,,,0,9,Bot,,,,,,,8.592625979359397,-136.26183634738163,-1.910975113927573,-16.651225279711117,31.451311773406072,-16.01815554947273,3.185777559,1.607775591,,,,95.4,2290,7.4,823291,620443,676724,543760,683146,666182,669004,805999,701807,53.06,,,,,,,,78,1,4-Seam Fastball,2,7,2,7,7,2,2,7,Standard,Standard,231,-0.001,-0.043,,,,,0.043,,-5,-5,0.008,0.008,31,30,32,31,1,0,6,2,4,2,1.33,1.18,-1.18,17.2,,,,,
FF,2026-06-01,92.9,-2.32,5.39,"Williams, Devin",668227,642207,strikeout,swinging_strike,,,,,2,Randy Arozarena strikes out swinging.,R,R,R,SEA,NYM,S,2,,1,2,2026,-0.88,1.33,0.2698928671904979,3.1781191766797083,,,,2,9,Bot,,,,,,,8.64908451194176,-135.05268778637912,-2.6862410911119197,-12.586255040814928,29.14736310906003,-15.535660585896933,3.127854331,1.578543307,,,,94.5,2247,7.3,823131,620443,676724,543760,683146,666182,665742,805999,701807,53.22,,0,0,1,0,0,,60,4,4-Seam Fastball,2,2,2,2,2,2,2,2,Standard,Standard,210,-0.025,-0.177,67.7,5.8,0.1,,0.177,,0,0,0.525,0.525,31,31,32,31,1,3,2,1,6,1,1.32,0.88,0.88,23.1,1.9596405034141855,33.71366095006837,19.541302505534414,35.45402597308593,16.84572500663998
CH,2026-06-01,85.1,-2.38,5.12,"Williams, Devin",668227,642207,,swinging_strike,,,,,9,,R,R,R,SEA,NYM,S,,,1,1,2026,-1.7,-0.09,0.571642943376073,1.7421239510620077,,,,2,9,Bot,,,,,,,10.461387480283886,-123.51431823885513,-1.1760217053499749,-19.47619265703078,25.16189680563456,-33.03519196272318,3.127854331,1.578543307,,,,86.3,2432,7.2,823131,620443,676724,543760,683146,666182,665742,805999,701807,53.27,,,,,,,,60,3,Changeup,2,2,2,2,2,2,2,2,Standard,Standard,266,-0.009,-0.069,79.3,8.4,1.059600936,,0.069,,0,0,0.534,0.534,31,31,32,31,1,3,2,1,6,1,3.26,1.7,1.7,15.0,14.653323223892947,-10.790965115485202,26.68142086838275,39.40532060087594,32.95718688465268
FF,2026-06-01,93.2,-2.39,5.33,"Williams, Devin",668227,642207,,swinging_strike,,,,,12,,R,R,R,SEA,NYM,S,,,1,0,2026,-0.89,1.23,0.33383410224189336,3.3231837855304796,,,,2,9,Bot,,,,,,,9.028231462660099,-135.48600209796294,-1.9810553814946994,-12.92553875671813,30.400729873416118,-16.812832231529004,3.127854331,1.578543307,,,,94.5,2133,7.2,823131,620443,676724,543760,683146,666182,665742,805999,701807,53.33,,,,,,,,60,2,4-Seam Fastball,2,2,2,2,2,2,2,2,Standard,Standard,232,-0.005,-0.053,70.3,6.6,0.589174848,,0.053,,0,0,0.539,0.539,31,31,32,31,1,3,2,1,6,1,1.41,0.89,0.89,23.4,10.493975102718762,29.910427777491392,18.221392841758778,38.21110085880008,18.196492559588002
CH,2026-06-01,83.4,-2.54,5.22,"Williams, Devin",668227,642207,,ball,,,,,13,,R,R,R,SEA,NYM,B,,,0,0,2026,-1.53,-0.31,-0.9623061588526047,1.8187736506605297,,,,2,9,Bot,,,,,,,6.734109465765667,-121.23770476131331,-0.49269223902121606,-16.450068798490307,24.53598819511529,-35.39273092723094,3.127854331,1.578543307,,,,84.2,2493,7,823131,620443,676724,543760,683146,666182,665742,805999,701807,53.52,,,,,,,,60,1,Changeup,2,2,2,2,2,2,2,2,Standard,Standard,275,0.003,0.041,,,,,-0.041,,0,0,0.536,0.536,31,31,32,31,1,3,2,1,6,1,3.61,1.53,1.53,12.1,,,,,
FF,2026-06-01,93.1,-2.37,5.34,"Williams, Devin",645302,642207,field_out,hit_into_play,,,,,9,"Victor Robles grounds out, third baseman Brett Baty to first baseman Jared Young.",R,R,R,SEA,NYM,X,5,ground_ball,3,2,2026,-1.11,1.16,0.4191455760745042,1.9875441447816415,,,,1,9,Bot,88.77,158.17,,,,,9.711011540729922,-135.2406041630498,-5.290465925012953,-15.715932013863139,29.775979227222635,-16.902548311278107,3.198941929,1.614419291,4,74.4,-28,94.6,2315,7.3,823131,620443,676724,543760,683146,666182,665742,805999,701807,53.21,0.053,0.048,0,1,0,0,2,59,6,4-Seam Fastball,2,2,2,2,2,2,2,2,Standard,Standard,229,-0.054,-0.35,67.3,6.9,,0.059,0.35,88.0,0,0,0.59,0.59,31,29,32,29,1,0,2,1,6,4,1.48,1.11,1.11,23.8,16.53826120255055,-3.968868616275489,31.78735077458023,47.301060087635385,23.55679250261271
CH,2026-06-01,83.1,-2.44,5.21,"Williams, Devin",645302,642207,,swinging_strike,,,,,7,,R,R,R,SEA,NYM,S,,,3,1,2026,-1.71,0.05,-0.4447864438046458,2.00764214085786,,,,1,9,Bot,,,,,,,8.034136002488125,-120.73261049344768,-0.6800374554640432,-18.308839977592463,25.467852861971046,-31.819832944785418,3.198941929,1.614419291,,,,83.9,2580,7.1,823131,620443,676724,543760,683146,666182,665742,805999,701807,53.41,,,,,,,,59,5,Changeup,2,2,2,2,2,2,2,2,Standard,Standard,275,-0.013,-0.087,73.6,7.8,2.063343864,,0.087,,0,0,0.603,0.603,31,29,32,29,1,0,2,1,6,4,3.29,1.71,1.71,14.6,26.85633168532325,-38.95852252084257,32.409764947735276,37.20532506237056,44.05483501171721
FF,2026-06-01,92.7,-2.41,5.36,"Williams, Devin",645302,642207,,called_strike,,,,,2,,R,R,R,SEA,NYM,S,,,3,0,2026,-0.96,1.41,-0.08887736052907225,2.9565556902405703,,,,1,9,Bot,,,,,,,8.108278735216865,-134.7727426717069,-3.3239525517318427,-13.522036287326,30.37965074282945,-14.436350583049306,3.198941929,1.614419291,,,,93.8,2309,7.1,823131,620443,676724,543760,683146,666182,665742,805999,701807,53.43,,,,,,,,59,4,4-Seam Fastball,2,2,2,2,2,2,2,2,Standard,Standard,227,-0.011,-0.085,,,,,0.085,,0,0,0.614,0.614,31,29,32,29,1,0,2,1,6,4,1.25,0.96,0.96,22.9,,,,,
FF,2026-06-01,93,-2.35,5.34,"Williams, Devin",645302,642207,,ball,,,,,14,,R,R,R,SEA,NYM,B,,,2,0,2026,-0.86,1.46,1.6775252766794782,2.3155000969913435,,,,1,9,Bot,,,,,,,12.265287661024953,-134.7655409724699,-5.033954698481921,-13.19936279609457,30.638337876707933,-13.45783658870975,3.198941929,1.614419291,,,,93.9,2360,7.2,823131,620443,676724,543760,683146,666182,665742,805999,701807,53.34,,,,,,,,59,3,4-Seam Fastball,2,2,2,2,2,2,2,2,Standard,Standard,230,0.016,0.142,,,,,-0.142,,0,0,0.598,0.598,31,29,32,29,1,0,2,1,6,4,1.21,0.86,0.86,23.3,,,,,
CH,2026-06-01,83.9,-2.56,5.22,"Williams, Devin",645302,642207,,ball,,,,,11,,R,R,R,SEA,NYM,B,,,1,0,2026,-1.65,-0.09,-1.3053607054339795,2.823177114044254,,,,1,9,Bot,,,,,,,6.2917674849847,-121.97647305533803,1.2706727075572823,-17.748051410617606,24.470836590417765,-33.51676534983594,3.198941929,1.614419291,,,,85,2567,7.1,823131,620443,676724,543760,683146,666182,665742,805999,701807,53.43,,,,,,,,59,2,Changeup,2,2,2,2,2,2,2,2,Standard,Standard,276,0.011,0.074,,,,,-0.074,,0,0,0.587,0.587,31,29,32,29,1,0,2,1,6,4,3.33,1.65,1.65,12.3,,,,,
CH,2026-06-01,84.3,-2.44,5.14,"Williams, Devin",645302,642207,,ball,,,,,13,,R,R,R,SEA,NYM,B,,,0,0,2026,-1.74,0.06,-0.4740290046431559,1.3151568648661343,,,,1,9,Bot,,,,,,,8.126921539547457,-122.50385961830955,-2.3568008061751993,-19.138700879167047,26.061504595553927,-31.29681317589442,3.198941929,1.614419291,,,,85,2434,7,823131,620443,676724,543760,683146,666182,665742,805999,701807,53.5,,,,,,,,59,1,Changeup,2,2,2,2,2,2,2,2,Standard,Standard,274,0.005,0.043,,,,,-0.043,,0,0,0.582,0.582,31,29,32,29,1,0,2,1,6,4,3.18,1.74,1.74,12.3,,,,,
FF,2026-06-01,94.1,-2.28,5.39,"Williams, Devin",677594,642207,strikeout,swinging_strike,,,,,3,Julio Rodríguez strikes out swinging.,R,R,R,SEA,NYM,S,2,,1,2,2026,-0.9,1.3,0.8107291834824847,3.394522450945256,,,,0,9,Bot,,,,,,,10.105326586568804,-136.61901196939755,-2.216349506683317,-13.6009134283771,31.224180975840355,-15.642064123045001,3.377977362,1.704773622,,,,95.3,2264,7.2,823131,620443,676724,543760,683146,666182,665742,805999,701807,53.3,,0,0,1,0,0,,58,8,4-Seam Fastball,2,2,2,2,2,2,2,2,Standard,Standard,222,-0.04,-0.19,72.8,6.7,0.910392276,,0.19,,0,0,0.622,0.622,31,25,32,26,1,3,2,1,6,1,1.29,0.9,0.9,23.1,-1.5318158580779193,26.801037320844046,21.45428000720607,48.53322345088924,12.653559691396183
FF,2026-06-01,93.8,-2.32,5.28,"Williams, Devin",677594,642207,,ball,,,,,12,,R,R,R,SEA,NYM,B,,,0,2,2026,-1.03,1.33,0.9684463842044917,3.1953482201772525,,,,0,9,Bot,,,,,,,10.892243675473267,-136.16543837303226,-2.443394112142344,-15.354728051556032,32.02402562623622,-15.37836576758822,3.377977362,1.704773622,,,,94.9,2318,7.2,823131,620443,676724,543760,683146,666182,665742,805999,701807,53.3,,,,,,,,58,7,4-Seam Fastball,2,2,2,2,2,2,2,2,Standard,Standard,226,0.006,0.023,,,,,-0.023,,0,0,0.616,0.616,31,25,32,26,1,3,2,1,6,1,1.29,1.03,1.03,19.4,,,,,
CH,2026-06-01,83.4,-2.46,5.18,"Williams, Devin",677594,642207,,foul,,,,,9,,R,R,R,SEA,NYM,S,,,0,2,2026,-1.75,-0.02,0.29931266659184685,1.8896951589146105,,,,0,9,Bot,,,,,,,9.873331997067252,-120.97327957485484,-0.7154275174936644,-19.167706970325884,27.01141298194372,-32.481165855660755,3.377977362,1.704773622,17,96.7,-6,83.8,2646,7.1,823131,620443,676724,543760,683146,666182,665742,805999,701807,53.42,,,,,,,,58,6,Changeup,2,2,2,2,2,2,2,2,Standard,Standard,279,0,0,79.0,8.5,,,0,96.7,0,0,0.616,0.616,31,25,32,26,1,3,2,1,6,1,3.36,1.75,1.75,14.2,18.420034776130997,-22.23223044670345,30.433695634493446,41.84973526483246,43.4288059254978
CH,2026-06-01,83.6,-2.45,5.17,"Williams, Devin",677594,642207,,foul,,,,,8,,R,R,R,SEA,NYM,S,,,0,2,2026,-1.71,-0.16,-0.2292430095882827,2.0297391473671604,,,,0,9,Bot,,,,,,,8.600118619202316,-121.3212012791537,-0.12260173774278438,-18.62564632552174,27.66225477576088,-33.99721050278084,3.377977362,1.704773622,3,64.6,-36,84,2510,7.1,823131,620443,676724,543760,683146,666182,665742,805999,701807,53.42,,,,,,,,58,5,Changeup,2,2,2,2,2,2,2,2,Standard,Standard,269,0,0,80.5,7.6,,,0,88.0,0,0,0.616,0.616,31,25,32,26,1,3,2,1,6,1,3.49,1.71,1.71,11.8,15.274796735954583,-9.592679659442492,32.67391163132545,35.541565902448184,34.17705038228306
FF,2026-06-01,92.9,-2.31,5.3,"Williams, Devin",677594,642207,,foul,,,,,2,,R,R,R,SEA,NYM,S,,,0,2,2026,-0.95,1.46,0.2581852841093226,2.9431974218770467,,,,0,9,Bot,,,,,,,8.756484955715718,-135.021727909089,-3.3485607679606484,-13.524812445794305,29.83317891879882,-13.773675660983287,3.377977362,1.704773622,,,,94.3,2380,7.2,823131,620443,676724,543760,683146,666182,665742,805999,701807,53.28,,,,,,,,58,4,4-Seam Fastball,2,2,2,2,2,2,2,2,Standard,Standard,225,0,0,77.8,7.2,,,0,,0,0,0.616,0.616,31,25,32,26,1,3,2,1,6,1,1.19,0.95,0.95,25.1,5.051149112220687,9.731609694258273,26.276005120317027,40.87482820295783,24.49543616702659
CH,2026-06-01,82.5,-2.43,5.18,"Williams, Devin",677594,642207,,foul,,,,,14,,R,R,R,SEA,NYM,S,,,0,2,2026,-1.88,-0.3,0.016968987508908295,1.2401703343708266,,,,0,9,Bot,,,,,,,9.31260244113633,-119.70646837493622,-1.5271415522826193,-19.881428371255527,25.289205554350083,-34.98027241356308,3.377977362,1.704773622,3,59.5,-27,83.1,2687,7.1,823131,620443,676724,543760,683146,666182,665742,805999,701807,53.45,,,,,,,,58,3,Changeup,2,2,2,2,2,2,2,2,Standard,Standard,266,0,0,70.3,8.9,,,0,88.0,0,0,0.616,0.616,31,25,32,26,1,3,2,1,6,1,3.7,1.88,1.88,11.1,20.89996283376522,-21.566889918271947,33.645067637780855,38.90580753591533,43.77650794875421
CH,2026-06-01,82.6,-2.41,5.19,"Williams, Devin",677594,642207,,called_strike,,,,,6,,R,R,R,SEA,NYM,S,,,0,1,2026,-1.74,-0.31,0.506612292249295,2.274029827318394,,,,0,9,Bot,,,,,,,10.06647199423374,-119.77758197243719,0.7636760378526601,-18.679461153934135,23.96566794773032,-35.52138728510282,3.377977362,1.704773622,,,,83.1,2659,6.9,823131,620443,676724,543760,683146,666182,665742,805999,701807,53.62,,,,,,,,58,2,Changeup,2,2,2,2,2,2,2,2,Standard,Standard,277,-0.014,-0.055,,,,,0.055,,0,0,0.63,0.63,31,25,32,26,1,3,2,1,6,1,3.68,1.74,1.74,13.3,,,,,
CH,2026-06-01,82.8,-2.5,5.17,"Williams, Devin",677594,642207,,swinging_strike,,,,,8,,R,R,R,SEA,NYM,S,,,0,0,2026,-1.74,-0.08,0.0491645264023568,1.9126652445499164,,,,0,9,Bot,,,,,,,9.29502198616225,-120.19844992284288,-0.5100025883491339,-18.6678528352163,23.916385572806053,-33.11570675364163,3.377977362,1.704773622,,,,83.5,2687,6.9,823131,620443,676724,543760,683146,666182,665742,805999,701807,53.59,,,,,,,,58,1,Changeup,2,2,2,2,2,2,2,2,Standard,Standard,277,-0.009,-0.043,83.7,8.9,0.876377988,,0.043,,0,0,0.639,0.639,31,25,32,26,1,3,2,1,6,1,3.43,1.74,1.74,13.9,21.888527054603543,-35.06052911838448,27.357067265280662,38.995977613835805,54.68818051176514
CH,2026-05-30,84.3,-2.22,5.18,"Williams, Devin",666624,642207,strikeout,swinging_strike,,,,,13,Christopher Morel strikes out swinging.,R,R,R,NYM,MIA,S,2,,0,2,2026,-1.55,-0.34,-0.8083394264462354,1.1065725217837126,,,,2,9,Top,,,,,,,6.49940438440689,-122.46095445568291,-2.0591249553477393,-16.92590238894258,28.356332061770186,-35.28657510974835,3.227903543,1.629035433,,,,85.1,2649,7.3,823622,663584,668901,543760,666182,660644,665742,805999,701807,53.23,,0,0,1,0,0,,70,3,Changeup,6,1,1,6,1,6,1,6,Strategic,Standard,278,0.001,-0.154,74.3,8.4,1.161019656,,0.154,,5,-5,0.999,0.0010000000000000009,31,27,32,27,1,3,3,3,2,4,3.6,1.55,1.55,16.0,13.67705930282129,-34.60711761099621,28.363198514348582,27.54197729510315,48.661464056792234
FC,2026-05-30,88.8,-2.36,5.36,"Williams, Devin",666624,642207,,foul,,,,,14,,R,R,R,NYM,MIA,S,,,0,1,2026,0.07,0.66,1.0479269129961697,1.864664370699887,,,,2,9,Top,,,,,,,8.210526904215868,-129.03695481643572,-3.730939962332632,-0.906406367165641,26.981362402872676,-24.190796844583435,3.227903543,1.629035433,6,71.8,-17,90.2,2454,7.2,823622,663584,668901,543760,666182,660644,665742,805999,701807,53.27,,,,,,,,70,2,Cutter,6,1,1,6,1,6,1,6,Strategic,Standard,188,0,-0.061,63.8,7.5,,,0.061,88.0,5,-5,0.999,0.0010000000000000009,31,27,32,27,1,3,3,3,2,4,2.24,-0.07,-0.07,21.9,7.558578365891428,15.920794110247694,24.360813392341335,48.481109831565746,24.93723827725085
FF,2026-05-30,93.6,-2.33,5.36,"Williams, Devin",666624,642207,,called_strike,,,,,7,,R,R,R,NYM,MIA,S,,,0,0,2026,-0.95,1.36,-0.5643923959281003,1.987356994483037,,,,2,9,Top,,,,,,,6.798894737189824,-136.03559342728136,-5.8724239090163355,-13.370225959610613,32.579383254724476,-14.184450860699707,3.227903543,1.629035433,,,,95.3,2241,7.5,823622,663584,668901,543760,666182,660644,665742,805999,701807,52.96,,,,,,,,70,1,4-Seam Fastball,6,1,1,6,1,6,1,6,Strategic,Standard,222,0,-0.044,,,,,0.044,,5,-5,0.999,0.0010000000000000009,31,27,32,27,1,3,3,3,2,4,1.27,0.95,0.95,24.9,,,,,
CH,2026-05-30,84.1,-2.3,5.2,"Williams, Devin",683357,642207,field_out,hit_into_play,,,,,5,Owen Caissie pops out to shortstop Vidal Bruján.,R,L,R,NYM,MIA,X,6,popup,1,1,2026,-1.79,-0.14,0.14652101249693295,2.257383870471738,,,,1,9,Top,121.41,165.87,,,,,9.33056552610676,-122.01622452304059,0.18197953480440976,-19.732564615486336,26.115959145812297,-33.889490351549064,3.369201116,1.700344488,93,83,68,84.7,2539,7.1,823622,663584,668901,543760,666182,660644,665742,805999,701807,53.43,0.003,0.003,0,1,0,0,3,69,3,Changeup,6,1,1,6,1,6,1,6,Standard,Standard,276,0.001,-0.255,81.8,7.5,,0.003,0.255,88.0,5,-5,0.998,0.0020000000000000018,31,23,32,24,1,3,3,1,2,1,3.41,1.79,-1.79,13.9,15.942284567859096,-17.259767645960448,34.57750828702391,35.3581722175478,43.34322698208017
CH,2026-05-30,83.4,-2.33,5.17,"Williams, Devin",683357,642207,,swinging_strike,,,,,7,,R,L,R,NYM,MIA,S,,,1,0,2026,-1.76,0.07,-0.5515809050968281,1.5872719835798237,,,,1,9,Top,,,,,,,7.668454226270815,-121.1231158170513,-1.669236267971198,-18.881996862264362,25.191532749686065,-31.33423028240215,3.369201116,1.700344488,,,,84.2,2475,7.1,823622,663584,668901,543760,666182,660644,665742,805999,701807,53.43,,,,,,,,69,2,Changeup,6,1,1,6,1,6,1,6,Standard,Standard,274,0,-0.051,74.7,8.7,8.779354836,,0.051,,5,-5,0.998,0.0020000000000000018,31,23,32,24,1,3,3,1,2,1,3.23,1.76,-1.76,14.0,32.295905351838854,-37.25080890882765,34.749031210411985,43.69001098256798,56.690857681845685
CH,2026-05-30,82.2,-2.26,5.26,"Williams, Devin",683357,642207,,ball,,,,,11,,R,L,R,NYM,MIA,B,,,0,0,2026,-1.7,-0.09,-0.996421956726723,2.9235655647677357,,,,1,9,Top,,,,,,,6.264281848073288,-119.51931280235719,1.7249219543713317,-17.51546601019578,25.613919423325793,-33.643263093751536,3.369201116,1.700344488,,,,82.7,2317,6.9,823622,663584,668901,543760,666182,660644,665742,805999,701807,53.58,,,,,,,,69,1,Changeup,6,1,1,6,1,6,1,6,Standard,Standard,278,0,0.043,,,,,-0.043,,5,-5,0.998,0.0020000000000000018,31,23,32,24,1,3,3,1,2,1,3.5,1.7,-1.7,14.1,,,,,
CH,2026-05-30,83,-2.29,5.15,"Williams, Devin",677870,642207,field_out,hit_into_play,,,,,8,"Leo Jiménez grounds out, shortstop Vidal Bruján to first baseman Mark Vientos.",R,R,R,NYM,MIA,X,6,ground_ball,1,0,2026,-1.79,-0.13,0.023082225081313856,1.828682913806484,,,,0,9,Top,103.16,150.67,,,,,8.921453404600808,-120.54913577625827,-0.5736557609747969,-19.19701395561175,25.157627907191223,-33.576386539943975,3.118200459,1.57367126,11,104.2,-11,84,2478,7.2,823622,663584,668901,543760,666182,660644,665742,805999,701807,53.28,0.281,0.253,0,1,0,0,2,68,2,Changeup,6,1,1,6,1,6,1,6,Standard,Standard,274,0.005,-0.311,73.2,7.5,,0.294,0.311,104.2,5,-5,0.993,0.007000000000000006,31,25,32,25,1,3,3,10,2,2,3.47,1.79,1.79,12.1,9.52736201053769,-2.0383160407209293,32.068245229418935,36.0754229756665,34.012449379796635
FF,2026-05-30,93.2,-2.17,5.32,"Williams, Devin",677870,642207,,ball,,,,,12,,R,R,R,NYM,MIA,B,,,0,0,2026,-0.89,1.36,0.1614517030832071,3.6793815941103984,,,,0,9,Top,,,,,,,8.108505485756934,-135.492868334813,-1.3043999557682893,-12.807238946659869,31.075501602117484,-15.437499943693163,3.118200459,1.57367126,,,,95.2,2246,7.6,823622,663584,668901,543760,666182,660644,665742,805999,701807,52.86,,,,,,,,68,1,4-Seam Fastball,6,1,1,6,1,6,1,6,Standard,Standard,230,-0.001,0.046,,,,,-0.046,,5,-5,0.994,0.006000000000000005,31,25,32,25,1,3,3,10,2,2,1.28,0.89,0.89,23.1,,,,,
CH,2026-05-27,83.8,-2.35,5,"Williams, Devin",694362,642207,strikeout,swinging_strike,,,,,14,Blake Dunn strikes out swinging.,R,R,R,NYM,CIN,S,2,,0,2,2026,-1.57,-0.31,0.3077161370308903,1.0234505621306882,553993,680574,664731,2,9,Top,,,,,,,9.387578285039229,-121.73168898290815,-1.8855115516742276,-17.448955128878286,24.818522817558637,-35.09527052365992,3.09011647,1.559498032,,,,85.1,2592,7.3,823626,620443,668901,543760,683146,666182,665742,805999,701807,53.19,,0,0,1,0,0,,80,3,Changeup,4,2,2,4,2,4,2,4,Standard,Standard,280,0.089,-0.15,68.6,7.5,3.008473752,,0.15,,2,-2,0.911,0.08899999999999997,31,27,32,28,1,5,3,1,3,2,3.58,1.57,1.57,12.7,20.65222974812815,-18.1128397895463,33.59727873208112,41.116790872856114,50.630880851383765
CH,2026-05-27,85.4,-2.42,5.1,"Williams, Devin",694362,642207,,swinging_strike_blocked,,,,,14,,R,R,R,NYM,CIN,S,,,0,1,2026,-1.79,0.05,0.1639017880540221,0.6386387738273784,553993,680574,664731,2,9,Top,,,,,,,9.824187371802076,-123.89560616200164,-4.083488089883165,-20.411594484314048,24.427086412433272,-31.067508371856746,3.09011647,1.559498032,,,,86.7,2543,7.3,823626,620443,668901,543760,683146,666182,665742,805999,701807,53.25,,,,,,,,80,2,Changeup,4,2,2,4,2,4,2,4,Standard,Standard,273,0.037,-0.058,58.2,7.9,8.519510412,,0.058,,2,-2,0.874,0.126,31,27,32,28,1,5,3,1,3,2,3.1,1.79,1.79,13.3,26.934092351318803,-30.723384111170464,36.053246092138146,40.00419901414247,53.07412438738845
CH,2026-05-27,84.6,-2.42,5.03,"Williams, Devin",694362,642207,,called_strike,,,,,7,,R,R,R,NYM,CIN,S,,,0,0,2026,-1.92,-0.09,-0.46634194245137106,2.002896676897786,553993,680574,664731,2,9,Top,,,,,,,8.553372053957176,-122.86191745322844,-0.2560286412076559,-21.139999466413737,25.365132777302517,-33.25518517301255,3.09011647,1.559498032,,,,85.8,2447,7.3,823626,620443,668901,543760,683146,666182,665742,805999,701807,53.22,,,,,,,,80,1,Changeup,4,2,2,4,2,4,2,4,Standard,Standard,276,0.022,-0.033,,,,,0.033,,2,-2,0.852,0.14800000000000002,31,27,32,28,1,5,3,1,3,2,3.3,1.92,1.92,12.7,,,,,
CH,2026-05-27,84.6,-2.5,5.02,"Williams, Devin",667472,642207,strikeout,swinging_strike,,,,,13,Dane Myers strikes out swinging.,R,R,R,NYM,CIN,S,2,,1,2,2026,-1.73,-0.28,-1.5450415835046154,2.195406184398782,553993,680574,664731,1,9,Top,,,,,,,5.839374445834302,-123.06872468519201,0.5863366444496165,-18.736376304594984,25.509371636618628,-35.35276203925623,3.213861549,1.621948819,,,,86.1,2492,7.4,823626,620443,668901,543760,683146,666182,665742,805999,701807,53.11,,0,0,1,0,0,,79,4,Changeup,4,2,2,4,2,4,2,4,Standard,Standard,283,0.097,-0.223,70.1,7.0,0.874349664,,0.223,,2,-2,0.755,0.245,31,30,32,30,1,1,3,1,3,2,3.48,1.73,1.73,13.7,12.791135017687635,-19.232739752966545,32.46666378799241,17.83953662281457,30.992162317184032
CH,2026-05-27,85.9,-2.44,5.09,"Williams, Devin",667472,642207,,foul,,,,,8,,R,R,R,NYM,CIN,S,,,1,1,2026,-1.59,-0.06,-0.22685044931446696,1.9409419682725493,553993,680574,664731,1,9,Top,,,,,,,8.604416435438186,-124.85631936336446,-0.9083535590574292,-18.352979371402625,22.595305981060626,-32.82901889256825,3.213861549,1.621948819,4,85,-28,87.8,2754,7.3,823626,620443,668901,543760,683146,666182,665742,805999,701807,53.16,,,,,,,,79,3,Changeup,4,2,2,4,2,4,2,4,Standard,Standard,274,0.035,-0.105,76.1,8.0,,,0.105,88.0,2,-2,0.72,0.28,31,30,32,30,1,1,3,1,3,2,3.13,1.59,1.59,15.5,16.24348516404207,-5.4184675093847146,32.90681581412038,34.30306247580191,36.46097065211855
FF,2026-05-27,94.5,-2.36,5.29,"Williams, Devin",667472,642207,,called_strike,,,,,6,,R,R,R,NYM,CIN,S,,,1,0,2026,-0.92,1.31,0.3017169512999984,2.197928583975538,553993,680574,664731,1,9,Top,,,,,,,9.155679626165522,-137.31545965902248,-5.253694063406363,-13.675570398165549,29.200994010787706,-14.526909941453331,3.213861549,1.621948819,,,,96.8,2285,7.6,823626,620443,668901,543760,683146,666182,665742,805999,701807,52.92,,,,,,,,79,2,4-Seam Fastball,4,2,2,4,2,4,2,4,Standard,Standard,227,0.025,-0.049,,,,,0.049,,2,-2,0.695,0.30500000000000005,31,30,32,30,1,1,3,1,3,2,1.24,0.92,0.92,25.0,,,,,
CH,2026-05-27,84.5,-2.47,5.02,"Williams, Devin",667472,642207,,ball,,,,,13,,R,R,R,NYM,CIN,B,,,0,0,2026,-1.57,-0.37,-1.040098786844463,1.6383804937128175,553993,680574,664731,1,9,Top,,,,,,,6.584667337813801,-122.90237367822718,-0.5437094819543196,-17.21503235313962,24.625753892951455,-35.9932520213165,3.213861549,1.621948819,,,,85.9,2559,7.2,823626,620443,668901,543760,683146,666182,665742,805999,701807,53.26,,,,,,,,79,1,Changeup,4,2,2,4,2,4,2,4,Standard,Standard,280,-0.018,0.033,,,,,-0.033,,2,-2,0.713,0.28700000000000003,31,30,32,30,1,1,3,1,3,2,3.56,1.57,1.57,13.3,,,,,
FF,2026-05-27,94.6,-2.23,5.41,"Williams, Devin",664731,642207,walk,ball,,,,,12,P.J. Higgins walks. Eugenio Suárez to 3rd. Matt McLain to 2nd.,R,R,R,NYM,CIN,B,,,3,2,2026,-0.94,1.23,0.08709387985404826,3.7871379550102007,,553993,680574,1,9,Top,,,,,,,8.31037754478295,-137.62697063944063,-1.2341372841838687,-13.753462330926624,28.28601943245227,-16.41339523323353,3.138385827,1.583858268,,,,97.3,2328,7.7,823626,620443,668901,543760,683146,666182,665742,805999,701807,52.85,,0.698841,0.7,1,0,0,,78,8,4-Seam Fastball,4,2,2,4,2,4,2,4,Standard,Standard,223,-0.096,0.296,,,,,-0.296,,2,-2,0.809,0.19099999999999995,31,33,32,33,1,0,3,4,3,4,1.3,0.94,0.94,24.8,,,,,
CH,2026-05-27,85.6,-2.38,5.05,"Williams, Devin",664731,642207,,foul,,,,,4,,R,R,R,NYM,CIN,S,,,3,2,2026,-1.6,-0.27,-0.38499169475457995,2.1998415505315405,,553993,680574,1,9,Top,,,,,,,8.100589868701,-124.38244707572348,0.34881445773849906,-18.261380004518486,25.110889285552293,-35.2360551478987,3.138385827,1.583858268,,,,87.1,2467,7.3,823626,620443,668901,543760,683146,666182,665742,805999,701807,53.17,,,,,,,,78,7,Changeup,4,2,2,4,2,4,2,4,Standard,Standard,277,0,0,67.4,6.5,,,0,,2,-2,0.809,0.19099999999999995,31,33,32,33,1,0,3,4,3,4,3.39,1.6,1.6,14.2,12.44943607744839,-7.064704938554591,28.0101427920208,33.589323252773426,33.89096122261492
CH,2026-05-27,85.7,-2.43,4.98,"Williams, Devin",664731,642207,,foul,,,,,9,,R,R,R,NYM,CIN,S,,,3,2,2026,-1.87,-0.02,0.3467964911505266,1.703932890293928,,553993,680574,1,9,Top,,,,,,,10.541268072405956,-124.34324927625538,-1.1739990002750154,-21.522679479829147,24.922973324241045,-32.39561822662965,3.138385827,1.583858268,,,,87.5,2692,7.6,823626,620443,668901,543760,683146,666182,665742,805999,701807,52.93,,,,,,,,78,6,Changeup,4,2,2,4,2,4,2,4,Standard,Standard,277,0,0,67.3,6.9,,,0,,2,-2,0.809,0.19099999999999995,31,33,32,33,1,0,3,4,3,4,3.14,1.87,1.87,14.0,15.159348382381653,-8.375782880474068,28.932230586778303,42.3625852168688,32.12909528452256
CH,2026-05-27,85.5,-2.38,5.09,"Williams, Devin",664731,642207,,ball,,,,,11,,R,R,R,NYM,CIN,B,,,2,2,2026,-1.89,0.18,-1.4673987099845454,2.518209571828355,,553993,680574,1,9,Top,,,,,,,6.133774969809996,-124.45833725517421,0.035612405288727,-20.928756901308915,24.73306530502661,-30.485079410725447,3.138385827,1.583858268,,,,87.2,2682,7.3,823626,620443,668901,543760,683146,666182,665742,805999,701807,53.18,,,,,,,,78,5,Changeup,4,2,2,4,2,4,2,4,Standard,Standard,273,-0.031,0.093,,,,,-0.093,,2,-2,0.84,0.16000000000000003,31,33,32,33,1,0,3,4,3,4,2.93,1.89,1.89,14.8,,,,,
CH,2026-05-27,85.3,-2.47,5.09,"Williams, Devin",664731,642207,,swinging_strike,,,,,14,,R,R,R,NYM,CIN,S,,,2,1,2026,-1.76,-0.04,0.21334899767263482,1.2409183973022535,,553993,680574,1,9,Top,,,,,,,9.976220399315405,-123.7774935569858,-2.3823191415825593,-20.079238331874322,26.23395788512719,-32.265430514075824,3.138385827,1.583858268,,,,86.3,2686,7.2,823626,620443,668901,543760,683146,666182,665742,805999,701807,53.29,,,,,,,,78,4,Changeup,4,2,2,4,2,4,2,4,Standard,Standard,279,0.025,-0.075,36.6,6.4,1.807861476,,0.075,,2,-2,0.815,0.18500000000000005,31,33,32,33,1,0,3,4,3,4,3.2,1.76,1.76,13.4,7.244410389525262,11.080793157948733,29.405373742662608,41.015550880206675,23.0449212561754
FF,2026-05-27,93.3,-2.33,5.24,"Williams, Devin",664731,642207,,called_strike,,,,,7,,R,R,R,NYM,CIN,S,,,2,0,2026,-1.08,1.3,-0.27937734423431304,1.8685244992991938,,553993,680574,1,9,Top,,,,,,,7.828815718222742,-135.62604744970267,-5.742362048836675,-15.046611703809477,28.744859147892388,-15.04723870032861,3.138385827,1.583858268,,,,95.6,2463,7.6,823626,620443,668901,543760,683146,666182,665742,805999,701807,52.87,,,,,,,,78,3,4-Seam Fastball,4,2,2,4,2,4,2,4,Standard,Standard,230,0.023,-0.057,,,,,0.057,,2,-2,0.792,0.20799999999999996,31,33,32,33,1,0,3,4,3,4,1.32,1.08,1.08,22.7,,,,,
FF,2026-05-27,94.2,-2.19,5.32,"Williams, Devin",664731,642207,,ball,,,,,14,,R,R,R,NYM,CIN,B,,,1,0,2026,-0.98,1.41,1.4450731345129626,1.9677972360468543,,553993,680574,1,9,Top,,,,,,,11.787441055794483,-136.60670399073126,-6.073881246913001,-14.950626508733713,30.467753288278633,-13.23538013933615,3.138385827,1.583858268,,,,96.1,2507,7.6,823626,620443,668901,543760,683146,666182,665742,805999,701807,52.93,,,,,,,,78,2,4-Seam Fastball,4,2,2,4,2,4,2,4,Standard,Standard,230,-0.023,0.076,,,,,-0.076,,2,-2,0.815,0.18500000000000005,31,33,32,33,1,0,3,4,3,4,1.17,0.98,0.98,26.4,,,,,
CH,2026-05-27,85,-2.5,5.14,"Williams, Devin",664731,642207,,ball,,,,,13,,R,R,R,NYM,CIN,B,,,0,0,2026,-1.78,-0.13,-1.1188852604503716,2.1643633436610097,,553993,680574,1,9,Top,,,,,,,6.9443497640657075,-123.51918593522434,-0.07227263349079016,-19.62292140770634,27.446940873675405,-33.73988746555215,3.138385827,1.583858268,,,,85.8,2696,7.1,823626,620443,668901,543760,683146,666182,665742,805999,701807,53.37,,,,,,,,78,1,Changeup,4,2,2,4,2,4,2,4,Standard,Standard,275,-0.011,0.039,,,,,-0.039,,2,-2,0.826,0.17400000000000004,31,33,32,33,1,0,3,4,3,4,3.33,1.78,1.78,15.4,,,,,
CH,2026-05-27,86.9,-2.42,5.05,"Williams, Devin",668715,642207,strikeout,swinging_strike,,,,,7,Spencer Steer strikes out swinging.,R,R,R,NYM,CIN,S,2,,0,2,2026,-1.9,0,-0.4708104360065306,1.7138846928673401,,553993,680574,0,9,Top,,,,,,,8.734642749521022,-126.24075197862739,-1.5468113415668787,-22.11842642413345,27.227661727449284,-32.06995583958253,3.096259843,1.562598425,,,,88.3,2720,7.4,823626,620443,668901,543760,683146,666182,665742,805999,701807,53.14,,0,0,1,0,0,,77,4,Changeup,4,2,2,4,2,4,2,4,Standard,Standard,274,0.062,-0.183,71.3,8.2,0.765746952,,0.183,,2,-2,0.764,0.236,31,28,32,29,1,4,3,1,3,2,3.04,1.9,1.9,14.5,23.08622109871589,-30.074645598000725,30.31175432221406,28.311367917260256,44.67951250758236
CH,2026-05-27,85,-2.39,5,"Williams, Devin",668715,642207,,foul,,,,,13,,R,R,R,NYM,CIN,S,,,0,2,2026,-1.61,0.03,-1.1092655537148541,1.7372737704130259,,553993,680574,0,9,Top,,,,,,,6.381796568488597,-123.60335398532371,-1.1164558622532808,-17.731200411739984,26.906483426593805,-31.84727430498828,3.096259843,1.562598425,4,75.1,-27,86.4,2392,7.4,823626,620443,668901,543760,683146,666182,665742,805999,701807,53.08,,,,,,,,77,3,Changeup,4,2,2,4,2,4,2,4,Standard,Standard,277,0,0,69.6,7.9,,,0,88.0,2,-2,0.764,0.236,31,28,32,29,1,4,3,1,3,2,3.15,1.61,1.61,13.3,19.41755830335797,-27.644891582344115,33.81737728393463,20.63802112767314,37.29274413621678
FF,2026-05-27,95.3,-2.28,5.31,"Williams, Devin",668715,642207,,foul,,,,,5,,R,R,R,NYM,CIN,S,,,0,1,2026,-1.08,1.1,0.24501523978847617,2.3160338904645603,,553993,680574,0,9,Top,,,,,,,9.23863066368152,-138.39988059506422,-4.575863965875886,-16.000279175034336,32.28816251964896,-17.252254865497,3.096259843,1.562598425,284,88.3,45,97.3,2341,7.7,823626,620443,668901,543760,683146,666182,665742,805999,701807,52.85,,,,,,,,77,2,4-Seam Fastball,4,2,2,4,2,4,2,4,Standard,Standard,224,0.026,-0.05,70.4,6.7,,,0.05,88.3,2,-2,0.738,0.262,31,28,32,29,1,4,3,1,3,2,1.43,1.08,1.08,24.5,3.873147056025717,23.896021952922865,27.18433731153004,37.419219059641,19.48065326598987
CH,2026-05-27,85.8,-2.45,5.05,"Williams, Devin",668715,642207,,swinging_strike,,,,,8,,R,R,R,NYM,CIN,S,,,0,0,2026,-1.47,-0.13,0.15398731074790661,1.8397635147696492,,553993,680574,0,9,Top,,,,,,,9.287231749974598,-124.49636937274977,-0.7137526426763716,-17.229636351410193,28.875328684200536,-33.56659119875219,3.096259843,1.562598425,,,,86.7,2435,7.4,823626,620443,668901,543760,683146,666182,665742,805999,701807,53.1,,,,,,,,77,1,Changeup,4,2,2,4,2,4,2,4,Standard,Standard,266,0.016,-0.06,73.0,8.0,0.669321888,,0.06,,2,-2,0.722,0.278,31,28,32,29,1,4,3,1,3,2,3.28,1.47,1.47,12.5,22.052859072086857,-17.541024104225393,27.789247524841567,36.37260651390267,40.53947179795845
FF,2026-05-27,95,-2.4,5.2,"Williams, Devin",663993,642207,walk,ball,,,,,14,Nathaniel Lowe walks. Eugenio Suárez to 2nd.,R,L,R,NYM,CIN,B,,,3,2,2026,-0.99,1.25,1.0055607450235402,1.7054348007994387,,,553993,0,9,Top,,,,,,,11.258947869504226,-137.76290458956515,-6.181327050988678,-15.195140446782922,32.0541292464963,-14.9418768561323,3.366568242,1.699015748,,,,96.4,2180,7.4,823626,620443,668901,543760,683146,666182,665742,805999,701807,53.14,,0.698841,0.7,1,0,0,,76,8,4-Seam Fastball,4,2,2,4,2,4,2,4,Infield shade,Standard,229,-0.104,0.345,,,,,-0.345,,2,-2,0.826,0.17400000000000004,31,30,32,31,1,4,3,2,3,2,1.3,0.99,-0.99,23.0,,,,,
FF,2026-05-27,94.7,-2.26,5.3,"Williams, Devin",663993,642207,,foul,,,,,3,,R,L,R,NYM,CIN,S,,,3,2,2026,-0.77,1.21,0.6063115399140631,3.3885761068404956,,,553993,0,9,Top,,,,,,,9.289171059918905,-137.62203665639683,-1.9385286476550065,-11.725659576698911,28.94793595651929,-16.475869337280137,3.366568242,1.699015748,162,74.7,16,96.6,2298,7.3,823626,620443,668901,543760,683146,666182,665742,805999,701807,53.16,,,,,,,,76,7,4-Seam Fastball,4,2,2,4,2,4,2,4,Infield shade,Strategic,227,0,0,72.1,6.3,,,0,88.0,2,-2,0.826,0.17400000000000004,31,30,32,31,1,4,3,2,3,2,1.32,0.77,-0.77,25.2,2.4258533640737787,18.466692005320557,29.5815273493461,28.460725507083488,23.11987025437277
FF,2026-05-27,96,-2.33,5.27,"Williams, Devin",663993,642207,,foul,,,,,6,,R,L,R,NYM,CIN,S,,,3,2,2026,-1.01,1.12,0.4482312193517741,2.7795891412165803,,,553993,0,9,Top,,,,,,,9.76512851520872,-139.48678116780042,-3.420651010131607,-15.363582949984842,31.743377605680504,-17.012726841217017,3.366568242,1.699015748,144,57.1,53,97.7,2187,7.4,823626,620443,668901,543760,683146,666182,665742,805999,701807,53.12,,,,,,,,76,6,4-Seam Fastball,4,2,2,4,2,4,2,4,Infield shade,Strategic,237,0,0,70.0,6.6,,,0,88.0,2,-2,0.826,0.17400000000000004,31,30,32,31,1,4,3,2,3,2,1.37,1.01,-1.01,22.6,-1.0364300803971003,14.41456420849797,32.86253062026788,29.26865743014644,21.35467061730384
FF,2026-05-27,93.9,-2.23,5.24,"Williams, Devin",663993,642207,,foul,,,,,3,,R,L,R,NYM,CIN,S,,,3,1,2026,-1.06,1.25,0.6770569951535512,2.8925116698224773,,,553993,0,9,Top,,,,,,,10.036928716875568,-136.37304275793798,-3.0036920752549174,-15.447110211300195,31.519158888657575,-16.089016298277585,3.366568242,1.699015748,135,64.1,66,95.8,2246,7.6,823626,620443,668901,543760,683146,666182,665742,805999,701807,52.92,,,,,,,,76,5,4-Seam Fastball,4,2,2,4,2,4,2,4,Infield shade,Standard,225,0.031,-0.103,70.4,7.3,,,0.103,88.0,2,-2,0.795,0.20499999999999996,31,30,32,31,1,4,3,2,3,2,1.35,1.06,-1.06,25.1,7.998766008229343,-2.570646997098267,33.92363557623642,27.570442293856924,27.334304788825058
CH,2026-05-27,84.8,-2.47,5.11,"Williams, Devin",663993,642207,,called_strike,,,,,7,,R,L,R,NYM,CIN,S,,,3,0,2026,-1.81,-0.01,-0.74762050550392,1.7648049405542174,,,553993,0,9,Top,,,,,,,7.788716071477476,-123.1305116676814,-1.1253907976183182,-19.9736109864115,28.165402814273502,-32.255901917457955,3.366568242,1.699015748,,,,85.4,2619,7.2,823626,620443,668901,543760,683146,666182,665742,805999,701807,53.34,,,,,,,,76,4,Changeup,4,2,2,4,2,4,2,4,Infield shade,Standard,270,0.024,-0.101,,,,,0.101,,2,-2,0.771,0.22899999999999998,31,30,32,31,1,4,3,2,3,2,3.23,1.81,-1.81,13.4,,,,,
FF,2026-05-27,95.1,-2.4,5.19,"Williams, Devin",663993,642207,,ball,,,,,12,,R,L,R,NYM,CIN,B,,,2,0,2026,-1.12,1.33,0.8045959217578473,3.657578232014007,,,553993,0,9,Top,,,,,,,11.18022627245495,-137.9951432777332,-1.1743915090146917,-16.982213659721204,34.122860140617234,-15.254360535367665,3.366568242,1.699015748,,,,97.2,2239,7.9,823626,620443,668901,543760,683146,666182,665742,805999,701807,52.6,,,,,,,,76,3,4-Seam Fastball,4,2,2,4,2,4,2,4,Infield shade,Standard,234,-0.036,0.151,,,,,-0.151,,2,-2,0.807,0.19299999999999995,31,30,32,31,1,4,3,2,3,2,1.23,1.12,-1.12,19.6,,,,,
CH,2026-05-27,84.5,-2.39,5.15,"Williams, Devin",663993,642207,,ball,,,,,14,,R,L,R,NYM,CIN,B,,,1,0,2026,-1.69,-0.06,1.1776986666087683,1.1164581033351784,,,553993,0,9,Top,,,,,,,11.753351207470981,-122.49222594875918,-2.601701993290482,-19.36896848732775,25.849949969412066,-32.40386303046939,3.366568242,1.699015748,,,,85.2,2478,7.1,823626,620443,668901,543760,683146,666182,665742,805999,701807,53.38,,,,,,,,76,2,Changeup,4,2,2,4,2,4,2,4,Infield shade,Standard,274,-0.025,0.078,,,,,-0.078,,2,-2,0.832,0.16800000000000004,31,30,32,31,1,4,3,2,3,2,3.29,1.69,-1.69,15.5,,,,,
CH,2026-05-27,84.7,-2.4,5.12,"Williams, Devin",663993,642207,,ball,,,,,13,,R,L,R,NYM,CIN,B,,,0,0,2026,-1.58,-0.2,-1.130650399565317,2.156390106119066,,,553993,0,9,Top,,,,,,,6.25568110533899,-123.22162062579669,0.0903370946169213,-17.3502449591408,26.2572357603771,-34.425577345236725,3.366568242,1.699015748,,,,85.9,2692,7.2,823626,620443,668901,543760,683146,666182,665742,805999,701807,53.28,,,,,,,,76,1,Changeup,4,2,2,4,2,4,2,4,Infield shade,Standard,273,-0.012,0.038,,,,,-0.038,,2,-2,0.844,0.15600000000000003,31,30,32,31,1,4,3,2,3,2,3.39,1.58,-1.58,13.4,,,,,
FF,2026-05-27,95,-2.2,5.19,"Williams, Devin",553993,642207,walk,ball,,,,,12,Eugenio Suárez walks.,R,R,R,NYM,CIN,B,,,3,2,2026,-0.85,1.31,1.7244284570891089,2.9363923530960534,,,,0,9,Top,,,,,,,12.400964624520155,-137.78926644494524,-3.0565422206304285,-13.640456403420846,32.20388579441159,-15.012276490016419,3.17085794,1.600246063,,,,97.3,2296,7.9,823626,620443,668901,543760,683146,666182,665742,805999,701807,52.6,,0.698841,0.7,1,0,0,,75,7,4-Seam Fastball,4,2,2,4,2,4,2,4,Standard,Standard,231,-0.068,0.372,,,,,-0.372,,2,-2,0.912,0.08799999999999997,31,34,32,35,1,4,3,1,3,2,1.24,0.85,0.85,21.7,,,,,
FF,2026-05-27,96,-2.22,5.28,"Williams, Devin",553993,642207,,foul,,,,,6,,R,R,R,NYM,CIN,S,,,3,2,2026,-1.12,1.26,0.3666608774064055,2.5713791430781265,,,,0,9,Top,,,,,,,9.574254347579144,-139.34840293884807,-4.313779785585786,-16.803388685554197,33.17005968237835,-14.99001303770942,3.17085794,1.600246063,257,78.3,33,98.2,2587,7.8,823626,620443,668901,543760,683146,666182,665742,805999,701807,52.72,,,,,,,,75,6,4-Seam Fastball,4,2,2,4,2,4,2,4,Standard,Standard,228,0,0,71.7,7.6,,,0,88.0,2,-2,0.912,0.08799999999999997,31,34,32,35,1,4,3,1,3,2,1.24,1.12,1.12,22.1,13.116583410827982,0.45204991090978536,38.089347804315715,35.08243048070396,29.556646843166043
FF,2026-05-27,94.2,-2.37,5.2,"Williams, Devin",553993,642207,,ball,,,,,14,,R,R,R,NYM,CIN,B,,,2,2,2026,-1.07,1.25,1.2067743624392155,2.055315624749817,,,,0,9,Top,,,,,,,11.780963062036344,-136.6709344832288,-5.1214496116229045,-16.001873632365978,30.546187421900967,-15.530417051737038,3.17085794,1.600246063,,,,95.7,2509,7.4,823626,620443,668901,543760,683146,666182,665742,805999,701807,53.15,,,,,,,,75,5,4-Seam Fastball,4,2,2,4,2,4,2,4,Standard,Standard,235,-0.018,0.117,,,,,-0.117,,2,-2,0.93,0.06999999999999995,31,34,32,35,1,4,3,1,3,2,1.34,1.07,1.07,19.2,,,,,
CH,2026-05-27,84,-2.33,5.01,"Williams, Devin",553993,642207,,ball,,,,,14,,R,R,R,NYM,CIN,B,,,1,2,2026,-1.7,0.01,0.19116955424076498,0.7350336874839543,,,,0,9,Top,,,,,,,9.36135236449553,-121.82117484828015,-3.200109470968825,-18.856221369624606,26.193497394207235,-31.636833557102257,3.17085794,1.600246063,,,,85.1,2711,7.4,823626,620443,668901,543760,683146,666182,665742,805999,701807,53.09,,,,,,,,75,4,Changeup,4,2,2,4,2,4,2,4,Standard,Standard,275,-0.006,0.048,,,,,-0.048,,2,-2,0.936,0.06399999999999995,31,34,32,35,1,4,3,1,3,2,3.27,1.7,1.7,10.8,,,,,
FF,2026-05-27,95,-2.42,5.04,"Williams, Devin",553993,642207,,called_strike,,,,,8,,R,R,R,NYM,CIN,S,,,1,1,2026,-1.17,1.09,0.2523779570992386,1.8132437331539526,,,,0,9,Top,,,,,,,9.793145094923826,-137.9826721927975,-5.180345436242425,-17.091418679589086,29.772081198920425,-17.21738392444792,3.17085794,1.600246063,,,,97.3,2457,7.6,823626,620443,668901,543760,683146,666182,665742,805999,701807,52.88,,,,,,,,75,3,4-Seam Fastball,4,2,2,4,2,4,2,4,Standard,Standard,236,0.01,-0.062,,,,,0.062,,2,-2,0.926,0.07399999999999995,31,34,32,35,1,4,3,1,3,2,1.44,1.17,1.17,20.0,,,,,
FF,2026-05-27,94.7,-2.36,5.14,"Williams, Devin",553993,642207,,ball,,,,,12,,R,R,R,NYM,CIN,B,,,0,1,2026,-1.34,1.22,0.9009885555574322,2.678520711649882,,,,0,9,Top,,,,,,,11.652752593674583,-137.5027598538042,-3.4030664668155866,-19.50958555226484,28.59607686773865,-16.0862133907838,3.17085794,1.600246063,,,,96.7,2422,7.4,823626,620443,668901,543760,683146,666182,665742,805999,701807,53.1,,,,,,,,75,2,4-Seam Fastball,4,2,2,4,2,4,2,4,Standard,Standard,242,-0.004,0.031,,,,,-0.031,,2,-2,0.93,0.06999999999999995,31,34,32,35,1,4,3,1,3,2,1.32,1.34,1.34,16.6,,,,,
FF,2026-05-27,93.5,-2.33,5.17,"Williams, Devin",553993,642207,,swinging_strike,,,,,12,,R,R,R,NYM,CIN,S,,,0,0,2026,-1.05,1.2,1.262814612596819,2.703489612892767,,,,0,9,Top,,,,,,,11.72475235774007,-135.62278458748708,-3.1619840796295353,-15.434335984421363,28.65312853133555,-16.840365463220266,3.17085794,1.600246063,,,,95.4,2338,7.5,823626,620443,668901,543760,683146,666182,665742,805999,701807,53.01,,,,,,,,75,1,4-Seam Fastball,4,2,2,4,2,4,2,4,Standard,Standard,230,0.006,-0.043,69.7,7.5,1.291030488,,0.043,,2,-2,0.924,0.07599999999999996,31,34,32,35,1,4,3,1,3,2,1.42,1.05,1.05,17.5,12.757585950500282,15.934341927376432,34.64989529854827,46.87910817973928,18.63418995937343
CH,2026-05-24,83.9,-2.4,4.97,"Williams, Devin",681715,642207,home_run,hit_into_play,,,,,4,Heriberto Hernández hits a grand slam (2) to center field. Esteury Ruiz scores. Liam Hicks scores. Xavier Edwards scores.,R,R,R,MIA,NYM,X,,fly_ball,0,1,2026,-1.85,-0.18,-0.27817695499624007,2.12340258536737,665923,689414,669364,1,9,Bot,145.36,31.98,,,,,8.651862102953402,-121.85378880924003,0.441886204791182,-20.139011530734344,24.53168905325104,-34.33180610367342,3.178756562,1.604232283,416,104.9,26,84.7,2653,6.9,823861,620443,668901,543760,683146,666182,621438,805999,701807,53.55,0.897,1.763,2,1,0,3,6,76,2,Changeup,0,0,0,0,0,4,4,0,Strategic,Strategic,278,0.189,0.981,77.2,7.1,,3.405,-0.981,104.9,0,0,0.811,0.811,31,26,32,27,1,1,3,3,3,2,3.44,1.85,1.85,13.1,5.414812863041052,8.599026721591605,29.38326434874337,33.412317674561606,35.92717210594097
CH,2026-05-24,82.9,-2.28,5.04,"Williams, Devin",681715,642207,,called_strike,,,,,14,,R,R,R,MIA,NYM,S,,,0,0,2026,-1.77,-0.16,0.11433020310189468,1.3784710551798103,665923,689414,669364,1,9,Bot,,,,,,,9.005382115810807,-120.33054275610556,-1.3107925196645747,-18.93310879954093,23.7891117954802,-33.663785983743786,3.178756562,1.604232283,,,,83.7,2501,7,823861,620443,668901,543760,683146,666182,621438,805999,701807,53.53,,,,,,,,76,1,Changeup,0,0,0,0,0,0,0,0,Strategic,Strategic,277,-0.026,-0.044,,,,,0.044,,0,0,0.837,0.837,31,26,32,27,1,1,3,3,3,2,3.5,1.77,1.77,13.4,,,,,
FF,2026-05-24,93.3,-2.32,5.22,"Williams, Devin",689414,642207,walk,ball,,,,,11,Liam Hicks walks.,R,L,R,MIA,NYM,B,,,3,2,2026,-0.98,1.48,-0.36986249558887707,4.742700908418279,665923,,,1,9,Bot,,,,,,,7.2557884874836915,-135.7214011192756,1.36535502945032,-13.750448236982304,29.693389968882215,-14.379057339784865,3.085728346,1.557283465,,,,94.7,2281,7.1,823861,620443,668901,543760,683146,666182,621438,805999,701807,53.36,,0.698841,0.7,1,0,0,,74,6,4-Seam Fastball,0,0,0,0,0,0,0,0,Strategic,Strategic,232,-0.009,0.215,,,,,-0.215,,0,0,0.833,0.833,31,27,32,27,1,4,3,1,3,1,1.14,0.98,-0.98,23.0,,,,,
CH,2026-05-24,83.9,-2.51,4.99,"Williams, Devin",689414,642207,,foul,,,,,14,,R,L,R,MIA,NYM,S,,,3,1,2026,-1.79,-0.33,0.032166958339496565,1.0746117129906962,665923,,,1,9,Bot,,,,,,,9.534167024777854,-121.76412021732651,-1.6802311187464858,-19.766568850499365,25.538623545658222,-35.295417008740735,3.085728346,1.557283465,117,63.6,15,84.6,2664,7.1,823861,620443,668901,543760,683146,666182,621438,805999,701807,53.45,,,,,,,,74,5,Changeup,0,0,0,0,0,0,0,0,Strategic,Strategic,282,0,-0.091,72.8,7.8,,,0.091,88.0,0,0,0.833,0.833,31,27,32,27,1,4,3,1,3,1,3.6,1.79,-1.79,13.7,16.537566004485182,-23.994827550708457,42.92182970269472,31.889985903610746,45.147303768640015
CH,2026-05-24,83.6,-2.3,5.12,"Williams, Devin",689414,642207,,called_strike,,,,,9,,R,L,R,MIA,NYM,S,,,3,0,2026,-1.83,-0.19,0.375559684367041,1.8622738800509047,665923,,,1,9,Bot,,,,,,,9.851122203464989,-121.27106596439793,-0.39522074132496143,-20.053236628539675,24.92559085865243,-34.1973984422532,3.085728346,1.557283465,,,,84,2559,6.9,823861,620443,668901,543760,683146,666182,621438,805999,701807,53.64,,,,,,,,74,4,Changeup,0,0,0,0,0,0,0,0,Strategic,Strategic,272,0,-0.066,,,,,0.066,,0,0,0.833,0.833,31,27,32,27,1,4,3,1,3,1,3.49,1.83,-1.83,15.1,,,,,
CH,2026-05-24,82.7,-2.41,5.06,"Williams, Devin",689414,642207,,ball,,,,,13,,R,L,R,MIA,NYM,B,,,2,0,2026,-1.86,-0.24,-1.2322583423107134,2.1203302934431116,665923,,,1,9,Bot,,,,,,,6.413637569234412,-120.15546088447698,0.549854279383547,-19.292129664884087,25.062833217340067,-34.81690914620466,3.085728346,1.557283465,,,,83.1,2675,6.8,823861,620443,668901,543760,683146,666182,621438,805999,701807,53.67,,,,,,,,74,3,Changeup,0,0,0,0,0,0,0,0,Strategic,Strategic,281,0,0.073,,,,,-0.073,,0,0,0.833,0.833,31,27,32,27,1,4,3,1,3,1,3.6,1.86,-1.86,12.4,,,,,
FF,2026-05-24,93.5,-2.36,5.21,"Williams, Devin",689414,642207,,ball,,,,,11,,R,L,R,MIA,NYM,B,,,1,0,2026,-1.29,1.31,-1.290592514822394,3.1590497613161648,665923,,,1,9,Bot,,,,,,,5.693729694990143,-136.0204926108438,-2.3257472249034565,-17.23206832401413,30.0634671488147,-15.63390287803705,3.085728346,1.557283465,,,,94.6,2279,7,823861,620443,668901,543760,683146,666182,621438,805999,701807,53.52,,,,,,,,74,2,4-Seam Fastball,0,0,0,0,0,0,0,0,Strategic,Strategic,232,0,0.028,,,,,-0.028,,0,0,0.833,0.833,31,27,32,27,1,4,3,1,3,1,1.3,1.29,-1.29,21.2,,,,,
CH,2026-05-24,83.1,-2.41,5.14,"Williams, Devin",689414,642207,,ball,,,,,13,,R,L,R,MIA,NYM,B,,,0,0,2026,-1.79,-0.27,-0.5025157587914779,1.3712251254405556,665923,,,1,9,Bot,,,,,,,7.921773460942494,-120.71005542599185,-1.3415766105612652,-19.04223815097035,25.025888536449195,-34.71085635850879,3.085728346,1.557283465,,,,83.3,2510,6.6,823861,620443,668901,543760,683146,666182,621438,805999,701807,53.86,,,,,,,,74,1,Changeup,0,0,0,0,0,0,0,0,Strategic,Strategic,280,0,0.022,,,,,-0.022,,0,0,0.833,0.833,31,27,32,27,1,4,3,1,3,1,3.6,1.79,-1.79,15.0,,,,,
CH,2026-05-24,83.5,-2.36,4.99,"Williams, Devin",691594,642207,sac_bunt,hit_into_play,,,,,8,"Javier Sanoja out on a sacrifice bunt, third baseman Brett Baty to first baseman Mark Vientos. Esteury Ruiz to 3rd.",R,R,R,MIA,NYM,X,5,ground_ball,0,0,2026,-1.75,-0.05,-0.08869739117715136,1.7648966671233826,,665923,,0,9,Bot,118.23,189.61,,,,,8.801452160502464,-121.20570471734514,-0.6037459111836655,-19.036236897630687,25.301622274434465,-32.72581916351861,2.995333005,1.511663386,2,33.4,-44,84.4,2621,7.1,823861,620443,668901,543760,683146,666182,621438,805999,701807,53.36,,,0.2,0,0,0,1,73,1,Changeup,0,0,0,0,0,0,0,0,Standard,Standard,277,0.028,-0.008,,,,,0.008,88.0,0,0,0.805,0.805,31,23,32,24,1,3,3,2,3,1,3.35,1.75,1.75,13.0,,,,,
CH,2026-05-24,83.7,-2.29,5.07,"Williams, Devin",666624,642207,double,hit_into_play,,,,,8,Christopher Morel doubles (3) on a line drive to left fielder Tyrone Taylor.,R,R,R,MIA,NYM,X,7,line_drive,2,2,2026,-1.86,-0.19,-0.17515423934483798,1.5112533247775977,,,,0,9,Bot,41.6,119.56,,,,,8.631675268805502,-121.5080785378278,-1.1136948396527635,-20.146100496288565,25.769614578146655,-34.04057070258786,3.227903543,1.629035433,188,82.5,13,84.2,2713,6.9,823861,620443,668901,543760,683146,666182,621438,805999,701807,53.6,0.649,0.622,1.25,1,1,1,4,72,5,Changeup,0,0,0,0,0,0,0,0,Standard,Standard,275,0.175,0.749,,,,0.754,-0.749,88.0,0,0,0.63,0.63,31,27,32,27,1,3,3,3,3,3,3.48,1.86,1.86,15.6,,,,,
FF,2026-05-24,93.6,-2.13,5.18,"Williams, Devin",666624,642207,,ball,,,,,12,,R,R,R,MIA,NYM,B,,,1,2,2026,-1.14,1.2,1.0120493908234813,3.419426166130165,,,,0,9,Bot,,,,,,,10.740801567187392,-135.88841211866688,-1.3201201896531034,-16.494616124978496,30.3196101935979,-17.214919973794995,3.227903543,1.629035433,,,,95.1,2339,7.3,823861,620443,668901,543760,683146,666182,621438,805999,701807,53.19,,,,,,,,72,4,4-Seam Fastball,0,0,0,0,0,0,0,0,Standard,Standard,229,0.008,0.048,,,,,-0.048,,0,0,0.622,0.622,31,27,32,27,1,3,3,3,3,3,1.42,1.14,1.14,22.9,,,,,
FF,2026-05-24,92.4,-2.27,5.18,"Williams, Devin",666624,642207,,swinging_strike,,,,,6,,R,R,R,MIA,NYM,S,,,1,1,2026,-0.98,1.47,0.5743001859915455,2.7232666044028524,,,,0,9,Bot,,,,,,,9.490165135063311,-134.29399469188283,-3.5649037632951477,-13.854918394211458,28.561752592146938,-13.78462486973898,3.227903543,1.629035433,,,,94.2,2184,7.4,823861,620443,668901,543760,683146,666182,621438,805999,701807,53.15,,,,,,,,72,3,4-Seam Fastball,0,0,0,0,0,0,0,0,Standard,Standard,235,-0.014,-0.062,80.2,7.7,0.10076196,,0.062,,0,0,0.636,0.636,31,27,32,27,1,3,3,3,3,3,1.2,0.98,0.98,24.1,6.926820218612495,14.954262533280378,22.29713280321162,42.769605407288,25.36780883440324
CH,2026-05-24,82.5,-2.3,5.08,"Williams, Devin",666624,642207,,swinging_strike,,,,,14,,R,R,R,MIA,NYM,S,,,1,0,2026,-1.81,-0.1,0.3610432443393685,1.4887594857492936,,,,0,9,Bot,,,,,,,9.641090612577504,-119.68447677313,-1.1416563157857502,-19.263779582064288,24.9879188838444,-33.1191480159824,3.227903543,1.629035433,,,,83,2440,7,823861,620443,668901,543760,683146,666182,621438,805999,701807,53.53,,,,,,,,72,2,Changeup,0,0,0,0,0,0,0,0,Standard,Standard,273,-0.01,-0.058,78.8,8.9,3.729575796,,0.058,,0,0,0.646,0.646,31,27,32,27,1,3,3,3,3,3,3.49,1.81,1.81,15.2,17.886048010382673,-28.798228007044795,25.340630765507346,40.67180796210559,50.92061744899967
FF,2026-05-24,92.7,-2.32,5.3,"Williams, Devin",666624,642207,,ball,,,,,11,,R,R,R,MIA,NYM,B,,,0,0,2026,-1,1.38,-0.5058340694793528,4.510189350371794,,,,0,9,Bot,,,,,,,6.902868480735854,-134.76158392205204,0.8960057925044149,-13.716660042217645,30.647873271531722,-15.818859045053385,3.227903543,1.629035433,,,,93.9,2307,7.2,823861,620443,668901,543760,683146,666182,621438,805999,701807,53.32,,,,,,,,72,1,4-Seam Fastball,0,0,0,0,0,0,0,0,Standard,Standard,228,0.007,0.046,,,,,-0.046,,0,0,0.639,0.639,31,27,32,27,1,3,3,3,3,3,1.29,1,1,24.3,,,,,
,2026-05-24,,,,"Williams, Devin",669364,642207,,automatic_ball,,,,,,,R,L,R,MIA,NYM,B,,,2,0,2026,,,,,665923,,689414,1,9,Bot,,,,,,,,,,,,,,,,,,,,,823861,620443,668901,543760,683146,666182,621438,805999,701807,,,,,,,,,75,3,,0,0,0,0,0,0,0,0,,,,0.004,,,,,,,,0,0,0.828,0.828,31,26,32,27,1,4,3,1,3,1,,,,,,,,,
,2026-05-24,,,,"Williams, Devin",669364,642207,intent_walk,automatic_ball,,,,,,Devin Williams intentionally walks Xavier Edwards. Liam Hicks to 2nd.,R,L,R,MIA,NYM,B,,,3,0,2026,,,,,665923,,689414,1,9,Bot,,,,,,,,,,,,,,,,,,,,,823861,620443,668901,543760,683146,666182,621438,805999,701807,,,,0.4,0,0,0,,75,4,,0,0,0,0,0,0,0,0,,,,0.005,,,,,,,,0,0,0.832,0.832,31,26,32,27,1,4,3,1,3,1,,,,,,,,,
,2026-05-24,,,,"Williams, Devin",669364,642207,,automatic_ball,,,,,,,R,L,R,MIA,NYM,B,,,0,0,2026,,,,,665923,,689414,1,9,Bot,,,,,,,,,,,,,,,,,,,,,823861,620443,668901,543760,683146,666182,621438,805999,701807,,,,,,,,,75,1,,0,0,0,0,0,0,0,0,,,,0.001,,,,,,,,0,0,0.824,0.824,31,26,32,27,1,4,3,1,3,1,,,,,,,,,
,2026-05-24,,,,"Williams, Devin",669364,642207,,automatic_ball,,,,,,,R,L,R,MIA,NYM,B,,,1,0,2026,,,,,665923,,689414,1,9,Bot,,,,,,,,,,,,,,,,,,,,,823861,620443,668901,543760,683146,666182,621438,805999,701807,,,,,,,,,75,2,,0,0,0,0,0,0,0,0,,,,0.003,,,,,,,,0,0,0.825,0.825,31,26,32,27,1,4,3,1,3,1,,,,,,,,,
CH,2026-05-21,84.4,-2.45,5.19,"Williams, Devin",660688,642207,field_out,hit_into_play,,,,,13,"Keibert Ruiz grounds out, second baseman Marcus Semien to first baseman Mark Vientos.",R,L,R,WSH,NYM,X,4,ground_ball,0,0,2026,-1.9,-0.28,-0.9510033328759249,1.396436494804516,695734,,,2,9,Bot,144.71,148.82,,,,,7.445586815489606,-122.5813966567036,-1.5816313401799,-20.657798129274674,27.01153328363088,-34.82959769356044,3.175246063,1.60246063,5,89.3,-17,85.5,2764,7.4,822733,620443,668901,543760,683146,666182,665742,805999,701807,53.13,0.095,0.087,0,1,0,0,2,74,1,Changeup,1,2,1,2,2,1,1,2,Standard,Standard,275,-0.169,-0.297,68.5,7.4,,0.096,0.297,89.3,-1,-1,0.169,0.169,31,27,32,28,1,3,4,1,3,2,3.52,1.9,-1.9,16.4,12.166869249601998,-8.442380034491862,32.522027096208824,45.05069949734471,43.71905537027596
CH,2026-05-21,83.8,-2.39,5.25,"Williams, Devin",677588,642207,strikeout,swinging_strike,,,,,13,José Tena strikes out swinging.,R,L,R,WSH,NYM,S,2,,3,2,2026,-1.78,-0.06,-1.5578357066747568,1.7888930801477017,695734,,,1,9,Bot,,,,,,,5.5514592137519205,-121.85606571038304,-1.1665082157155873,-18.778932502002476,27.108535149870708,-32.73554711118544,3.140141076,1.584744095,,,,84.5,2823,7.1,822733,620443,668901,543760,683146,666182,665742,805999,701807,53.44,,0,0,1,0,0,,73,6,Changeup,1,2,1,2,2,1,1,2,Strategic,Standard,282,-0.261,-0.403,74.0,7.7,5.66063646,,0.403,,-1,-1,0.43,0.43,31,25,32,25,1,0,4,2,3,1,3.34,1.78,-1.78,14.3,13.319991698802589,-12.779684154699833,28.42188484830777,52.24696561224594,41.18543446188839
CH,2026-05-21,82.9,-2.36,5.28,"Williams, Devin",677588,642207,,swinging_strike,,,,,14,,R,L,R,WSH,NYM,S,,,3,1,2026,-1.83,-0.04,0.4535157695118919,1.3730925532626634,695734,,,1,9,Bot,,,,,,,10.154827894709124,-120.1686520121497,-2.029651900824852,-19.730435449696625,25.890352281687466,-32.30896247962808,3.140141076,1.584744095,,,,83.9,2768,7.4,822733,620443,668901,543760,683146,666182,665742,805999,701807,53.08,,,,,,,,73,5,Changeup,1,2,1,2,2,1,1,2,Strategic,Standard,274,-0.01,-0.091,74.0,8.3,3.217732488,,0.091,,-1,-1,0.44,0.44,31,25,32,25,1,0,4,2,3,1,3.41,1.83,-1.83,12.9,29.715652361770072,-37.50520034858442,41.26524937977626,28.46638736558941,60.71157397784536
CH,2026-05-21,83.3,-2.4,5.22,"Williams, Devin",677588,642207,,ball,,,,,13,,R,L,R,WSH,NYM,B,,,2,1,2026,-1.87,-0.47,-2.884858203216667,2.3422281551655026,695734,,,1,9,Bot,,,,,,,2.7152644533600725,-121.04407365443234,1.1939858858925168,-18.749854584031482,29.28935788918529,-37.24322615833716,3.140141076,1.584744095,,,,83.6,2776,7.1,822733,620443,668901,543760,683146,666182,665742,805999,701807,53.4,,,,,,,,73,4,Changeup,1,2,1,2,2,1,1,2,Strategic,Standard,278,0.012,0.071,,,,,-0.071,,-1,-1,0.428,0.428,31,25,32,25,1,0,4,2,3,1,3.83,1.87,-1.87,12.7,,,,,
FF,2026-05-21,94.9,-2.22,5.39,"Williams, Devin",677588,642207,,ball,,,,,11,,R,L,R,WSH,NYM,B,,,1,1,2026,-1.21,1.32,-1.657117614111069,3.7933353877439115,695734,,,1,9,Bot,,,,,,,4.306078478457523,-138.0403369713707,-1.3209295042626896,-16.438464194068022,34.19580260765935,-15.364882468330109,3.140141076,1.584744095,,,,96.2,2431,7.3,822733,620443,668901,543760,683146,666182,665742,805999,701807,53.16,,,,,,,,73,3,4-Seam Fastball,1,2,1,2,2,1,1,2,Strategic,Standard,232,0.017,0.021,,,,,-0.021,,-1,-1,0.411,0.411,31,25,32,25,1,0,4,2,3,1,1.24,1.21,-1.21,22.5,,,,,
CH,2026-05-21,84.8,-2.43,5.17,"Williams, Devin",677588,642207,,ball,,,,,13,,R,L,R,WSH,NYM,B,,,0,1,2026,-1.84,-0.28,-2.14246593038357,1.67379548497098,695734,,,1,9,Bot,,,,,,,4.505580306273688,-123.38404770359405,-0.9626280398435628,-19.618683729750252,28.1026229483994,-34.98334651461413,3.140141076,1.584744095,,,,85.9,2673,7.3,822733,620443,668901,543760,683146,666182,665742,805999,701807,53.18,,,,,,,,73,2,Changeup,1,2,1,2,2,1,1,2,Strategic,Standard,274,0.025,0.017,,,,,-0.017,,-1,-1,0.386,0.386,31,25,32,25,1,0,4,2,3,1,3.48,1.84,-1.84,12.4,,,,,
CH,2026-05-21,84.5,-2.4,5.3,"Williams, Devin",677588,642207,,swinging_strike,,,,,7,,R,L,R,WSH,NYM,S,,,0,0,2026,-1.85,-0.23,-0.8025293714400181,1.7909802755707722,695734,,,1,9,Bot,,,,,,,7.552107500164787,-122.66179615177049,-0.9752270572367425,-20.177088582088334,28.288198544449315,-34.54064399962386,3.140141076,1.584744095,,,,85.2,2682,7.3,822733,620443,668901,543760,683146,666182,665742,805999,701807,53.22,,,,,,,,73,1,Changeup,1,2,1,2,2,1,1,2,Strategic,Standard,272,-0.038,-0.051,74.5,7.5,3.757060188,,0.051,,-1,-1,0.424,0.424,31,25,32,25,1,0,4,2,3,1,3.49,1.85,-1.85,15.9,14.073091769323453,-16.562687775919645,29.148874158530216,44.329120664419584,47.60551336719
FF,2026-05-21,96.3,-2.15,5.53,"Williams, Devin",671277,642207,field_out,hit_into_play,,,,,9,"Luis García Jr. grounds out, shortstop Bo Bichette to first baseman Mark Vientos. Daylen Lile to 3rd.",R,L,R,WSH,NYM,X,6,ground_ball,0,2,2026,-1.17,1.33,0.5327142729785868,2.0533400412815603,,695734,,0,9,Bot,135.28,148.03,,,,,9.959371875634831,-139.69143928129373,-6.587706637739181,-17.53862326123781,32.5919318056936,-13.420529990556258,3.248088911,1.639222441,5,91.9,-20,98.3,2290,7.6,822733,620443,668901,543760,683146,666182,665742,805999,701807,52.86,0.124,0.112,0,1,0,0,2,72,3,4-Seam Fastball,1,2,1,2,2,1,1,2,Standard,Standard,229,0.039,-0.111,64.8,6.3,,0.129,0.111,91.9,-1,-1,0.385,0.385,31,26,32,26,1,0,4,1,3,1,1.15,1.17,-1.17,25.2,-9.222308671876988,14.489159792704932,34.88829504638563,27.84267753294057,20.355947812178886
FF,2026-05-21,96,-2.29,5.36,"Williams, Devin",671277,642207,,called_strike,,,,,9,,R,L,R,WSH,NYM,S,,,0,1,2026,-1.15,1.12,0.703510016113505,2.0525994648210864,,695734,,0,9,Bot,,,,,,,10.662043089478223,-139.3380384273686,-5.628577236559079,-17.365473115538293,29.9380788543919,-16.44181504112738,3.248088911,1.639222441,,,,97.9,2360,7.4,822733,620443,668901,543760,683146,666182,665742,805999,701807,53.09,,,,,,,,72,2,4-Seam Fastball,1,2,1,2,2,1,1,2,Standard,Standard,228,-0.039,-0.066,,,,,0.066,,-1,-1,0.424,0.424,31,26,32,26,1,0,4,1,3,1,1.36,1.15,-1.15,22.0,,,,,
FF,2026-05-21,95.9,-2.1,5.37,"Williams, Devin",671277,642207,,foul,,,,,6,,R,L,R,WSH,NYM,S,,,0,0,2026,-0.91,1.19,0.7905960785987304,2.5633120408351653,,695734,,0,9,Bot,,,,,,,9.8369526075715,-139.32877679565357,-4.458989294594347,-13.928461435485326,28.975124792035853,-15.784895631323822,3.248088911,1.639222441,131,71.4,74,98.1,2202,7.5,822733,620443,668901,543760,683146,666182,665742,805999,701807,53.05,,,,,,,,72,1,4-Seam Fastball,1,2,1,2,2,1,1,2,Standard,Standard,227,-0.024,-0.036,69.5,7.1,,,0.036,88.0,-1,-1,0.448,0.448,31,26,32,26,1,0,4,1,3,1,1.28,0.91,-0.91,24.4,2.547700709938933,-9.038846563828205,34.23449371558122,25.17728323242128,33.595451612634214
CH,2026-05-21,84.5,-2.39,5.25,"Williams, Devin",695734,642207,double,hit_into_play,,,,,4,Daylen Lile doubles (14) on a fly ball to center fielder A.J. Ewing.,R,L,R,WSH,NYM,X,8,fly_ball,0,1,2026,-1.86,-0.05,-0.588662946774485,2.6900129547191214,,,,0,9,Bot,118.26,107.52,,,,,8.059929732019132,-122.78647822462995,0.7743482554255532,-20.3857112428415,25.428336786973805,-33.060986979624765,3.180511811,1.60511811,231,88.3,46,85.8,2689,7.3,822733,620443,668901,543760,683146,666182,665742,805999,701807,53.19,0.003,0.003,1.25,1,1,1,3,71,2,Changeup,1,2,1,2,2,1,1,2,Infield shade,Standard,277,0.257,0.765,72.8,7.7,,0.003,-0.765,88.3,-1,-1,0.191,0.191,31,23,32,24,1,3,4,1,3,1,3.26,1.86,-1.86,13.0,16.124589727792955,-8.474651046423684,32.23276083157846,40.26500332114656,33.985487075787546
FF,2026-05-21,95.6,-2.22,5.44,"Williams, Devin",695734,642207,,foul,,,,,1,,R,L,R,WSH,NYM,S,,,0,0,2026,-1.09,1.06,-0.7639077097173155,2.9864711694727415,,,,0,9,Bot,,,,,,,6.433957894408175,-138.89270566279058,-3.008980082227472,-15.656844949520059,37.87760818597737,-18.077206272324574,3.180511811,1.60511811,251,76.3,36,96.7,2202,7.5,822733,620443,668901,543760,683146,666182,665742,805999,701807,53.02,,,,,,,,71,1,4-Seam Fastball,1,2,1,2,2,1,1,2,Standard,Standard,233,-0.013,-0.043,68.7,7.0,,,0.043,88.0,-1,-1,0.204,0.204,31,23,32,24,1,3,4,1,3,1,1.49,1.09,-1.09,26.0,6.3460144763653625,17.43567780470597,32.66477676832244,41.64307022937744,17.16995588829303
FF,2026-05-17,94.3,-2.46,5.36,"Williams, Devin",669224,642207,grounded_into_double_play,hit_into_play,,,,,11,"Austin Wells grounds into a double play, first baseman Mark Vientos to shortstop Bo Bichette to first baseman Mark Vientos. Anthony Volpe out at 2nd. Austin Wells out at 1st.",R,L,R,NYM,NYY,X,3,ground_ball,0,0,2026,-0.97,1.2,-0.18333988284226166,3.619709216203339,641857,,683011,1,10,Top,144.21,170.43,,,,,8.179008990553234,-137.0279888760824,-1.3002353010707761,-14.136281780676862,34.48009516819761,-17.14824126921821,3.254232283,1.642322835,43,81.3,-1,95.4,2266,7.3,823628,620443,668901,543760,683146,666182,621438,805999,701807,53.16,0.121,0.111,0,1,0,0,2,88,1,4-Seam Fastball,6,6,6,6,6,6,6,6,Strategic,Standard,224,0.49,-0.305,71.0,7.3,,0.132,0.305,88.0,0,0,0.315,0.685,31,26,32,27,1,1,1,1,4,2,1.4,0.97,-0.97,24.9,13.195510961173639,-12.924838206585397,19.956675727298876,33.94058293513892,36.679715982174415
FF,2026-05-17,93.8,-2.28,5.38,"Williams, Devin",683011,642207,walk,ball,,,,,12,Anthony Volpe walks.,R,R,R,NYM,NYY,B,,,3,2,2026,-0.63,1.43,1.3871332857373018,3.501308915655035,641857,,,1,10,Top,,,,,,,11.016067338466089,-136.0404281564592,-2.1441179490528213,-10.481729100194372,33.2682181939179,-14.200144619112246,3.115567585,1.57234252,,,,95.2,2355,7.6,823628,620443,668901,543760,683146,666182,621438,805999,701807,52.95,,0.698841,0.7,1,0,0,,87,6,4-Seam Fastball,6,6,6,6,6,6,6,6,Strategic,Standard,223,-0.025,0.215,,,,,-0.215,,0,0,0.509,0.491,31,25,32,25,1,4,1,1,4,1,1.2,0.63,0.63,24.6,,,,,
FF,2026-05-17,94.7,-2.31,5.37,"Williams, Devin",683011,642207,,swinging_strike,,,,,6,,R,R,R,NYM,NYY,S,,,3,1,2026,-0.65,1.35,0.3418019469324599,2.5173087008611903,641857,,,1,10,Top,,,,,,,8.51437387918152,-137.5322811110015,-4.670495652367678,-10.27079107761116,32.42423204264614,-14.226648704443301,3.115567585,1.57234252,,,,96.4,2327,7.5,823628,620443,668901,543760,683146,666182,621438,805999,701807,52.97,,,,,,,,87,5,4-Seam Fastball,6,6,6,6,6,6,6,6,Strategic,Standard,233,0.008,-0.091,71.6,7.5,0.318801432,,0.091,,0,0,0.501,0.499,31,25,32,25,1,4,1,1,4,1,1.22,0.65,0.65,25.2,9.98960553718867,0.2580185492168274,26.761604253658376,40.00957829318431,23.55253057952025
FF,2026-05-17,94,-2.26,5.33,"Williams, Devin",683011,642207,,ball,,,,,14,,R,R,R,NYM,NYY,B,,,2,1,2026,-0.9,1.47,1.04388174486414,1.7521871001988303,641857,,,1,10,Top,,,,,,,10.705723142731324,-136.1999210569505,-6.687345967440134,-13.738828402287439,33.061944378710095,-12.564329141309958,3.115567585,1.57234252,,,,95.5,2414,7.6,823628,620443,668901,543760,683146,666182,621438,805999,701807,52.87,,,,,,,,87,4,4-Seam Fastball,6,6,6,6,6,6,6,6,Strategic,Standard,229,-0.009,0.071,,,,,-0.071,,0,0,0.51,0.49,31,25,32,25,1,4,1,1,4,1,1.16,0.9,0.9,26.2,,,,,
FF,2026-05-17,93.8,-2.15,5.34,"Williams, Devin",683011,642207,,ball,,,,,12,,R,R,R,NYM,NYY,B,,,1,1,2026,-0.98,1.27,0.2783227242916708,3.8964998464877594,641857,,,1,10,Top,,,,,,,8.604602583679407,-136.2733862375862,-0.6478851800136936,-14.16834887358598,33.39403024799552,-16.544085556132774,3.115567585,1.57234252,,,,95.6,2329,7.7,823628,620443,668901,543760,683146,666182,621438,805999,701807,52.79,,,,,,,,87,3,4-Seam Fastball,6,6,6,6,6,6,6,6,Strategic,Standard,221,-0.012,0.021,,,,,-0.021,,0,0,0.522,0.478,31,25,32,25,1,4,1,1,4,1,1.35,0.98,0.98,25.5,,,,,
FF,2026-05-17,93.8,-2.28,5.34,"Williams, Devin",683011,642207,,ball,,,,,12,,R,R,R,NYM,NYY,B,,,0,1,2026,-0.91,1.23,0.727852909344746,3.4687274836054423,,641857,,1,10,Top,,,,,,,9.961042933090553,-136.1035809852913,-1.6561044210955909,-13.641391123700966,33.26779295304606,-16.804127835781543,3.115567585,1.57234252,,,,95.5,2262,7.7,823628,620443,668901,543760,683146,666182,621438,805999,701807,52.8,,,,,,,,87,2,4-Seam Fastball,6,6,6,6,6,6,6,6,Standard,Standard,220,-0.101,0.04,,,,,-0.04,,0,0,0.623,0.377,31,25,32,25,1,4,1,1,4,1,1.4,0.91,0.91,24.3,,,,,
FF,2026-05-17,93.6,-2.39,5.27,"Williams, Devin",683011,642207,,foul_tip,,,,,5,,R,R,R,NYM,NYY,S,,,0,0,2026,-1.24,1.33,-0.1571758365569591,2.201402404682405,,641857,,1,10,Top,,,,,,,8.660523154903002,-135.9232733462889,-4.997890416498794,-17.271167530437978,31.500159778670206,-14.76955642175507,3.115567585,1.57234252,,,,95.3,2341,7.5,823628,620443,668901,543760,683146,666182,621438,805999,701807,52.97,,,,,,,,87,1,4-Seam Fastball,6,6,6,6,6,6,6,6,Standard,Standard,230,0.185,-0.049,74.7,7.5,,,0.049,,0,0,0.438,0.562,31,25,32,25,1,4,1,1,4,1,1.29,1.24,1.24,22.6,13.493779683666142,-4.090193284220212,37.21972219161078,33.95772416655093,28.711497979243155
CH,2026-05-17,84.1,-2.56,5.1,"Williams, Devin",680474,642207,strikeout,swinging_strike,,,,,13,Max Schuemann strikes out swinging.,R,R,R,NYM,NYY,S,2,,2,2,2026,-1.6,-0.42,-1.8738079494913802,1.8356250643410807,,641857,,0,10,Top,,,,,,,4.89199486876263,-122.22400325783191,0.06631967885076429,-16.944612610617202,29.486158940535,-36.64035270023626,3.194553806,1.612204724,,,,84.7,2575,7.3,823628,620443,668901,543760,683146,666182,621438,805999,701807,53.24,,0,0,1,0,0,,86,7,Changeup,6,6,6,6,6,6,6,6,Standard,Standard,280,0.093,-0.286,71.1,7.5,1.491745692,,0.286,,0,0,0.516,0.484,31,29,32,29,1,1,1,5,4,1,3.72,1.6,1.6,12.2,25.46741408096084,-49.06771725694533,35.785596705686764,18.363628011699515,47.34918901580015
CH,2026-05-17,83.7,-2.58,5.17,"Williams, Devin",680474,642207,,foul,,,,,11,,R,R,R,NYM,NYY,S,,,2,2,2026,-1.7,-0.1,-1.7605237924697206,2.4414476455095317,,641857,,0,10,Top,,,,,,,5.382943660844384,-121.68700137852305,0.6020911212508104,-17.909649374907783,25.5861317366039,-33.52881486583498,3.194553806,1.612204724,103,97.5,5,84.8,2569,7.2,823628,620443,668901,543760,683146,666182,621438,805999,701807,53.28,,,,,,,,86,6,Changeup,6,6,6,6,6,6,6,6,Standard,Standard,277,0,0,64.9,7.0,,,0,97.5,0,0,0.516,0.484,31,29,32,29,1,1,1,5,4,1,3.38,1.7,1.7,13.6,23.109061247796415,-37.010234606505826,35.09496849945546,19.7773686121302,36.92806527566076
CH,2026-05-17,85.6,-2.47,5.07,"Williams, Devin",680474,642207,,foul,,,,,8,,R,R,R,NYM,NYY,S,,,2,2,2026,-1.62,-0.16,-0.009735220576887249,1.7013137178297346,,641857,,0,10,Top,,,,,,,9.224702530737783,-124.21216110181643,-1.0210308914081963,-18.64328252390202,27.4231146987932,-33.86761193353327,3.194553806,1.612204724,1,49.5,-56,86.7,2555,7.3,823628,620443,668901,543760,683146,666182,621438,805999,701807,53.15,,,,,,,,86,5,Changeup,6,6,6,6,6,6,6,6,Standard,Standard,274,0,0,65.2,7.6,,,0,88.0,0,0,0.516,0.484,31,29,32,29,1,1,1,5,4,1,3.32,1.62,1.62,11.9,19.681669941608426,-12.962879778347977,32.60213517236257,39.99822772297573,34.982437085032146
FF,2026-05-17,92.8,-2.3,5.33,"Williams, Devin",680474,642207,,called_strike,,,,,5,,R,R,R,NYM,NYY,S,,,2,1,2026,-1.04,1.41,0.13866524888334286,2.5475361150002445,,641857,,0,10,Top,,,,,,,8.658641063342799,-134.8179731076571,-4.320868347510622,-14.62339834223393,30.515480285122578,-14.230853866230753,3.194553806,1.612204724,,,,94.5,2343,7.5,823628,620443,668901,543760,683146,666182,621438,805999,701807,53.02,,,,,,,,86,4,4-Seam Fastball,6,6,6,6,6,6,6,6,Strategic,Standard,220,0.021,-0.058,,,,,0.058,,0,0,0.495,0.505,31,29,32,29,1,1,1,5,4,1,1.25,1.04,1.04,22.8,,,,,
FF,2026-05-17,92.1,-2.45,5.34,"Williams, Devin",680474,642207,,called_strike,,,,,2,,R,R,R,NYM,NYY,S,,,2,0,2026,-1.07,1.16,-0.12197786796086807,3.168385247180038,,641857,,0,10,Top,,,,,,,8.389841568553488,-133.81292737924088,-2.0735272246496255,-14.704626846010434,30.450662407134008,-17.991071150678675,3.194553806,1.612204724,,,,93.8,2253,7.5,823628,620443,668901,543760,683146,666182,621438,805999,701807,53,,,,,,,,86,3,4-Seam Fastball,6,6,6,6,6,6,6,6,Strategic,Standard,232,0.01,-0.064,,,,,0.064,,0,0,0.485,0.515,31,29,32,29,1,1,1,5,4,1,1.54,1.07,1.07,25.1,,,,,
FF,2026-05-17,92.8,-2.33,5.24,"Williams, Devin",680474,642207,,ball,,,,,14,,R,R,R,NYM,NYY,B,,,1,0,2026,-0.86,1.37,1.0138563723625844,1.9851706012909156,,641857,,0,10,Top,,,,,,,10.622899425647981,-134.69368724163593,-5.454921177637536,-12.850309816466966,30.97009723734264,-14.491468898820795,3.194553806,1.612204724,,,,94.8,2311,7.7,823628,620443,668901,543760,683146,666182,621438,805999,701807,52.79,,,,,,,,86,2,4-Seam Fastball,6,6,6,6,6,6,6,6,Strategic,Standard,228,-0.01,0.04,,,,,-0.04,,0,0,0.495,0.505,31,29,32,29,1,1,1,5,4,1,1.31,0.86,0.86,22.6,,,,,
FF,2026-05-17,92.2,-2.4,5.45,"Williams, Devin",680474,642207,,ball,,,,,11,,R,R,R,NYM,NYY,B,,,0,0,2026,-1.02,1.23,-1.580393917521556,4.313822273357418,,641857,,0,10,Top,,,,,,,4.414409290297749,-134.06744061615242,0.4830587938893349,-13.267627626058037,33.953896561467275,-17.951721574217167,3.194553806,1.612204724,,,,93.5,2129,7.5,823628,620443,668901,543760,683146,666182,621438,805999,701807,53.02,,,,,,,,86,1,4-Seam Fastball,6,6,6,6,6,6,6,6,Strategic,Standard,233,0.162,0.022,,,,,-0.022,,0,0,0.333,0.667,31,29,32,29,1,1,1,5,4,1,1.5,1.02,1.02,23.9,,,,,
CH,2026-05-16,84.1,-2.4,5.2,"Williams, Devin",665862,642207,field_out,hit_into_play,,,,,4,Jazz Chisholm Jr. grounds out to first baseman Mark Vientos.,R,L,R,NYM,NYY,X,3,ground_ball,1,1,2026,-1.74,0.05,-0.5672204892250348,2.1235645223977033,,,,2,9,Top,156.01,167.93,,,,,7.821302843894303,-122.18090781884084,-0.5270929214218817,-18.976288588482312,26.712575591814062,-31.843044882454276,3.15593832,1.592716535,74,78.2,6,84.9,2547,7.2,823627,620443,668901,543760,683146,666182,665742,805999,701807,53.32,0.322,0.306,0,1,0,0,2,77,3,Changeup,6,3,3,6,3,6,3,6,Standard,Standard,274,0.004,-0.246,67.4,8.2,,0.372,0.246,88.0,3,-3,0.996,0.0040000000000000036,31,28,32,28,1,4,3,1,1,1,3.22,1.74,-1.74,14.9,15.235239072201452,-10.898062979511646,25.71923517877736,43.03185884249267,38.938707839390474
CH,2026-05-16,84.9,-2.4,5.14,"Williams, Devin",665862,642207,,ball,,,,,13,,R,L,R,NYM,NYY,B,,,0,1,2026,-1.8,-0.02,-0.9782985700432665,1.7625550407335226,,,,2,9,Top,,,,,,,7.052460072119032,-123.33327533867997,-1.192296573618396,-19.764144616888526,28.404491365069436,-32.32346469344644,3.15593832,1.592716535,,,,85.4,2555,7.1,823627,620443,668901,543760,683146,666182,665742,805999,701807,53.41,,,,,,,,77,2,Changeup,6,3,3,6,3,6,3,6,Standard,Standard,268,-0.001,0.032,,,,,-0.032,,3,-3,0.997,0.0030000000000000027,31,28,32,28,1,4,3,1,1,1,3.23,1.8,-1.8,13.5,,,,,
FF,2026-05-16,93.9,-2.22,5.31,"Williams, Devin",665862,642207,,called_strike,,,,,11,,R,L,R,NYM,NYY,S,,,0,0,2026,-1.11,1.06,-0.613615141454289,3.367067945303865,,,,2,9,Top,,,,,,,6.743349858618392,-136.49537302055043,-1.4947943268071846,-15.4281040666908,31.804093614391878,-18.875900379482058,3.15593832,1.592716535,,,,95.3,2426,7.3,823627,620443,668901,543760,683146,666182,665742,805999,701807,53.18,,,,,,,,77,1,4-Seam Fastball,6,3,3,6,3,6,3,6,Standard,Standard,219,0.001,-0.044,,,,,0.044,,3,-3,0.996,0.0040000000000000036,31,28,32,28,1,4,3,1,1,1,1.54,1.11,-1.11,22.4,,,,,
FF,2026-05-16,93.8,-2.15,5.4,"Williams, Devin",502671,642207,field_out,hit_into_play,,,,,2,Paul Goldschmidt flies out to left fielder Juan Soto.,R,R,R,NYM,NYY,X,7,fly_ball,0,2,2026,-0.96,1.32,-0.08523946230045298,3.3234723567440256,,,,1,9,Top,86.68,65.76,,,,,7.585468043416101,-136.2843463778941,-2.405112249544717,-13.672253148400715,32.96515054414445,-15.508534131706256,3.30250164,1.666683071,344,91.9,33,95.2,2427,7.4,823627,620443,668901,543760,683146,666182,665742,805999,701807,53.09,0.063,0.101,0,1,0,0,3,76,3,4-Seam Fastball,6,3,3,6,3,6,3,6,Standard,Standard,226,0.007,-0.165,73.9,7.1,,0.171,0.165,91.9,3,-3,0.989,0.01100000000000001,31,38,32,39,1,4,3,4,1,1,1.3,0.96,0.96,25.8,16.004829566157706,1.815057198993661,25.37817476939393,40.39825236210562,22.535253916202976
CH,2026-05-16,84.2,-2.35,5.15,"Williams, Devin",502671,642207,,foul,,,,,13,,R,R,R,NYM,NYY,S,,,0,1,2026,-1.76,-0.06,-1.265277000121757,2.0047253089091446,,,,1,9,Top,,,,,,,6.113793640609647,-122.37914410578716,-0.495547475204718,-18.832330458078104,27.19343303783754,-32.89621230832968,3.30250164,1.666683071,5,61.8,-26,84.8,2633,7.1,823627,620443,668901,543760,683146,666182,665742,805999,701807,53.44,,,,,,,,76,2,Changeup,6,3,3,6,3,6,3,6,Standard,Standard,276,0.002,-0.056,70.1,7.7,,,0.056,88.0,3,-3,0.987,0.013000000000000012,31,38,32,39,1,4,3,4,1,1,3.32,1.76,1.76,14.3,22.358129007010522,-15.768572925410247,39.485144578940606,27.461020096895144,25.88732195924515
CH,2026-05-16,83,-2.39,5.19,"Williams, Devin",502671,642207,,swinging_strike,,,,,5,,R,R,R,NYM,NYY,S,,,0,0,2026,-1.55,-0.05,-0.2698173453938124,2.2994783327491324,,,,1,9,Top,,,,,,,7.99822742625363,-120.58806751350814,0.27096727094738937,-16.682982212352897,25.49783800483189,-32.97992823836527,3.30250164,1.666683071,,,,83.8,2321,7.1,823627,620443,668901,543760,683146,666182,665742,805999,701807,53.37,,,,,,,,76,1,Changeup,6,3,3,6,3,6,3,6,Standard,Standard,276,0.002,-0.043,72.6,8.2,1.627389804,,0.043,,3,-3,0.985,0.015000000000000013,31,38,32,39,1,4,3,4,1,1,3.39,1.55,1.55,15.3,24.127284741670096,-27.572879213522604,30.652826744133247,38.62746145942775,34.85630872180433
FF,2026-05-16,94,-2.26,5.38,"Williams, Devin",641355,642207,strikeout,swinging_strike,,,,,12,Cody Bellinger strikes out swinging.,R,L,R,NYM,NYY,S,2,,3,2,2026,-0.85,1.37,0.31058299022976044,3.865262354700159,,,,0,9,Top,,,,,,,8.648314792001214,-136.58232637748264,-1.0746443134928265,-12.659350240546456,33.47709818909395,-15.159580290598042,3.344627625,1.687942913,,,,95.1,2405,7.3,823627,620443,668901,543760,683146,666182,665742,805999,701807,53.23,,0,0,1,0,0,,75,6,4-Seam Fastball,6,3,3,6,3,6,3,6,Strategic,Standard,226,0.025,-0.354,72.6,7.4,0.14240028,,0.354,,3,-3,0.96,0.040000000000000036,31,30,32,31,1,4,3,1,1,1,1.24,0.85,-0.85,24.1,15.153981872540442,-8.3067157325372,23.17969154059515,26.834704785599843,29.05754279312025
FF,2026-05-16,93.4,-2.25,5.26,"Williams, Devin",641355,642207,,foul,,,,,11,,R,L,R,NYM,NYY,S,,,3,1,2026,-1.08,1.35,-0.8952224153333967,2.5462600640041098,,,,0,9,Top,,,,,,,5.9964241527017235,-135.8026598228337,-4.07984540904998,-14.709509665999033,32.80619036260428,-14.798245627788287,3.344627625,1.687942913,251,75.3,38,94.8,2374,7.4,823627,620443,668901,543760,683146,666182,665742,805999,701807,53.13,,,,,,,,75,5,4-Seam Fastball,6,3,3,6,3,6,3,6,Standard,Standard,228,0.01,-0.108,71.7,7.7,,,0.108,88.0,3,-3,0.95,0.050000000000000044,31,30,32,31,1,4,3,1,1,1,1.29,1.08,-1.08,22.9,6.980829423952692,14.95782100141206,32.001253355626055,40.62724157322651,20.855806223306963
FF,2026-05-16,93.7,-2.33,5.22,"Williams, Devin",641355,642207,,ball,,,,,12,,R,L,R,NYM,NYY,B,,,2,1,2026,-0.86,1.35,1.0380896192979008,2.661999998032943,,,,0,9,Top,,,,,,,10.70532206973726,-135.8663689069976,-3.6716608072587675,-13.172242004229366,33.50046042938708,-14.89418915224124,3.344627625,1.687942913,,,,94.9,2323,7.4,823627,620443,668901,543760,683146,666182,665742,805999,701807,53.05,,,,,,,,75,4,4-Seam Fastball,6,3,3,6,3,6,3,6,Standard,Standard,232,-0.012,0.146,,,,,-0.146,,3,-3,0.962,0.038000000000000034,31,30,32,31,1,4,3,1,1,1,1.29,0.86,-0.86,22.9,,,,,
FF,2026-05-16,94.1,-2.28,5.33,"Williams, Devin",641355,642207,,foul_tip,,,,,4,,R,L,R,NYM,NYY,S,,,2,0,2026,-1.01,1.25,-0.5505522170904331,2.7383420207541365,,,,0,9,Top,,,,,,,6.852535646847432,-136.83129911981106,-3.6395401351724845,-14.232713573855053,33.37557564235537,-15.911726444254876,3.344627625,1.687942913,,,,95.6,2482,7.4,823627,620443,668901,543760,683146,666182,665742,805999,701807,53.07,,,,,,,,75,3,4-Seam Fastball,6,3,3,6,3,6,3,6,Standard,Standard,230,0.008,-0.08,71.7,8.2,,,0.08,,3,-3,0.954,0.04600000000000004,31,30,32,31,1,4,3,1,1,1,1.35,1.01,-1.01,23.0,18.154736947155147,0.022668449089079515,33.50961897076253,37.00101958422975,25.80820310641117
FF,2026-05-16,92.1,-2.27,5.27,"Williams, Devin",641355,642207,,ball,,,,,12,,R,L,R,NYM,NYY,B,,,1,0,2026,-0.94,1.29,1.1418223258093267,2.7100306756245116,,,,0,9,Top,,,,,,,10.852842656605423,-133.53798866399458,-3.282456409276084,-13.726232055377881,32.12730235164166,-16.314997495756813,3.344627625,1.687942913,,,,93.5,2321,7.6,823627,620443,668901,543760,683146,666182,665742,805999,701807,52.94,,,,,,,,75,2,4-Seam Fastball,6,3,3,6,3,6,3,6,Standard,Strategic,234,-0.008,0.085,,,,,-0.085,,3,-3,0.962,0.038000000000000034,31,30,32,31,1,4,3,1,1,1,1.45,0.94,-0.94,20.5,,,,,
FF,2026-05-16,93.2,-2.37,5.26,"Williams, Devin",641355,642207,,ball,,,,,11,,R,L,R,NYM,NYY,B,,,0,0,2026,-1.11,1.3,-0.760708318836381,3.8730086520704146,,,,0,9,Top,,,,,,,6.734363991023191,-135.5382879025862,-0.47929826645028906,-15.253243170054644,33.536454357606125,-16.38915724635775,3.344627625,1.687942913,,,,94.7,2269,7.5,823627,620443,668901,543760,683146,666182,665742,805999,701807,53.02,,,,,,,,75,1,4-Seam Fastball,6,3,3,6,3,6,3,6,Standard,Standard,236,-0.004,0.046,,,,,-0.046,,3,-3,0.966,0.03400000000000003,31,30,32,31,1,4,3,1,1,1,1.35,1.11,-1.11,21.1,,,,,
CH,2026-05-13,84.3,-2.33,5.23,"Williams, Devin",693307,642207,field_out,hit_into_play,,,,,5,Dillon Dingler flies out to right fielder Carson Benge.,R,R,R,NYM,DET,X,9,fly_ball,1,1,2026,-1.8,0,0.2508437364632401,2.6759008185495556,,805808,,2,9,Top,180.9,130.8,,,,,9.720312048092518,-122.27995862423774,0.811895340655074,-20.113447659993977,28.194587150153687,-32.60595242160064,3.271784777,1.651181102,217,76.8,48,84.9,2524,7.3,823631,620443,668901,543760,683146,666182,621438,805999,701807,53.24,0.071,0.076,0,1,0,0,3,72,3,Changeup,2,2,2,2,2,2,2,2,Standard,Standard,273,0.101,-0.254,71.1,7.6,,0.106,0.254,88.0,0,0,0.538,0.46199999999999997,31,27,32,28,1,4,5,1,3,1,3.27,1.8,1.8,16.1,14.182788217615313,6.203990817882445,36.88655120150652,38.88864680396475,29.30268916888179
CH,2026-05-13,83.9,-2.24,5.16,"Williams, Devin",693307,642207,,called_strike,,,,,8,,R,R,R,NYM,DET,S,,,1,0,2026,-1.88,-0.02,-0.1837233092527748,1.663818401792601,,,805808,2,9,Top,,,,,,,8.616351154344665,-121.77155125498999,-1.2839510988750156,-20.47306194493916,28.288862765340983,-32.30599816716886,3.271784777,1.651181102,,,,84.4,2679,7.2,823631,620443,668901,543760,683146,666182,621438,805999,701807,53.31,,,,,,,,72,2,Changeup,2,2,2,2,2,2,2,2,Standard,Standard,270,-0.031,-0.051,,,,,0.051,,0,0,0.569,0.43100000000000005,31,27,32,28,1,4,5,1,3,1,3.32,1.88,1.88,14.5,,,,,
FF,2026-05-13,93.6,-2.16,5.43,"Williams, Devin",693307,642207,,ball,,,,,12,,R,R,R,NYM,DET,B,,,0,0,2026,-0.92,1.29,1.0591735161214304,3.894372053520918,,,805808,2,9,Top,,,,,,,10.484699764463015,-135.91671983609987,-0.9001106642706351,-13.81902408436627,32.72436895055187,-16.28749439226716,3.271784777,1.651181102,,,,95.1,2305,7.5,823631,620443,668901,543760,683146,666182,621438,805999,701807,53.01,,,,,,,,72,1,4-Seam Fastball,2,2,2,2,2,2,2,2,Standard,Standard,226,-0.005,0.039,,,,,-0.039,,0,0,0.574,0.42600000000000005,31,27,32,28,1,4,5,1,3,1,1.34,0.92,0.92,26.4,,,,,
CH,2026-05-13,83,-2.29,5.28,"Williams, Devin",805808,642207,walk,ball,,,,,13,Kevin McGonigle walks.,R,L,R,NYM,DET,B,,,3,1,2026,-1.72,0.01,-1.0039691544998568,1.4632861593688204,,,,2,9,Top,,,,,,,6.415059778901154,-120.66369716716787,-1.9378138292400484,-18.03232311586941,27.41085295721312,-31.904299193085706,3.085728346,1.557283465,,,,83.3,2551,6.9,823631,620443,668901,543760,683146,666182,621438,805999,701807,53.56,,0.698841,0.7,1,0,0,,71,5,Changeup,2,2,2,2,2,2,2,2,Infield shade,Standard,275,-0.019,0.202,,,,,-0.202,,0,0,0.593,0.40700000000000003,31,21,32,22,1,4,5,1,3,1,3.35,1.72,-1.72,14.4,,,,,
CH,2026-05-13,82.8,-2.38,5.23,"Williams, Devin",805808,642207,,ball,,,,,13,,R,L,R,NYM,DET,B,,,2,1,2026,-1.7,-0.12,-1.1879413856369503,0.7677803214244117,,,,2,9,Top,,,,,,,6.151562011209724,-120.2646227549184,-3.1223986423543417,-17.684254340382996,26.825104065989677,-32.82353421377294,3.085728346,1.557283465,,,,83.4,2554,7.1,823631,620443,668901,543760,683146,666182,621438,805999,701807,53.4,,,,,,,,71,4,Changeup,2,2,2,2,2,2,2,2,Infield shade,Standard,276,-0.009,0.1,,,,,-0.1,,0,0,0.602,0.398,31,21,32,22,1,4,5,1,3,1,3.49,1.7,-1.7,13.4,,,,,
CH,2026-05-13,82.2,-2.37,5.22,"Williams, Devin",805808,642207,,foul,,,,,9,,R,L,R,NYM,DET,S,,,2,0,2026,-1.76,-0.05,0.2792539223866022,1.7159812336208602,,,,2,9,Top,,,,,,,9.524146776568031,-119.26634825681455,-0.961559525349189,-18.709534502869477,25.49751897444085,-32.710706971745864,3.085728346,1.557283465,2,35.7,-41,82.8,2647,7.1,823631,620443,668901,543760,683146,666182,621438,805999,701807,53.39,,,,,,,,71,3,Changeup,2,2,2,2,2,2,2,2,Standard,Standard,277,0.006,-0.062,,,,,0.062,88.0,0,0,0.596,0.404,31,21,32,22,1,4,5,1,3,1,3.48,1.76,-1.76,12.9,,,,,
CH,2026-05-13,82.9,-2.31,5.2,"Williams, Devin",805808,642207,,ball,,,,,14,,R,L,R,NYM,DET,B,,,1,0,2026,-1.86,-0.21,0.4257609708191572,0.8453118012497649,,,,2,9,Top,,,,,,,10.005894896626364,-120.1658522082196,-2.6165277932758704,-20.122158347996663,29.02220546588163,-33.73579264268338,3.085728346,1.557283465,,,,82.9,2482,7,823631,620443,668901,543760,683146,666182,621438,805999,701807,53.45,,,,,,,,71,2,Changeup,2,2,2,2,2,2,2,2,Standard,Standard,276,-0.006,0.063,,,,,-0.063,,0,0,0.602,0.398,31,21,32,22,1,4,5,1,3,1,3.62,1.86,-1.86,12.0,,,,,
CH,2026-05-13,82.2,-2.43,5.26,"Williams, Devin",805808,642207,,ball,,,,,13,,R,L,R,NYM,DET,B,,,0,0,2026,-1.63,-0.31,-2.3598766619661946,2.269017067562863,,,,2,9,Top,,,,,,,3.437978637822134,-119.60306490251399,0.7218239901479582,-16.262831368372538,26.82481383755571,-35.570530914504204,3.085728346,1.557283465,,,,82.6,2815,7,823631,620443,668901,543760,683146,666182,621438,805999,701807,53.55,,,,,,,,71,1,Changeup,2,2,2,2,2,2,2,2,Standard,Standard,282,-0.003,0.041,,,,,-0.041,,0,0,0.605,0.395,31,21,32,22,1,4,5,1,3,1,3.73,1.63,-1.63,15.2,,,,,
CH,2026-05-13,83.1,-2.33,5.23,"Williams, Devin",669398,642207,field_out,hit_into_play,,,,,7,Gage Workman lines out to right fielder Carson Benge.,R,L,R,NYM,DET,X,9,line_drive,0,0,2026,-2.01,-0.06,-0.6646259334021551,1.6510184729650046,,,,1,9,Top,166.04,82.12,,,,,7.888950348747295,-120.65055261652195,-1.2388696772631396,-21.188920563374626,28.03106190399246,-32.70519384688197,3.377977362,1.704773622,307,92.7,24,83.4,2651,7.1,823631,620443,668901,543760,683146,666182,621438,805999,701807,53.45,0.126,0.14,0,1,0,0,3,70,1,Changeup,2,2,2,2,2,2,2,2,Standard,Standard,277,0.047,-0.264,76.4,7.5,,0.226,0.264,92.7,0,0,0.558,0.44199999999999995,31,26,32,27,1,0,5,1,3,1,3.43,2.01,-2.01,14.1,15.84597453706619,3.1277251763225795,44.311662208658966,43.98361741573564,27.748935487831762
FF,2026-05-13,92.5,-2.3,5.26,"Williams, Devin",656716,642207,strikeout,foul_tip,,,,,1,Zach McKinstry strikes out on a foul tip.,R,L,R,NYM,DET,S,2,,1,2,2026,-0.94,1.33,-0.5013381175705276,3.0044591753668843,,,,0,9,Top,,,,,,,6.775961507958584,-134.39407170990944,-2.67496566062919,-13.008093982513099,33.510016290075384,-15.815595223066302,3.169980315,1.59980315,,,,93.8,2187,7.5,823631,620443,668901,543760,683146,666182,621438,805999,701807,53.01,,0,0,1,0,0,,69,4,4-Seam Fastball,2,2,2,2,2,2,2,2,Infield shade,Standard,232,0.041,-0.19,71.6,5.8,,,0.19,,0,0,0.517,0.483,31,31,32,31,1,3,5,1,3,1,1.38,0.94,-0.94,18.1,-8.780219855377975,29.494612065623,34.25391306333046,40.102259429257074,12.944378903673698
CH,2026-05-13,82.9,-2.35,5.22,"Williams, Devin",656716,642207,,swinging_strike,,,,,13,,R,L,R,NYM,DET,S,,,1,1,2026,-1.72,-0.16,-0.35822754547576197,1.4590120635111261,,,,0,9,Top,,,,,,,8.019550132451341,-120.41605756026621,-1.4784381269891664,-18.280956922959668,25.750650256039002,-33.66103018455226,3.169980315,1.59980315,,,,83.5,2656,7,823631,620443,668901,543760,683146,666182,621438,805999,701807,53.47,,,,,,,,69,3,Changeup,2,2,2,2,2,2,2,2,Standard,Standard,275,0.014,-0.062,74.4,7.9,0.486584892,,0.062,,0,0,0.503,0.497,31,31,32,31,1,3,5,1,3,1,3.52,1.72,-1.72,13.3,24.456528940583052,-11.934505298694704,40.1117005409096,39.501368673289264,41.42578221176022
FF,2026-05-13,94,-2.28,5.29,"Williams, Devin",656716,642207,,ball,,,,,12,,R,L,R,NYM,DET,B,,,0,1,2026,-1.01,1.35,0.8938739215273506,4.014313496710789,,,,0,9,Top,,,,,,,10.660132359537295,-136.3784766328463,-0.4320908853041008,-15.105821494948279,32.0057755107699,-15.501716292915479,3.169980315,1.59980315,,,,95.9,2339,7.7,823631,620443,668901,543760,683146,666182,621438,805999,701807,52.82,,,,,,,,69,2,4-Seam Fastball,2,2,2,2,2,2,2,2,Standard,Standard,234,-0.006,0.031,,,,,-0.031,,0,0,0.509,0.491,31,31,32,31,1,3,5,1,3,1,1.26,1.01,-1.01,21.1,,,,,
CH,2026-05-13,82.2,-2.34,5.27,"Williams, Devin",656716,642207,,called_strike,,,,,8,,R,L,R,NYM,DET,S,,,0,0,2026,-1.77,-0.13,0.2636896147836114,2.0250598243981623,,,,0,9,Top,,,,,,,9.437171781821444,-119.19036397587263,-0.22164973203288385,-18.753093371366738,25.62382282124955,-33.571950518747514,3.169980315,1.59980315,,,,82.7,2516,7.1,823631,620443,668901,543760,683146,666182,621438,805999,701807,53.43,,,,,,,,69,1,Changeup,2,2,2,2,2,2,2,2,Standard,Standard,275,0.009,-0.043,,,,,0.043,,0,0,0.5,0.5,31,31,32,31,1,3,5,1,3,1,3.56,1.77,-1.77,15.5,,,,,
CH,2026-05-08,85.4,-2.42,5.22,"Williams, Devin",699912,642207,strikeout,swinging_strike,,,,,11,Jose Fernandez strikes out swinging.,R,R,R,AZ,NYM,S,2,,1,2,2026,-1.71,-0.02,-1.2331508977703416,2.5676314104820825,,,,2,9,Bot,,,,,,,6.36922514796975,-124.22428106671401,0.3564555037805168,-18.981557533962633,26.500685721727663,-32.71250499852873,3.351648622,1.691486221,,,,86.5,2746,7.2,825088,620443,668901,543760,683146,666182,665742,701807,669004,53.33,,0,0,1,0,0,,65,4,Changeup,1,1,1,1,1,1,1,1,Standard,Standard,272,-0.025,-0.177,74.1,8.8,1.408945368,,0.177,,0,0,0.525,0.525,31,22,32,23,1,3,2,1,5,2,3.17,1.71,1.71,16.3,26.395575131115265,-49.522858948844956,33.95134549429866,24.671843439478486,49.113976411365186
CH,2026-05-08,84.9,-2.31,5.14,"Williams, Devin",699912,642207,,called_strike,,,,,9,,R,R,R,AZ,NYM,S,,,1,1,2026,-1.8,-0.11,0.5838524206841451,1.9616526496856168,,,,2,9,Bot,,,,,,,10.50007673283461,-123.18392492134346,-0.6072764455669429,-20.462299964605627,25.793065460351762,-33.38421090173767,3.351648622,1.691486221,,,,85.8,2726,7.2,825088,620443,668901,543760,683146,666182,665742,701807,669004,53.33,,,,,,,,65,3,Changeup,1,1,1,1,1,1,1,1,Standard,Standard,273,-0.009,-0.069,,,,,0.069,,0,0,0.534,0.534,31,22,32,23,1,3,2,1,5,2,3.3,1.8,1.8,13.9,,,,,
CH,2026-05-08,84.6,-2.3,5.21,"Williams, Devin",699912,642207,,swinging_strike,,,,,4,,R,R,R,AZ,NYM,S,,,1,0,2026,-1.73,-0.12,-0.309946913038069,2.44487283884903,,,,2,9,Bot,,,,,,,8.19353505207089,-122.89641587470003,0.43164074218163284,-19.190308850043284,25.771543151418967,-33.751434714365246,3.351648622,1.691486221,,,,85.3,2712,7,825088,620443,668901,543760,683146,666182,665742,701807,669004,53.52,,,,,,,,65,2,Changeup,1,1,1,1,1,1,1,1,Standard,Standard,273,-0.005,-0.053,77.0,8.9,3.184674312,,0.053,,0,0,0.539,0.539,31,22,32,23,1,3,2,1,5,2,3.33,1.73,1.73,14.9,22.01275018099985,-36.94328440329174,24.51136312584828,35.35963975121512,51.661090994386726
FF,2026-05-08,94.3,-2.24,5.39,"Williams, Devin",699912,642207,,ball,,,,,12,,R,R,R,AZ,NYM,B,,,0,0,2026,-0.94,1.52,0.4951045507088254,4.050742887406583,,,,2,9,Bot,,,,,,,9.284748942689864,-136.92886168936337,-1.0340432497578154,-14.026302505618622,32.88598258033428,-13.120931024123104,3.351648622,1.691486221,,,,95.3,2425,7.2,825088,620443,668901,543760,683146,666182,665742,701807,669004,53.3,,,,,,,,65,1,4-Seam Fastball,1,1,1,1,1,1,1,1,Standard,Standard,226,0.003,0.041,,,,,-0.041,,0,0,0.536,0.536,31,22,32,23,1,3,2,1,5,2,1.07,0.94,0.94,25.1,,,,,
CH,2026-05-08,84.3,-2.43,5.19,"Williams, Devin",672515,642207,field_out,hit_into_play,,,,,9,"Gabriel Moreno grounds out, shortstop Bo Bichette to first baseman Mark Vientos.",R,R,R,AZ,NYM,X,6,ground_ball,0,0,2026,-1.53,-0.01,0.772746666251982,1.7503183435211795,,,,1,9,Bot,103.94,144.98,,,,,10.560551611550192,-122.2060076154569,-1.2859079082251894,-17.504616488567855,25.725518471051334,-32.2169200131325,3.071686352,1.55019685,106,75.8,8,85,2523,7.1,825088,620443,668901,543760,683146,666182,665742,701807,669004,53.41,0.257,0.242,0,1,0,0,2,64,1,Changeup,1,1,1,1,1,1,1,1,Standard,Standard,269,-0.046,-0.264,70.7,7.9,,0.29,0.264,88.0,0,0,0.582,0.582,31,26,32,26,1,3,2,1,5,1,3.26,1.53,1.53,14.0,17.87758323017215,-9.573977575360047,31.46241930102459,43.91929502634579,45.73851171692502
FF,2026-05-08,94.3,-2.23,5.45,"Williams, Devin",666971,642207,field_out,hit_into_play,,,,,5,"Lourdes Gurriel Jr. grounds out sharply, shortstop Bo Bichette to first baseman Mark Vientos.",R,R,R,AZ,NYM,X,6,ground_ball,2,0,2026,-0.74,1.29,-0.1396531260091014,2.624890409334101,,,,0,9,Bot,112.72,165.85,,,,,7.184760777226182,-137.0919079840421,-4.411491888865711,-11.007043743194624,32.18572701461307,-15.13718102211009,3.354281496,1.692814961,37,101,-2,95.8,2388,7.3,825088,620443,668901,543760,683146,666182,665742,701807,669004,53.16,0.359,0.324,0,1,0,0,2,63,3,4-Seam Fastball,1,1,1,1,1,1,1,1,Standard,Standard,226,-0.078,-0.396,73.0,7.1,,0.405,0.396,101.0,0,0,0.66,0.66,31,32,32,33,1,3,2,2,5,1,1.29,0.74,0.74,27.1,2.198323544762099,-3.9399694759632182,36.17072183848664,34.051609942652036,26.846481223855868
FF,2026-05-08,94.1,-2.31,5.31,"Williams, Devin",666971,642207,,ball,,,,,12,,R,R,R,AZ,NYM,B,,,1,0,2026,-0.78,1.25,1.1028216472376706,3.6662260448446418,,,,0,9,Bot,,,,,,,10.651001793246582,-136.59033825828988,-1.1505498810118167,-12.175959976644322,32.275155460697626,-16.617775452932456,3.354281496,1.692814961,,,,95.2,2359,7.3,825088,620443,668901,543760,683146,666182,665742,701807,669004,53.25,,,,,,,,63,2,4-Seam Fastball,1,1,1,1,1,1,1,1,Standard,Standard,226,0.014,0.085,,,,,-0.085,,0,0,0.646,0.646,31,32,32,33,1,3,2,2,5,1,1.36,0.78,0.78,21.7,,,,,
FF,2026-05-08,93.8,-2.23,5.35,"Williams, Devin",666971,642207,,ball,,,,,12,,R,R,R,AZ,NYM,B,,,0,0,2026,-0.93,1.08,1.2728874159679548,2.961105921724093,,,,0,9,Bot,,,,,,,11.216324582791254,-136.15913890476446,-2.674653729785731,-14.085446303869247,32.037790699390705,-18.40191515273507,3.354281496,1.692814961,,,,95.1,2103,7.3,825088,620443,668901,543760,683146,666182,665742,701807,669004,53.16,,,,,,,,63,1,4-Seam Fastball,1,1,1,1,1,1,1,1,Standard,Standard,231,0.007,0.046,,,,,-0.046,,0,0,0.639,0.639,31,32,32,33,1,3,2,2,5,1,1.54,0.93,0.93,23.6,,,,,
FF,2026-05-06,92.1,-2.37,5.28,"Williams, Devin",691720,642207,strikeout,called_strike,,,,,7,Kyle Karros called out on strikes.,R,R,R,COL,NYM,S,2,,2,2,2026,-0.63,1.37,-0.6094776682718647,2.016812633444033,696100,681198,671289,2,9,Bot,,,,,,,5.921599829122763,-134.10386513908978,-5.42114227120676,-8.826139924303153,25.637401484301527,-14.674480202661194,3.431512467,1.731791339,,,,94.3,2365,7.3,824361,620443,668901,543760,683146,666182,665742,701807,621438,53.2,,0,0,1,0,0,,87,5,4-Seam Fastball,5,10,5,10,10,5,5,10,Standard,Standard,221,-0.014,-0.197,,,,,0.197,,-5,-5,0.014,0.014,31,23,32,24,1,4,2,2,2,1,1.29,0.63,0.63,25.5,,,,,
CH,2026-05-06,83.8,-2.51,5.13,"Williams, Devin",691720,642207,,ball,,,,,13,,R,R,R,COL,NYM,B,,,1,2,2026,-1.58,-0.12,-0.6642430279921061,1.507935968996661,696100,681198,671289,2,9,Bot,,,,,,,7.518224876281308,-121.94271365982698,-1.5620914091888491,-17.235433577101887,22.0547386078049,-33.25901093140818,3.431512467,1.731791339,,,,85.4,2806,7.2,824361,620443,668901,543760,683146,666182,665742,701807,621438,53.34,,,,,,,,87,4,Changeup,5,10,5,10,10,5,5,10,Standard,Standard,272,0.002,0.036,,,,,-0.036,,-5,-5,0.012,0.012,31,23,32,24,1,4,2,2,2,1,3.34,1.58,1.58,14.3,,,,,
FF,2026-05-06,91.6,-2.21,5.32,"Williams, Devin",691720,642207,,foul,,,,,12,,R,R,R,COL,NYM,S,,,1,1,2026,-0.69,1.11,0.9491292895906319,3.307148990561749,696100,681198,671289,2,9,Bot,,,,,,,9.599261609392638,-133.2057774901078,-1.5499569782041327,-10.179022901429814,26.50765045045034,-18.74622161752177,3.431512467,1.731791339,261,81,47,93.8,2398,7.5,824361,620443,668901,543760,683146,666182,665742,701807,621438,53.03,,,,,,,,87,3,4-Seam Fastball,5,10,5,10,10,5,5,10,Standard,Standard,217,-0.003,-0.068,68.0,6.3,,,0.068,88.0,-5,-5,0.015,0.015,31,23,32,24,1,4,2,2,2,1,1.59,0.69,0.69,26.3,-3.94559119158118,16.265763192572887,28.9626328559256,48.297293732260215,15.839126875464977
FF,2026-05-06,91.3,-2.29,5.3,"Williams, Devin",691720,642207,,foul,,,,,12,,R,R,R,COL,NYM,S,,,1,0,2026,-0.78,1.07,0.8812594591486522,2.996063854261341,696100,681198,671289,2,9,Bot,,,,,,,9.74863006271528,-132.82256850066864,-2.1943213244852062,-11.160121123522185,24.469565757293466,-19.086908737034204,3.431512467,1.731791339,267,82.3,45,93.4,2265,7.2,824361,620443,668901,543760,683146,666182,665742,701807,621438,53.28,,,,,,,,87,2,4-Seam Fastball,5,10,5,10,10,5,5,10,Standard,Standard,224,-0.003,-0.035,70.9,6.7,,,0.035,88.0,-5,-5,0.018,0.018,31,23,32,24,1,4,2,2,2,1,1.63,0.78,0.78,24.3,1.564014521659612,9.755691791800567,29.13579474794709,47.2220998996494,23.58290775322076
CH,2026-05-06,82.8,-2.69,5.08,"Williams, Devin",691720,642207,,ball,,,,,13,,R,R,R,COL,NYM,B,,,0,0,2026,-1.57,0.07,-1.2220069138930478,1.661954991669151,696100,681198,671289,2,9,Bot,,,,,,,6.528278082521223,-120.4855416258725,-1.299245252956124,-16.56408557354802,21.364701066161523,-31.463945872981487,3.431512467,1.731791339,,,,84.3,2574,7.1,824361,620443,668901,543760,683146,666182,665742,701807,621438,53.39,,,,,,,,87,1,Changeup,5,10,5,10,10,5,5,10,Standard,Standard,274,0.003,0.023,,,,,-0.023,,-5,-5,0.015,0.015,31,23,32,24,1,4,2,2,2,1,3.23,1.57,1.57,12.0,,,,,
CH,2026-05-06,82.6,-2.52,5.06,"Williams, Devin",687597,642207,strikeout,swinging_strike,,,,,13,Jordan Beck strikes out swinging.,R,R,R,COL,NYM,S,2,,1,2,2026,-1.5,-0.15,-0.04028665443184831,1.122111349742307,696100,681198,671289,1,9,Bot,,,,,,,8.69934608336416,-120.06014852695118,-1.997185348009146,-16.16606313775336,21.55882688981614,-33.42163962796721,3.316543635,1.673769685,,,,84.3,2686,7.3,824361,620443,668901,543760,683146,666182,665742,701807,621438,53.17,,0,0,1,0,0,,86,4,Changeup,5,10,5,10,10,5,5,10,Standard,Standard,274,-0.023,-0.223,70.2,8.9,1.455456156,,0.223,,-5,-5,0.038,0.038,31,25,32,25,1,0,2,2,2,2,3.47,1.5,1.5,13.9,25.00552403569157,-25.11738593521252,40.084590156768854,40.581265782967925,44.99193010704212
CH,2026-05-06,83,-2.58,5.04,"Williams, Devin",687597,642207,,swinging_strike,,,,,13,,R,R,R,COL,NYM,S,,,1,1,2026,-1.49,-0.13,-1.1317016328787022,2.122973113335962,696100,681198,671289,1,9,Bot,,,,,,,6.333066087742131,-120.77766195303178,0.2613595446645247,-15.841375603759516,22.89463612504157,-33.714796780406665,3.316543635,1.673769685,,,,84.3,2642,7.1,824361,620443,668901,543760,683146,666182,665742,701807,621438,53.41,,,,,,,,86,3,Changeup,5,10,5,10,10,5,5,10,Standard,Standard,276,-0.008,-0.105,39.2,6.1,2.536425732,,0.105,,-5,-5,0.046,0.046,31,25,32,25,1,0,2,2,2,2,3.43,1.49,1.49,10.7,1.0233815844735297,8.470956563507478,30.34657361424647,27.596161684959856,18.62264615701609
FF,2026-05-06,91.4,-2.4,5.21,"Williams, Devin",687597,642207,,called_strike,,,,,6,,R,R,R,COL,NYM,S,,,1,0,2026,-0.72,1.09,0.6932141312734296,2.3206494496481627,696100,681198,671289,1,9,Bot,,,,,,,9.455307304012138,-132.87123716617614,-3.714490168403906,-10.381294654954923,25.64768867809886,-18.562617748808773,3.316543635,1.673769685,,,,93.6,2263,7.4,824361,620443,668901,543760,683146,666182,665742,701807,621438,53.11,,,,,,,,86,2,4-Seam Fastball,5,10,5,10,10,5,5,10,Standard,Standard,231,-0.009,-0.049,,,,,0.049,,-5,-5,0.055,0.055,31,25,32,25,1,0,2,2,2,2,1.62,0.72,0.72,23.3,,,,,
FF,2026-05-06,92.3,-2.42,5.19,"Williams, Devin",687597,642207,,ball,,,,,12,,R,R,R,COL,NYM,B,,,0,0,2026,-0.54,1.04,0.9032282910724636,3.526740018915808,696100,681198,671289,1,9,Bot,,,,,,,9.758790821752461,-134.25373480089192,-0.6002871932054532,-8.506388687163776,26.412709424727908,-19.537330408443143,3.316543635,1.673769685,,,,94.7,2259,7.5,824361,620443,668901,543760,683146,666182,665742,701807,621438,52.99,,,,,,,,86,1,4-Seam Fastball,5,10,5,10,10,5,5,10,Standard,Standard,226,0.007,0.033,,,,,-0.033,,-5,-5,0.048,0.048,31,25,32,25,1,0,2,2,2,2,1.61,0.54,0.54,23.8,,,,,
CH,2026-05-04,84.6,-2.44,5.1,"Williams, Devin",687859,642207,strikeout,swinging_strike,,,,,13,Troy Johnston strikes out swinging.,R,L,R,COL,NYM,S,2,,0,2,2026,-1.44,0,-0.1838634276751907,1.034183852056151,,,,2,9,Bot,,,,,,,8.261704042981174,-122.98486798318801,-2.9892033616667777,-16.173512883344625,22.241120240153545,-31.756588901883706,3.159448819,1.594488189,,,,86.4,2477,7.3,824363,620443,668901,543760,683146,666182,665742,701807,621438,53.2,,0,0,1,0,0,,65,4,Changeup,2,4,2,4,4,2,2,4,Infield shade,Standard,271,-0.015,-0.154,69.4,7.7,2.608419024,,0.154,,-2,-2,0.015,0.015,31,29,32,29,1,0,3,1,2,2,3.16,1.44,-1.44,17.2,23.69097417382477,-12.127156411216198,43.92761716911483,37.05276764311367,46.02816855282405
FF,2026-05-04,93.9,-2.42,5.11,"Williams, Devin",687859,642207,,foul,,,,,11,,R,L,R,COL,NYM,S,,,0,2,2026,-0.54,0.97,-0.5138181219010318,3.3033949649672483,,,,2,9,Bot,,,,,,,6.208586102998945,-136.8697354660279,-1.1038419800810109,-7.93558852436802,24.594628430623704,-19.843792326880138,3.159448819,1.594488189,247,80.1,27,96.8,2419,7.5,824363,620443,668901,543760,683146,666182,665742,701807,621438,53.05,,,,,,,,65,3,4-Seam Fastball,2,4,2,4,4,2,2,4,Infield shade,Strategic,221,0,0,56.6,4.6,,,0,88.0,-2,-2,0.015,0.015,31,29,32,29,1,0,3,1,2,2,1.57,0.54,-0.54,23.9,-16.56745103107603,43.580943303828654,29.227817414777338,40.437647955713004,7.062551520963574
FF,2026-05-04,94.3,-2.37,5.2,"Williams, Devin",687859,642207,,swinging_strike,,,,,2,,R,L,R,COL,NYM,S,,,0,1,2026,-0.64,1.2,-0.15367179523948438,2.7748272736798296,,,,2,9,Bot,,,,,,,7.288554605416835,-137.23465530102553,-3.280451098982594,-9.58080005759814,25.914584298790473,-16.36443236159707,3.159448819,1.594488189,,,,96.8,2347,7.4,824363,620443,668901,543760,683146,666182,665742,701807,621438,53.11,,,,,,,,65,2,4-Seam Fastball,2,4,2,4,4,2,2,4,Standard,Strategic,227,0,-0.061,69.2,5.7,0.462932532,,0.061,,-2,-2,0.015,0.015,31,29,32,29,1,0,3,1,2,2,1.33,0.64,-0.64,23.1,-3.3635996131837813,20.079074068504884,37.12291185362064,35.93505222217355,17.254482354607045
CH,2026-05-04,82.1,-2.59,5.04,"Williams, Devin",687859,642207,,swinging_strike,,,,,13,,R,L,R,COL,NYM,S,,,0,0,2026,-1.38,-0.12,-0.9317249319547358,1.6141926730727856,,,,2,9,Bot,,,,,,,6.548664313446089,-119.56411885257128,-0.8338262341541638,-14.5169828325128,20.450957784408075,-33.426809811811744,3.159448819,1.594488189,,,,83.9,2546,7.2,824363,620443,668901,543760,683146,666182,665742,701807,621438,53.33,,,,,,,,65,1,Changeup,2,4,2,4,4,2,2,4,Infield shade,Strategic,275,0,-0.044,71.0,7.8,2.72941332,,0.044,,-2,-2,0.015,0.015,31,29,32,29,1,0,3,1,2,2,3.47,1.38,-1.38,13.2,21.046289926844924,-15.624824905163882,33.71244620312784,45.712072416291235,41.98018509881225
FF,2026-05-04,91.7,-2.4,5.23,"Williams, Devin",650489,642207,field_out,hit_into_play,,,,,3,Willi Castro flies out to center fielder Carson Benge.,R,L,R,COL,NYM,X,8,fly_ball,1,0,2026,-0.62,1.2,0.39133549433990167,2.8258477258040893,,,,1,9,Bot,146.96,38.32,,,,,8.529094708271419,-133.31387557326644,-2.781104615391289,-9.15370443873227,25.8182526725246,-17.38871186128074,3.203330053,1.616633858,400,95.7,32,94,2329,7.5,824363,620443,668901,543760,683146,666182,665742,701807,621438,53.02,0.2,0.362,0,1,0,0,5,64,2,4-Seam Fastball,2,4,2,4,4,2,2,4,Standard,Standard,224,-0.039,-0.306,70.0,6.9,,0.66,0.306,95.7,-2,-2,0.054,0.054,31,29,32,29,1,3,3,1,2,3,1.49,0.62,-0.62,21.8,11.055961375024621,5.087639024282463,39.7607235039712,27.867721213398966,26.560307472134394
FF,2026-05-04,93.4,-2.31,5.21,"Williams, Devin",650489,642207,,ball,,,,,12,,R,L,R,COL,NYM,B,,,0,0,2026,-0.83,1.15,1.1597617678789618,2.5461952792892295,,,,1,9,Bot,,,,,,,10.857207044560496,-135.64527605023085,-3.5882826315446583,-12.523721762781925,26.812460966813983,-17.25334879542922,3.203330053,1.616633858,,,,95.3,2373,7.3,824363,620443,668901,543760,683146,666182,665742,701807,621438,53.22,,,,,,,,64,1,4-Seam Fastball,2,4,2,4,4,2,2,4,Standard,Standard,229,0.007,0.043,,,,,-0.043,,-2,-2,0.047,0.047,31,29,32,29,1,3,3,1,2,3,1.45,0.83,-0.83,23.7,,,,,
CH,2026-05-04,82.7,-2.55,5.1,"Williams, Devin",696100,642207,field_out,hit_into_play,,,,,13,Hunter Goodman flies out to left fielder Juan Soto.,R,R,R,COL,NYM,X,7,fly_ball,0,1,2026,-1.12,-0.04,-0.1710554581362944,1.4780067576256828,,,,0,9,Bot,93.76,88.3,,,,,7.68468794419093,-120.27868219408312,-1.5185181157906409,-12.305960482636513,20.68690561578938,-32.513910696149615,3.178756562,1.604232283,285,90.4,47,84.1,2530,7,824363,620443,668901,543760,683146,666182,665742,701807,621438,53.5,0.003,0.003,0,1,0,0,3,63,2,Changeup,2,4,2,4,4,2,2,4,Standard,Strategic,277,-0.041,-0.221,80.9,7.9,,0.005,0.221,90.4,-2,-2,0.088,0.088,31,26,32,27,1,3,3,1,2,2,3.35,1.12,1.12,15.0,15.18909023354255,-23.77174567420989,28.611114233791415,36.14225822903296,47.9284304485908
FF,2026-05-04,92.4,-2.43,5.24,"Williams, Devin",696100,642207,,called_strike,,,,,1,,R,R,R,COL,NYM,S,,,0,0,2026,-0.64,1.22,-0.414134771589054,2.9499722473820027,,,,0,9,Bot,,,,,,,6.62891595928364,-134.46813641889608,-2.6753439891704702,-9.09355863353861,25.669929047917236,-16.851637004391634,3.178756562,1.604232283,,,,94.9,2355,7.5,824363,620443,668901,543760,683146,666182,665742,701807,621438,53.03,,,,,,,,63,1,4-Seam Fastball,2,4,2,4,4,2,2,4,Standard,Standard,222,-0.007,-0.043,,,,,0.043,,-2,-2,0.095,0.095,31,26,32,27,1,3,3,1,2,2,1.42,0.64,0.64,24.0,,,,,
CH,2026-05-01,85.9,-2.35,5.17,"Williams, Devin",624585,642207,field_out,hit_into_play,,,,,7,"Jorge Soler grounds out, shortstop Ronny Mauricio to first baseman Brett Baty.",R,R,R,LAA,NYM,X,6,ground_ball,0,2,2026,-1.91,-0.26,-0.44604865011796613,1.6741446106586872,,,,2,9,Bot,102.98,155.64,,,,,8.578004178778848,-124.70217068520931,-1.1690841972715,-21.717727863592668,27.81037806045078,-34.86398635511109,3.354281496,1.692814961,9,97.1,-10,87.1,,7.5,824041,682626,683146,543760,666182,677595,665742,621438,701807,53.05,0.221,0.204,0,1,0,0,2,67,3,Changeup,3,4,3,4,4,3,3,4,Infield shade,Strategic,,-0.047,-0.154,77.2,7.4,,0.244,0.154,97.1,-1,-1,0.047,0.047,31,34,32,34,1,3,1,2,3,1,3.39,1.91,1.91,14.9,-1.3941027120803395,0.9482888323415272,44.11112367579785,31.28640036390452,21.911986722458686
FF,2026-05-01,94.1,-2.32,5.39,"Williams, Devin",624585,642207,,swinging_strike,,,,,11,,R,R,R,LAA,NYM,S,,,0,1,2026,-1.24,1.38,-0.5025499976755898,3.7274203281376517,,,,2,9,Bot,,,,,,,7.659389821499124,-136.73418160208175,-1.5300604490408112,-17.278364776296293,33.26127238830386,-14.800504924767164,3.354281496,1.692814961,,,,96.1,,7.8,824041,682626,683146,543760,666182,677595,665742,621438,701807,52.74,,,,,,,,67,2,4-Seam Fastball,3,4,3,4,4,3,3,4,Infield shade,Strategic,,0,-0.061,75.1,6.6,0.352049172,,0.061,,-1,-1,0.047,0.047,31,34,32,34,1,3,1,2,3,1,1.22,1.24,1.24,26.2,6.751069015354185,8.423724302524178,30.09980873981244,30.542018190994344,20.94960099383848
CH,2026-05-01,85.3,-2.43,5.26,"Williams, Devin",624585,642207,,foul,,,,,7,,R,R,R,LAA,NYM,S,,,0,0,2026,-2.02,0.1,-0.6742459365390125,2.0530805149577933,,,,2,9,Bot,,,,,,,8.365166140764515,-123.9214850177768,-1.1978184289185962,-22.531651511981597,26.157920561422717,-31.091919255329845,3.354281496,1.692814961,8,74.3,-16,86.5,,7.3,824041,682626,683146,543760,666182,677595,665742,621438,701807,53.24,,,,,,,,67,1,Changeup,3,4,3,4,4,3,3,4,Strategic,Strategic,,0,-0.044,75.0,8.8,,,0.044,88.0,-1,-1,0.047,0.047,31,34,32,34,1,3,1,2,3,1,3.05,2.02,2.02,15.5,28.86757088248899,-33.821826831264524,40.60871493806073,29.540388434611856,44.20303508433158
FF,2026-05-01,94.9,-2.44,5.25,"Williams, Devin",660162,642207,strikeout,swinging_strike,,,,,11,Yoán Moncada strikes out swinging.,R,L,R,LAA,NYM,S,2,,2,2,2026,-1.42,1.14,-0.4346318409834249,3.861560450648634,,,,1,9,Bot,,,,,,,8.631240495421723,-137.87848498633488,-0.4053301546829457,-20.056377247640903,31.11713327083583,-17.736493467336466,3.217372047,1.623720472,,,,97,,7.6,824041,682626,683146,543760,666182,677595,665742,621438,701807,52.9,,0,0,1,0,0,,66,5,4-Seam Fastball,3,4,3,4,4,3,3,4,Strategic,Strategic,,-0.058,-0.238,70.2,6.3,1.306755156,,0.238,,-1,-1,0.105,0.105,31,31,32,31,1,3,1,2,3,1,1.4,1.42,-1.42,19.8,5.566685757965375,-2.4443636314565445,25.648398668025692,38.71691932093943,30.44672504062526
FF,2026-05-01,94.3,-2.43,5.31,"Williams, Devin",660162,642207,,swinging_strike,,,,,1,,R,L,R,LAA,NYM,S,,,2,1,2026,-1.19,1.35,-0.3298930998377796,2.732153342375934,,,,1,9,Bot,,,,,,,8.284242000912275,-137.07430014339747,-3.9108459576136285,-16.85184838679198,31.75897911816004,-14.46916364268386,3.217372047,1.623720472,,,,96.2,,7.6,824041,682626,683146,543760,666182,677595,665742,621438,701807,52.93,,,,,,,,66,4,4-Seam Fastball,3,4,3,4,4,3,3,4,Strategic,Strategic,,-0.02,-0.074,78.0,7.2,2.119659,,0.074,,-1,-1,0.125,0.125,31,31,32,31,1,3,1,2,3,1,1.23,1.19,-1.19,21.8,10.862098107369698,1.402810568074843,42.704459494703386,36.954636653559746,29.648724165033855
CH,2026-05-01,85.6,-2.46,5.17,"Williams, Devin",660162,642207,,called_strike,,,,,4,,R,L,R,LAA,NYM,S,,,2,0,2026,-1.93,0.08,-0.5216437776422136,2.6890117867138303,,,,1,9,Bot,,,,,,,8.654597030783528,-124.32624855297266,0.5503348973140558,-21.79773578702553,26.910462693886693,-31.69567447525508,3.217372047,1.623720472,,,,86.9,,7.4,824041,682626,683146,543760,666182,677595,665742,621438,701807,53.12,,,,,,,,66,3,Changeup,3,4,3,4,4,3,3,4,Strategic,Strategic,,-0.02,-0.069,,,,,0.069,,-1,-1,0.145,0.145,31,31,32,31,1,3,1,2,3,1,3.06,1.93,-1.93,12.7,,,,,
FF,2026-05-01,96,-2.43,5.25,"Williams, Devin",660162,642207,,ball,,,,,11,,R,L,R,LAA,NYM,B,,,1,0,2026,-1.28,1.41,-1.0317419868141233,2.560107828781384,,,,1,9,Bot,,,,,,,6.754746215219767,-139.48600284373495,-4.599010857291332,-18.24368099842989,34.219020363130255,-13.011399745080897,3.217372047,1.623720472,,,,97.6,,7.5,824041,682626,683146,543760,666182,677595,665742,621438,701807,53.05,,,,,,,,66,2,4-Seam Fastball,3,4,3,4,4,3,3,4,Strategic,Strategic,,0.02,0.074,,,,,-0.074,,-1,-1,0.125,0.125,31,31,32,31,1,3,1,2,3,1,1.09,1.28,-1.28,20.3,,,,,
FF,2026-05-01,95.1,-2.33,5.35,"Williams, Devin",660162,642207,,ball,,,,,14,,R,L,R,LAA,NYM,B,,,0,0,2026,-1.25,1.29,0.896389291065889,2.3318019316934957,,,,1,9,Bot,,,,,,,11.453470236520817,-137.94538697420126,-5.030957002042083,-18.62612539388791,33.43382162062931,-14.699798506567584,3.217372047,1.623720472,,,,96.7,,7.6,824041,682626,683146,543760,666182,677595,665742,621438,701807,52.9,,,,,,,,66,1,4-Seam Fastball,3,4,3,4,4,3,3,4,Standard,Strategic,,0.01,0.043,,,,,-0.043,,-1,-1,0.115,0.115,31,31,32,31,1,3,1,2,3,1,1.26,1.25,-1.25,23.5,,,,,
CH,2026-05-01,85.6,-2.33,5.14,"Williams, Devin",545361,642207,strikeout,swinging_strike,,,,,13,Mike Trout strikes out swinging.,R,R,R,LAA,NYM,S,2,,3,2,2026,-1.81,-0.02,-0.020898010265043787,1.418608046058294,,,,0,9,Bot,,,,,,,9.347682250841665,-124.11483756296384,-2.1238492084019325,-20.64678729934347,28.742503713652884,-32.13320895050483,3.243700787,1.637007874,,,,87.2,,7.9,824041,682626,683146,543760,666182,677595,665742,621438,701807,52.65,,0,0,1,0,0,,65,6,Changeup,3,4,3,4,4,3,3,4,Standard,Strategic,,-0.109,-0.354,78.4,9.0,3.17418954,,0.354,,-1,-1,0.224,0.224,31,34,32,35,1,3,1,2,3,1,3.2,1.81,1.81,14.2,28.130705502843355,-36.40444635383761,37.19850639067219,33.06729012749955,48.419960149438396
CH,2026-05-01,84.7,-2.47,5.23,"Williams, Devin",545361,642207,,ball,,,,,14,,R,R,R,LAA,NYM,B,,,2,2,2026,-1.82,-0.2,0.3652963118292194,1.3801019137061652,,,,0,9,Bot,,,,,,,10.388232392621214,-122.75113570340704,-1.8833209104500277,-20.53169788607157,27.354923245178668,-33.991566745211756,3.243700787,1.637007874,,,,85.5,,7.3,824041,682626,683146,543760,666182,677595,665742,621438,701807,53.21,,,,,,,,65,5,Changeup,3,4,3,4,4,3,3,4,Standard,Strategic,,0.033,0.117,,,,,-0.117,,-1,-1,0.191,0.191,31,34,32,35,1,3,1,2,3,1,3.44,1.82,1.82,12.6,,,,,
CH,2026-05-01,84.5,-2.41,5.13,"Williams, Devin",545361,642207,,called_strike,,,,,9,,R,R,R,LAA,NYM,S,,,2,1,2026,-1.92,-0.04,0.6924087094576479,1.9924620812268534,,,,0,9,Bot,,,,,,,11.20860862249677,-122.43143840932669,-0.5356035384965199,-21.54542084680876,26.271190660471934,-32.72662883489852,3.243700787,1.637007874,,,,85.6,,7.4,824041,682626,683146,543760,666182,677595,665742,621438,701807,53.09,,,,,,,,65,4,Changeup,3,4,3,4,4,3,3,4,Standard,Strategic,,-0.026,-0.078,,,,,0.078,,-1,-1,0.217,0.217,31,34,32,35,1,3,1,2,3,1,3.29,1.92,1.92,15.1,,,,,
FF,2026-05-01,93.8,-2.4,5.32,"Williams, Devin",545361,642207,,ball,,,,,12,,R,R,R,LAA,NYM,B,,,1,1,2026,-1.25,1.46,1.3685077010912996,3.3226154386302476,,,,0,9,Bot,,,,,,,12.692866059342855,-135.95204622889452,-2.5177241328911046,-18.39347292998665,32.22334507201666,-13.721584518658709,3.243700787,1.637007874,,,,95.4,,7.6,824041,682626,683146,543760,666182,677595,665742,621438,701807,52.91,,,,,,,,65,3,4-Seam Fastball,3,4,3,4,4,3,3,4,Standard,Strategic,,0.017,0.064,,,,,-0.064,,-1,-1,0.2,0.2,31,34,32,35,1,3,1,2,3,1,1.17,1.25,1.25,23.4,,,,,
FF,2026-05-01,93,-2.36,5.34,"Williams, Devin",545361,642207,,called_strike,,,,,6,,R,R,R,LAA,NYM,S,,,1,0,2026,-1.42,1.26,0.747315801738305,2.7152785458744635,,,,0,9,Bot,,,,,,,11.270424106578666,-134.88808716844662,-3.565028456728493,-19.83996736312672,32.16641796367986,-16.173007240342724,3.243700787,1.637007874,,,,94.7,,7.6,824041,682626,683146,543760,666182,677595,665742,621438,701807,52.85,,,,,,,,65,2,4-Seam Fastball,3,4,3,4,4,3,3,4,Standard,Strategic,,-0.017,-0.058,,,,,0.058,,-1,-1,0.217,0.217,31,34,32,35,1,3,1,2,3,1,1.41,1.42,1.42,24.1,,,,,
FF,2026-05-01,92.1,-2.42,5.42,"Williams, Devin",545361,642207,,ball,,,,,12,,R,R,R,LAA,NYM,B,,,0,0,2026,-1.02,1.62,1.267774506382395,4.270471370383368,,,,0,9,Bot,,,,,,,11.715249897779639,-133.53990810869217,-0.42917216438598504,-14.909968492733826,31.452284339300334,-13.109193752643888,3.243700787,1.637007874,,,,93.4,,7.5,824041,682626,683146,543760,666182,677595,665742,621438,701807,53.02,,,,,,,,65,1,4-Seam Fastball,3,4,3,4,4,3,3,4,Standard,Strategic,,0.013,0.046,,,,,-0.046,,-1,-1,0.204,0.204,31,34,32,35,1,3,1,2,3,1,1.11,1.02,1.02,26.1,,,,,
FF,2026-04-30,94.8,-2.25,5.38,"Williams, Devin",695578,642207,truncated_pa,swinging_strike,,,,,11,,R,L,R,NYM,WSH,S,2,,1,0,2026,-1.04,1.36,-0.2349139625836254,3.718106402506502,,,696285,2,9,Top,,,,,,,7.71742465422504,-137.82115871389638,-1.60110666409703,-15.05996351606478,33.155521702938216,-14.7364172883448,3.488558071,1.760580709,,,,96.3,2397,7.4,823634,620443,668901,543760,666182,677595,596103,621438,701807,53.11,,,0,0,0,0,,69,2,4-Seam Fastball,4,5,5,4,5,4,5,4,Strategic,Strategic,225,0.021,-0.318,78.9,6.7,0.952264656,,0.318,,-1,1,0.183,0.817,31,23,32,24,1,4,4,1,1,1,1.19,1.04,-1.04,28.8,9.775020713156577,8.941558876446596,30.546374696642232,39.225128175808806,27.56124748026106
FF,2026-04-30,94.6,-2.25,5.44,"Williams, Devin",695578,642207,,ball,,,,,11,,R,L,R,NYM,WSH,B,,,0,0,2026,-1.14,1.38,-1.3550812442705051,3.232724665074285,,,696285,2,9,Top,,,,,,,4.982140651122066,-137.68502849029971,-3.055395501794031,-15.551624759480305,32.8823011052384,-14.147128537298268,3.488558071,1.760580709,,,,96.1,2371,7.3,823634,620443,668901,543760,666182,677595,596103,621438,701807,53.17,,,,,,,,69,1,4-Seam Fastball,4,5,5,4,5,4,5,4,Strategic,Standard,221,-0.002,0.039,,,,,-0.039,,-1,1,0.185,0.815,31,23,32,24,1,4,4,1,1,1,1.18,1.14,-1.14,24.8,,,,,
FF,2026-04-30,94.1,-2.21,5.38,"Williams, Devin",696285,642207,fielders_choice_out,hit_into_play,,,,,4,"Jacob Young reaches on a fielder's choice out, shortstop Ronny Mauricio to catcher Luis Torrens. Nasim Nuñez out at home.",R,R,R,NYM,WSH,X,6,ground_ball,1,2,2026,-1.22,1.15,-0.3955855782298259,2.430740184376072,683083,,,1,9,Top,118.04,164.25,,,,,7.571135366667106,-136.7304576963018,-4.320451290090383,-17.071437009210804,34.589037713172594,-17.040279458926083,3.187532808,1.608661417,4,74.3,-28,95.3,2346,7.4,823634,620443,668901,543760,666182,677595,596103,621438,701807,53.09,0.059,0.053,0,1,0,0,2,68,4,4-Seam Fastball,4,5,5,4,5,4,5,4,Strategic,Standard,229,0.051,-0.143,69.2,6.4,,0.067,0.143,88.0,-1,1,0.134,0.866,31,26,32,27,1,3,4,1,1,1,1.46,1.22,1.22,27.0,4.794001609784547,9.319727326907858,27.372037249908658,36.89385572248311,22.652269340225338
CH,2026-04-30,84.7,-2.39,5.23,"Williams, Devin",696285,642207,,ball,,,,,14,,R,R,R,NYM,WSH,B,,,0,2,2026,-1.79,0.08,0.5760267086340303,1.0605045989271256,683083,,,1,9,Top,,,,,,,10.616993382810955,-122.74422056453739,-3.1954380520257812,-20.327713919399745,27.979405270312895,-30.815855074356463,3.187532808,1.608661417,,,,85.2,2715,7.2,823634,620443,668901,543760,666182,677595,596103,621438,701807,53.33,,,,,,,,68,3,Changeup,4,5,5,4,5,4,5,4,Strategic,Standard,276,-0.005,0.021,,,,,-0.021,,-1,1,0.139,0.861,31,26,32,27,1,3,4,1,1,1,3.16,1.79,1.79,15.8,,,,,
CH,2026-04-30,84.4,-2.43,5.17,"Williams, Devin",696285,642207,,swinging_strike,,,,,5,,R,R,R,NYM,WSH,S,,,0,1,2026,-1.82,-0.31,0.09886051112517547,2.178962583235314,683083,,,1,9,Top,,,,,,,9.620312541608714,-122.34649628973435,0.47606916014449996,-20.286245214747908,29.92277576807183,-35.60586119230003,3.187532808,1.608661417,,,,84.6,2773,7.2,823634,620443,668901,543760,666182,677595,596103,621438,701807,53.33,,,,,,,,68,2,Changeup,4,5,5,4,5,4,5,4,Strategic,Standard,275,0.012,-0.088,69.8,8.3,0.454718232,,0.088,,-1,1,0.127,0.873,31,26,32,27,1,3,4,1,1,1,3.6,1.82,1.82,15.8,20.31117153808213,-18.115954153665612,29.192966082773918,42.90918205923166,37.316368154075896
CH,2026-04-30,85.1,-2.33,5.3,"Williams, Devin",696285,642207,,missed_bunt,,,,,7,,R,R,R,NYM,WSH,S,,,0,0,2026,-1.75,-0.28,-0.4663871231058285,2.0247755790570614,683083,,,1,9,Top,,,,,,,7.993922548229617,-123.49539649931442,-0.4128946407816382,-19.56849527298417,29.613930465099475,-35.17410139019075,3.187532808,1.608661417,,,,85.3,2791,7.1,823634,620443,668901,543760,666182,677595,596103,621438,701807,53.43,,,,,,,,68,1,Changeup,4,5,5,4,5,4,5,4,Strategic,Standard,273,0.008,-0.051,11.2,1.4,,,0.051,,-1,1,0.119,0.881,31,26,32,27,1,3,4,1,1,1,3.5,1.75,1.75,16.9,-36.13397467156969,-12.363295919214888,42.175687313351276,36.793540537818664,22.9828636024246
CH,2026-04-30,85.8,-2.38,5.2,"Williams, Devin",660688,642207,field_out,hit_into_play,,,,,13,Keibert Ruiz flies out to right fielder Carson Benge. Nasim Nuñez to 3rd.,R,L,R,NYM,WSH,X,9,fly_ball,1,2,2026,-1.79,0.1,-0.3719525731969946,1.4624859284489178,,683083,,0,9,Top,185.04,77.08,,,,,8.515036289623245,-124.60986126201253,-2.489195727653586,-20.377608428855744,28.545956130325294,-30.76119022405324,3.175246063,1.60246063,335,90,31,86.7,2773,7.3,823634,620443,668901,543760,666182,677595,596103,621438,701807,53.22,0.051,0.06,0,1,0,0,3,67,4,Changeup,4,5,5,4,5,4,5,4,Standard,Standard,268,-0.008,-0.215,64.7,7.5,,0.104,0.215,90.0,-1,1,0.127,0.873,31,27,32,28,1,0,4,1,1,2,3.04,1.79,-1.79,14.7,12.8139197101942,-14.372674098125056,37.26966766829503,35.60098637095249,45.62254616642326
FF,2026-04-30,93.7,-2.37,5.22,"Williams, Devin",660688,642207,,called_strike,,,,,6,,R,L,R,NYM,WSH,S,,,1,1,2026,-1.14,1.39,0.6950097110771452,2.412569392128967,,683083,,0,9,Top,,,,,,,10.608912202234189,-135.96726496225295,-4.468252820551868,-16.588700972979357,33.03160899516889,-14.119032023859777,3.175246063,1.60246063,,,,95.2,2340,7.6,823634,620443,668901,543760,666182,677595,596103,621438,701807,52.95,,,,,,,,67,3,4-Seam Fastball,4,5,5,4,5,4,5,4,Strategic,Standard,225,0.008,-0.046,,,,,0.046,,-1,1,0.119,0.881,31,27,32,28,1,0,4,1,1,2,1.24,1.14,-1.14,22.5,,,,,
CH,2026-04-30,83.6,-2.43,5.16,"Williams, Devin",660688,642207,,ball,,,,,13,,R,L,R,NYM,WSH,B,,,0,1,2026,-1.84,-0.23,-0.10508311158987027,0.9236368327387683,,683083,,0,9,Top,,,,,,,9.112100768206142,-121.18477287435859,-2.464948138481186,-20.00270809263953,28.580518523816604,-34.09687257831185,3.175246063,1.60246063,,,,83.8,2817,7.1,823634,620443,668901,543760,666182,677595,596103,621438,701807,53.38,,,,,,,,67,2,Changeup,4,5,5,4,5,4,5,4,Strategic,Standard,273,-0.003,0.007,,,,,-0.007,,-1,1,0.122,0.878,31,27,32,28,1,0,4,1,1,2,3.58,1.84,-1.84,15.7,,,,,
FF,2026-04-30,93.7,-2.35,5.42,"Williams, Devin",660688,642207,,called_strike,,,,,1,,R,L,R,NYM,WSH,S,,,0,0,2026,-1.33,1.33,-0.570318136925601,3.001263144017946,,,683083,0,9,Top,,,,,,,7.674945562878345,-136.1881342450171,-3.3409428255923532,-18.218921522996737,31.404627767168645,-15.141263281946262,3.175246063,1.60246063,,,,95.3,2410,7.4,823634,620443,668901,543760,666182,677595,596103,621438,701807,53.11,,,,,,,,67,1,4-Seam Fastball,4,5,5,4,5,4,5,4,Strategic,Standard,234,-0.019,-0.043,,,,,0.043,,-1,1,0.141,0.859,31,27,32,28,1,0,4,1,1,2,1.29,1.33,-1.33,25.9,,,,,
CH,2026-04-30,83.3,-2.47,5.27,"Williams, Devin",683083,642207,single,hit_into_play,,,,,8,"Nasim Nuñez singles on a line drive to center fielder Tyrone Taylor, deflected by right fielder Carson Benge.",R,L,R,NYM,WSH,X,9,line_drive,1,2,2026,-1.51,-0.36,-0.2226784210423307,1.719627277978255,,,,0,9,Top,151.07,97.6,,,,,8.192235083247779,-120.93403593702999,-0.6053223752148996,-16.476979935345213,27.585321478639514,-35.815768292840055,3.045357612,1.536909449,261,87.4,18,83.4,2685,6.9,823634,620443,668901,543760,666182,677595,596103,621438,701807,53.6,0.866,0.779,0.9,1,1,0,4,66,4,Changeup,4,5,5,4,5,4,5,4,Standard,Standard,278,-0.029,0.535,68.2,6.9,,0.944,-0.535,88.0,-1,1,0.17,0.83,31,25,32,26,1,3,4,1,1,2,3.71,1.51,-1.51,14.1,5.174976711614263,0.08097581647919594,33.57899913565618,41.212384489011704,35.7396087809249
CH,2026-04-30,82.6,-2.44,5.23,"Williams, Devin",683083,642207,,foul,,,,,8,,R,L,R,NYM,WSH,S,,,1,1,2026,-1.67,-0.35,-0.15376277344088018,1.6462553851408162,,,,0,9,Top,,,,,,,8.556850950216432,-119.90088844890153,-0.5849925061103333,-17.782651990875117,26.45760152673381,-35.67915969905047,3.045357612,1.536909449,2,68.5,-45,83.1,2849,7.1,823634,620443,668901,543760,666182,677595,596103,621438,701807,53.42,,,,,,,,66,3,Changeup,4,5,5,4,5,4,5,4,Standard,Strategic,280,0.004,-0.062,69.2,7.2,,,0.062,88.0,-1,1,0.166,0.834,31,25,32,26,1,3,4,1,1,2,3.75,1.67,-1.67,12.9,12.273459318466214,-3.330479714171172,31.757075595484228,39.02510324264891,38.16890671215732
FF,2026-04-30,92.9,-2.32,5.33,"Williams, Devin",683083,642207,,foul,,,,,5,,R,L,R,NYM,WSH,S,,,1,0,2026,-1.01,1.28,0.12853421639271256,2.468849568917279,,,,0,9,Top,,,,,,,8.597009902662771,-134.8652326568728,-4.178804122405571,-14.328738175992676,32.84576581411682,-15.90495184310681,3.045357612,1.536909449,,,,94.1,2227,7.4,823634,620443,668901,543760,666182,677595,596103,621438,701807,53.12,,,,,,,,66,2,4-Seam Fastball,4,5,5,4,5,4,5,4,Standard,Strategic,224,0.003,-0.058,69.7,6.4,,,0.058,,-1,1,0.163,0.837,31,25,32,26,1,3,4,1,1,2,1.4,1.01,-1.01,25.3,0.16905039622212173,14.41626078833982,33.651888626181645,36.07705960076511,22.27379355297444
FF,2026-04-30,92.8,-2.29,5.46,"Williams, Devin",683083,642207,,ball,,,,,11,,R,L,R,NYM,WSH,B,,,0,0,2026,-1.09,1.24,-0.7173310611165615,4.128848742083902,,,,0,9,Top,,,,,,,6.534329540055365,-134.94328309049905,-0.1335488906323143,-14.746151971629404,32.70211088023114,-17.39604941243144,3.045357612,1.536909449,,,,94.4,2155,7.5,823634,620443,668901,543760,666182,677595,596103,621438,701807,53.01,,,,,,,,66,1,4-Seam Fastball,4,5,5,4,5,4,5,4,Standard,Standard,229,-0.002,0.046,,,,,-0.046,,-1,1,0.165,0.835,31,25,32,26,1,3,4,1,1,2,1.44,1.09,-1.09,24.4,,,,,
CH,2026-04-26,83.4,-2.38,5.24,"Williams, Devin",666397,642207,field_out,hit_into_play,,,,,13,"Edouard Julien grounds out, second baseman Marcus Semien to first baseman Brett Baty.",R,L,R,NYM,COL,X,4,ground_ball,1,2,2026,-1.83,0.02,-0.9803653365018872,1.9434530546032351,,,,2,9,Top,153.84,155.74,,,,,6.938572222410409,-121.21898484552115,-0.8507913233890556,-19.395740361335385,27.305619685327265,-32.05303099228631,3.234924541,1.63257874,48,68.5,3,84,2563,7.1,823637,682626,683146,543760,666182,677595,669004,621438,701807,53.42,0.147,0.132,0,1,0,0,2,67,4,Changeup,0,3,3,0,3,0,3,0,Strategic,Standard,277,0.001,-0.177,68.1,7.4,,0.155,0.177,88.0,-3,3,0.042,0.958,31,27,32,27,1,4,3,0,4,2,3.31,1.83,-1.83,13.1,16.769954918159723,5.264747847004092,39.40894721251389,49.11337746390197,31.334192053813865
CH,2026-04-26,83.4,-2.35,5.26,"Williams, Devin",666397,642207,,called_strike,,,,,5,,R,L,R,NYM,COL,S,,,1,1,2026,-1.72,0.1,0.08236466272802523,2.4963011014395975,,,,2,9,Top,,,,,,,9.068371965088344,-120.9433176556314,0.23297240521560703,-18.757415507998225,26.917845760783084,-31.493836022601275,3.234924541,1.63257874,,,,83.7,2556,7,823637,682626,683146,543760,666182,677595,669004,621438,701807,53.51,,,,,,,,67,3,Changeup,0,3,3,0,3,0,3,0,Strategic,Standard,271,0.001,-0.069,,,,,0.069,,-3,3,0.041,0.959,31,27,32,27,1,4,3,0,4,2,3.24,1.72,-1.72,16.0,,,,,
FF,2026-04-26,93.2,-2.25,5.39,"Williams, Devin",666397,642207,,foul,,,,,1,,R,L,R,NYM,COL,S,,,1,0,2026,-0.93,1.34,-0.4237499392431596,2.9632270266621,,,,2,9,Top,,,,,,,6.806628631129259,-135.49766670174512,-3.321198356387076,-12.905184491573813,30.26798509544865,-15.109155661458203,3.234924541,1.63257874,215,79.8,56,94.5,2328,7.1,823637,682626,683146,543760,666182,677595,669004,621438,701807,53.36,,,,,,,,67,2,4-Seam Fastball,0,3,3,0,3,0,3,0,Standard,Standard,227,0,-0.053,68.8,6.7,,,0.053,88.0,-3,3,0.041,0.959,31,27,32,27,1,4,3,0,4,2,1.29,0.93,-0.93,24.8,9.366874095495602,9.61184307835148,37.87531077885267,43.30401809407414,24.55589554097096
CH,2026-04-26,84.1,-2.45,5.24,"Williams, Devin",666397,642207,,ball,,,,,13,,R,L,R,NYM,COL,B,,,0,0,2026,-1.77,-0.07,-2.3644132653894196,2.32669888949269,,,,2,9,Top,,,,,,,3.8166366449203717,-122.37607437761518,0.05595436740443693,-18.451838268599627,26.759535981528565,-33.10702192848271,3.234924541,1.63257874,,,,84.7,2621,6.9,823637,682626,683146,543760,666182,677595,669004,621438,701807,53.56,,,,,,,,67,1,Changeup,0,3,3,0,3,0,3,0,Standard,Standard,270,0,0.041,,,,,-0.041,,-3,3,0.041,0.959,31,27,32,27,1,4,3,0,4,2,3.32,1.77,-1.77,13.7,,,,,
CH,2026-04-26,84.7,-2.33,5.29,"Williams, Devin",686668,642207,strikeout,swinging_strike,,,,,13,Brenton Doyle strikes out swinging.,R,R,R,NYM,COL,S,2,,1,2,2026,-1.73,0.06,-0.8433235613552026,1.4203849672373168,,,,1,9,Top,,,,,,,7.041141658705644,-123.11137172370583,-2.5134972129327435,-18.9538041874118,27.151367056909038,-31.286102247260864,3.349893373,1.690600394,,,,85.6,2586,7.2,823637,682626,683146,543760,666182,677595,669004,621438,701807,53.34,,0,0,1,0,0,,66,5,Changeup,0,3,3,0,3,0,3,0,Standard,Standard,272,0.002,-0.181,74.4,8.8,2.491974084,,0.181,,-3,3,0.039,0.961,31,28,32,28,1,3,3,2,4,3,3.16,1.73,1.73,17.4,25.237124050067475,-36.45448810460185,33.47243818580649,29.71971782332367,47.05098573475152
FF,2026-04-26,92.9,-2.2,5.43,"Williams, Devin",686668,642207,,foul,,,,,3,,R,R,R,NYM,COL,S,,,1,2,2026,-0.77,1.4,0.2869299891565352,2.872495065322253,,,,1,9,Top,,,,,,,8.143421139527074,-134.89936770795308,-3.6715433720519384,-11.350092894607307,32.817915507473586,-14.550500449662323,3.349893373,1.690600394,212,75.6,50,93.9,2205,7.3,823637,682626,683146,543760,666182,677595,669004,621438,701807,53.22,,,,,,,,66,4,4-Seam Fastball,0,3,3,0,3,0,3,0,Standard,Standard,224,0,0,70.8,6.7,,,0,88.0,-3,3,0.039,0.961,31,28,32,28,1,3,3,2,4,3,1.28,0.77,0.77,25.4,2.1261017292454136,21.61130977591035,25.684548649949267,41.422022462054926,19.056481125981296
FF,2026-04-26,92.8,-2.15,5.49,"Williams, Devin",686668,642207,,swinging_strike,,,,,11,,R,R,R,NYM,COL,S,,,1,1,2026,-0.88,1.44,-0.3155382524854593,4.004550184054742,,,,1,9,Top,,,,,,,6.722370374183534,-134.8730641851263,-0.9754999992252336,-12.3271203676419,33.507087422824064,-14.795093990732308,3.349893373,1.690600394,,,,93.8,2283,7.2,823637,682626,683146,543760,666182,677595,669004,621438,701807,53.26,,,,,,,,66,3,4-Seam Fastball,0,3,3,0,3,0,3,0,Standard,Standard,226,0.001,-0.074,68.5,5.7,1.690246776,,0.074,,-3,3,0.038,0.962,31,28,32,28,1,3,3,2,4,3,1.25,0.88,0.88,29.0,6.4759414452789885,33.757563373304265,21.25993977119642,33.36414235854926,12.963089720506776
CH,2026-04-26,84.4,-2.36,5.2,"Williams, Devin",686668,642207,,ball,,,,,14,,R,R,R,NYM,COL,B,,,0,1,2026,-1.68,-0.09,0.1561082574533288,1.207363761332608,,,,1,9,Top,,,,,,,9.300375316695686,-122.41371526908456,-2.348256680172998,-18.887233276280128,29.097952797225457,-32.7560769444241,3.349893373,1.690600394,,,,84.6,2613,7,823637,682626,683146,543760,666182,677595,669004,621438,701807,53.45,,,,,,,,66,2,Changeup,0,3,3,0,3,0,3,0,Standard,Standard,275,0,0.034,,,,,-0.034,,-3,3,0.038,0.962,31,28,32,28,1,3,3,2,4,3,3.37,1.68,1.68,14.7,,,,,
FF,2026-04-26,93.2,-2.21,5.48,"Williams, Devin",686668,642207,,foul_bunt,,,,,6,,R,R,R,NYM,COL,S,,,0,0,2026,-1.08,1.3,0.31147189943777365,2.7453717962237034,,,,1,9,Top,,,,,,,8.91575791904486,-135.36517971013674,-3.9691480146475024,-15.23264428252341,31.279846160300874,-15.583442011473846,3.349893373,1.690600394,,,,94.2,2322,7.1,823637,682626,683146,543760,666182,677595,669004,621438,701807,53.37,,,,,,,,66,1,4-Seam Fastball,0,3,3,0,3,0,3,0,Standard,Standard,228,0,-0.043,9.4,1.7,,,0.043,88.0,-3,3,0.038,0.962,31,28,32,28,1,3,3,2,4,3,1.35,1.08,1.08,26.6,30.392546626764904,2.0331642227015303,5.932607766473488,43.375626812958146,20.55349524631849
CH,2026-04-26,83,-2.36,5.29,"Williams, Devin",678662,642207,strikeout,swinging_strike,,,,,13,Ezequiel Tovar strikes out swinging.,R,R,R,NYM,COL,S,2,,2,2,2026,-1.79,-0.13,-0.46111566536395476,0.6394529289225259,,,,0,9,Top,,,,,,,7.9288656137262645,-120.48223827965626,-3.5427518808365517,-18.982033069329262,27.21334411303494,-32.81764549631422,3.219127297,1.624606299,,,,83.1,2561,6.9,823637,682626,683146,543760,666182,677595,669004,621438,701807,53.62,,0,0,1,0,0,,65,5,Changeup,0,3,3,0,3,0,3,0,Standard,Standard,272,0.003,-0.238,68.9,8.8,1.006829916,,0.238,,-3,3,0.035,0.965,31,24,32,25,1,3,3,0,4,2,3.5,1.79,1.79,17.2,28.08588398524058,-26.975562687870394,48.693870608909826,26.84956321699658,42.42424319672268
FF,2026-04-26,93.1,-2.06,5.4,"Williams, Devin",678662,642207,,ball,,,,,12,,R,R,R,NYM,COL,B,,,1,2,2026,-0.93,1.52,1.2429507522851442,3.7611649710259405,,,,0,9,Top,,,,,,,10.604043458789837,-135.05364618283517,-1.591765030029054,-13.89405245267583,33.31615127290592,-13.599366851697457,3.219127297,1.624606299,,,,93.9,2354,7.2,823637,682626,683146,543760,666182,677595,669004,621438,701807,53.26,,,,,,,,65,4,4-Seam Fastball,0,3,3,0,3,0,3,0,Standard,Standard,221,0,0.048,,,,,-0.048,,-3,3,0.035,0.965,31,24,32,25,1,3,3,0,4,2,1.16,0.93,0.93,24.4,,,,,
CH,2026-04-26,82.6,-2.28,5.22,"Williams, Devin",678662,642207,,swinging_strike,,,,,14,,R,R,R,NYM,COL,S,,,1,1,2026,-1.78,-0.24,0.5700316349620926,0.9830604645677812,,,,0,9,Top,,,,,,,10.012650056681156,-119.73469101891013,-2.2131036595417335,-19.17152167977254,28.792749754470748,-34.19470709233908,3.219127297,1.624606299,,,,82.3,2564,6.9,823637,682626,683146,543760,666182,677595,669004,621438,701807,53.64,,,,,,,,65,3,Changeup,0,3,3,0,3,0,3,0,Standard,Standard,271,0.001,-0.062,72.4,8.9,9.677005404,,0.062,,-3,3,0.034,0.966,31,24,32,25,1,3,3,0,4,2,3.68,1.78,1.78,15.2,26.58416928844344,-30.464037734992093,36.18547024222683,39.02603030377577,54.3462816043625
CH,2026-04-26,82.7,-2.3,5.23,"Williams, Devin",678662,642207,,ball,,,,,14,,R,R,R,NYM,COL,B,,,0,1,2026,-1.93,0,0.06556129100131236,1.2047606424699904,,,,0,9,Top,,,,,,,9.272257284109745,-119.95432654644087,-2.258409438468374,-20.50484919920152,28.932070876820873,-31.901793017336136,3.219127297,1.624606299,,,,82.8,2492,7.1,823637,682626,683146,543760,666182,677595,669004,621438,701807,53.38,,,,,,,,65,2,Changeup,0,3,3,0,3,0,3,0,Standard,Standard,277,-0.001,0.031,,,,,-0.031,,-3,3,0.035,0.965,31,24,32,25,1,3,3,0,4,2,3.43,1.93,1.93,16.7,,,,,
FF,2026-04-26,91.1,-2.12,5.43,"Williams, Devin",678662,642207,,foul,,,,,12,,R,R,R,NYM,COL,S,,,0,0,2026,-0.88,1.55,0.2570074291501525,3.5514914951226952,,,,0,9,Top,,,,,,,7.963112063174195,-132.26734036528543,-1.949820453264563,-12.198838719903597,33.03037839109121,-13.982743420745184,3.219127297,1.624606299,187,70.4,54,91.9,2205,7.3,823637,682626,683146,543760,666182,677595,669004,621438,701807,53.24,,,,,,,,65,1,4-Seam Fastball,0,3,3,0,3,0,3,0,Standard,Standard,224,0.001,-0.043,67.0,6.9,,,0.043,88.0,-3,3,0.034,0.966,31,24,32,25,1,3,3,0,4,2,1.25,0.88,0.88,26.4,9.767370456817032,11.591221879925863,25.671920657155038,34.95289037643877,22.198599361872915
CH,2026-04-23,84.4,-2.35,5.28,"Williams, Devin",663616,642207,strikeout,swinging_strike,,,,,7,Trevor Larnach strikes out swinging.,R,L,R,NYM,MIN,S,2,,2,2,2026,-1.98,0.09,-0.34009126757765173,1.7550606814391547,656484,621439,,2,9,Top,,,,,,,8.749703495919233,-122.41503969275033,-1.6402544167978506,-21.669450496071917,28.37033208122143,-31.18661478739359,3.323564633,1.677312992,,,,84.8,2553,7.1,823639,682626,683146,543760,666182,677595,502054,673357,621438,53.36,,0,0,1,0,0,,85,5,Changeup,10,8,8,10,8,10,8,10,Strategic,Standard,269,0.098,-0.214,72.3,8.2,0.747508872,,0.214,,2,-2,0.902,0.09799999999999998,31,29,32,29,1,5,2,1,3,1,3.18,1.98,-1.98,17.5,22.906348351118577,-31.312594686715585,34.24844388734434,38.41991781922377,47.292936959871874
CH,2026-04-23,84.5,-2.31,5.18,"Williams, Devin",663616,642207,,foul,,,,,13,,R,L,R,NYM,MIN,S,,,2,1,2026,-1.85,-0.17,-0.3319004751611394,1.5420742505174818,656484,621439,,2,9,Top,,,,,,,8.470067030323914,-122.56742019990764,-1.3213551800902303,-20.430670944168057,30.935161793981294,-33.82691812883499,3.323564633,1.677312992,91,58.9,75,84.9,2727,7.3,823639,682626,683146,543760,666182,677595,502054,673357,621438,53.15,,,,,,,,85,4,Changeup,10,8,8,10,8,10,8,10,Strategic,Standard,276,0.02,-0.048,68.0,8.0,,,0.048,88.0,2,-2,0.882,0.118,31,29,32,29,1,5,2,1,3,1,3.46,1.85,-1.85,15.7,10.226292759065378,-26.86411684465368,37.373689075583535,38.17849203543047,45.240841094481766
FF,2026-04-23,93.9,-2.3,5.3,"Williams, Devin",663616,642207,,ball,,,,,11,,R,L,R,NYM,MIN,B,,,1,1,2026,-0.99,1.45,-1.1839088380359697,3.4346196499325305,656484,621439,,2,9,Top,,,,,,,5.209227433971474,-136.45352810976647,-2.0842979790257505,-13.596550415429455,37.95110679657386,-14.084626226343318,3.323564633,1.677312992,,,,94.8,2330,7.5,823639,682626,683146,543760,666182,677595,502054,673357,621438,53.01,,,,,,,,85,3,4-Seam Fastball,10,8,8,10,8,10,8,10,Strategic,Standard,230,-0.009,0.006,,,,,-0.006,,2,-2,0.891,0.10899999999999999,31,29,32,29,1,5,2,1,3,1,1.2,0.99,-0.99,23.9,,,,,
CH,2026-04-23,84,-2.41,5.18,"Williams, Devin",663616,642207,,blocked_ball,,,,,13,,R,L,R,NYM,MIN,B,,,0,1,2026,-1.91,-0.24,-0.7012784641884622,0.3564300528702562,656484,621439,,2,9,Top,,,,,,,7.897743852789716,-121.96619549466958,-3.9287726407431247,-20.681783407072157,28.580270008929407,-33.79684092900872,3.323564633,1.677312992,,,,84.5,2627,7.2,823639,682626,683146,543760,666182,677595,502054,673357,621438,53.32,,,,,,,,85,2,Changeup,10,8,8,10,8,10,8,10,Standard,Standard,273,-0.011,0.022,,,,,-0.022,,2,-2,0.902,0.09799999999999998,31,29,32,29,1,5,2,1,3,1,3.53,1.91,-1.91,15.7,,,,,
CH,2026-04-23,84.2,-2.41,5.26,"Williams, Devin",663616,642207,,called_strike,,,,,8,,R,L,R,NYM,MIN,S,,,0,0,2026,-1.74,-0.06,0.10538339851103395,2.020966665268459,656484,621439,,2,9,Top,,,,,,,9.380761638023877,-122.08359078606935,-0.6333609262176055,-19.310889904468027,28.28619343766974,-32.90383755249835,3.323564633,1.677312992,,,,84.5,2803,7.1,823639,682626,683146,543760,666182,677595,502054,673357,621438,53.42,,,,,,,,85,1,Changeup,10,8,8,10,8,10,8,10,Standard,Standard,273,0.017,-0.03,,,,,0.03,,2,-2,0.885,0.11499999999999999,31,29,32,29,1,5,2,1,3,1,3.35,1.74,-1.74,16.9,,,,,
CH,2026-04-23,85.2,-2.22,5.13,"Williams, Devin",621439,642207,double,hit_into_play,,,,,6,Byron Buxton doubles (4) on a sharp line drive to left fielder Tommy Pham. Tristan Gray to 3rd.,R,R,R,NYM,MIN,X,7,line_drive,1,0,2026,-1.73,0.6,0.3991816285643015,2.2904137983584314,,,656484,2,9,Top,38.93,93.55,,,,,9.822775405504416,-123.58927170078917,-1.2700324507169716,-19.834918547406502,28.654258086942345,-26.03786082141502,3.257742782,1.644094488,308,108.7,17,86.1,2587,7.4,823639,682626,683146,543760,666182,677595,502054,673357,621438,53.07,0.649,0.791,1.25,1,1,1,6,84,2,Changeup,10,8,8,10,8,10,8,10,Standard,Standard,271,-0.075,0.777,74.2,8.4,,1.219,-0.777,108.7,2,-2,0.96,0.040000000000000036,31,32,32,33,1,5,2,1,3,1,2.6,1.73,1.73,15.7,19.348487707882374,-15.172224617568618,32.72295774156029,40.8616612030973,32.44322492297363
FF,2026-04-23,93.4,-2.3,5.42,"Williams, Devin",621439,642207,,ball,,,,,11,,R,R,R,NYM,MIN,B,,,0,0,2026,-0.77,1.59,-0.9116144887642763,3.1040459971726273,,,656484,2,9,Top,,,,,,,5.374352544108974,-135.75082808020989,-3.5847541039586925,-10.738274073749182,33.99954704813926,-12.012871741933392,3.257742782,1.644094488,,,,94.9,2363,7.6,823639,682626,683146,543760,666182,677595,502054,673357,621438,52.94,,,,,,,,84,1,4-Seam Fastball,10,8,8,10,8,10,8,10,Standard,Standard,222,-0.004,0.039,,,,,-0.039,,2,-2,0.964,0.03600000000000003,31,32,32,33,1,5,2,1,3,1,1.06,0.77,0.77,29.3,,,,,
FF,2026-04-23,93.8,-2.29,5.36,"Williams, Devin",656484,642207,single,hit_into_play,,,,,12,Tristan Gray singles on a sharp line drive to right fielder Tyrone Taylor. Brooks Lee scores.,R,L,R,NYM,MIN,X,9,line_drive,1,2,2026,-0.96,1.36,0.36394153453354017,3.3887400643007455,,686797,,2,9,Top,174.04,94.6,,,,,9.143113023733907,-136.22792537214028,-2.1806932536029677,-14.21195127747506,35.02616258580058,-15.121763090223675,3.259498032,1.644980315,205,103.8,11,95,2283,7.5,823639,682626,683146,543760,666182,677595,502054,673357,621438,52.99,0.929,0.911,0.9,1,1,0,4,83,4,4-Seam Fastball,10,7,7,10,8,10,8,10,Infield shade,Standard,220,-0.027,0.775,71.8,6.2,,1.174,-0.775,103.8,3,-3,0.991,0.009000000000000008,31,30,32,30,1,4,2,4,3,1,1.28,0.96,-0.96,24.6,1.9388845849826544,-7.492292318633813,22.345730623890024,34.81572685151439,25.9796799602519
FF,2026-04-23,93.4,-2.24,5.3,"Williams, Devin",656484,642207,,foul_tip,,,,,12,,R,L,R,NYM,MIN,S,,,1,1,2026,-1.01,1.38,0.22264102601760327,4.09640033240483,,686797,,2,9,Top,,,,,,,8.738107551946726,-135.67586367954118,-0.22702853605514953,-14.462951942092843,32.38658468674126,-15.378890129919464,3.259498032,1.644980315,,,,95.2,2317,7.7,823639,682626,683146,543760,666182,677595,502054,673357,621438,52.84,,,,,,,,83,3,4-Seam Fastball,10,7,7,10,7,10,7,10,Standard,Standard,227,0.003,-0.071,63.8,5.5,,,0.071,,3,-3,0.988,0.01200000000000001,31,30,32,30,1,4,2,4,3,1,1.26,1.01,-1.01,23.6,5.740634733830848,11.541455443665052,15.132311971781938,34.65111125194966,18.312866335879015
FF,2026-04-23,93.5,-2.21,5.28,"Williams, Devin",656484,642207,,called_strike,,,,,9,,R,L,R,NYM,MIN,S,,,1,0,2026,-1.07,1.45,0.5399856468586148,1.7494229657216644,,686797,,2,9,Top,,,,,,,9.615343584767764,-135.66605038802032,-6.441574850734366,-15.417555937944522,32.721245201321906,-13.066582405374284,3.259498032,1.644980315,,,,95.1,2194,7.6,823639,682626,683146,543760,666182,677595,502054,673357,621438,52.87,,,,,,,,83,2,4-Seam Fastball,10,7,7,10,7,10,7,10,Standard,Standard,220,0.003,-0.05,,,,,0.05,,3,-3,0.985,0.015000000000000013,31,30,32,30,1,4,2,4,3,1,1.2,1.07,-1.07,27.6,,,,,
FF,2026-04-23,94.9,-2.3,5.39,"Williams, Devin",656484,642207,,ball,,,,,12,,R,L,R,NYM,MIN,B,,,0,0,2026,-0.94,1.53,1.7807316727650533,3.7233162871326204,,,686797,2,9,Top,,,,,,,12.90866267543679,-137.4148422559984,-1.9034110724019038,-15.051998150346833,35.755577531302464,-12.735402760202378,3.259498032,1.644980315,,,,95.9,2356,7.6,823639,682626,683146,543760,666182,677595,502054,673357,621438,52.94,,,,,,,,83,1,4-Seam Fastball,10,7,7,10,7,10,7,10,Standard,Standard,218,-0.003,0.039,,,,,-0.039,,3,-3,0.988,0.01200000000000001,31,30,32,30,1,4,2,4,3,1,1.06,0.94,-0.94,26.1,,,,,
CH,2026-04-23,84.8,-2.45,5.18,"Williams, Devin",686797,642207,single,hit_into_play,,,,,13,Brooks Lee singles on a line drive to center fielder Luis Robert Jr.,R,L,R,NYM,MIN,X,8,line_drive,3,2,2026,-1.85,0.02,-0.8582978074741963,2.341280701368709,,,,2,9,Top,105.52,82.65,,,,,7.582770641966526,-123.06075343112418,0.038434810341568815,-20.34847889708796,29.44256580035658,-32.272949569915404,3.208595801,1.619291339,215,97.3,11,85.3,2651,7.3,823639,682626,683146,543760,666182,677595,502054,673357,621438,53.24,0.883,0.838,0.9,1,1,0,4,82,7,Changeup,10,7,7,10,7,10,7,10,Infield shade,Standard,268,-0.007,0.293,63.8,6.4,,1.031,-0.293,97.3,3,-3,0.995,0.0050000000000000044,31,25,32,25,1,4,2,1,3,1,3.22,1.85,-1.85,13.1,5.18921206893833,6.201237479247042,29.3737341939996,43.577444147402964,23.068312921919645
FF,2026-04-23,95.4,-2.21,5.38,"Williams, Devin",686797,642207,,foul,,,,,5,,R,L,R,NYM,MIN,S,,,3,2,2026,-0.93,1.45,0.11510478965740034,2.5384108118397366,,,,2,9,Top,,,,,,,8.350930926788086,-138.56376800300944,-5.001162407715764,-13.955831801533527,34.600783137712064,-12.58060768884478,3.208595801,1.619291339,223,77.1,49,96.9,2323,7.5,823639,682626,683146,543760,666182,677595,502054,673357,621438,52.97,,,,,,,,82,6,4-Seam Fastball,10,7,7,10,7,10,7,10,Infield shade,Standard,222,0,0,76.4,5.6,,,0,88.0,3,-3,0.995,0.0050000000000000044,31,25,32,25,1,4,2,1,3,1,1.09,0.93,-0.93,27.2,-1.5340385145057254,15.63455705898468,38.04722647110999,32.88307890469706,17.71963406162421
FF,2026-04-23,94.3,-2.22,5.31,"Williams, Devin",686797,642207,,ball,,,,,13,,R,L,R,NYM,MIN,B,,,2,2,2026,-1.12,1.25,-0.18211051535214318,1.0839520080691374,,,,2,9,Top,,,,,,,7.930801183119072,-136.88999439842507,-7.980533900263023,-15.856476161503236,32.53246872073932,-14.809981686498189,3.208595801,1.619291339,,,,96,2301,7.5,823639,682626,683146,543760,666182,677595,502054,673357,621438,52.96,,,,,,,,82,5,4-Seam Fastball,10,7,7,10,7,10,7,10,Infield shade,Standard,223,-0.002,0.085,,,,,-0.085,,3,-3,0.997,0.0030000000000000027,31,25,32,25,1,4,2,1,3,1,1.34,1.12,-1.12,25.8,,,,,
CH,2026-04-23,84.3,-2.39,5.19,"Williams, Devin",686797,642207,,swinging_strike,,,,,7,,R,L,R,NYM,MIN,S,,,2,1,2026,-1.86,0.07,-0.3810016922951367,1.5678404980319018,,,,2,9,Top,,,,,,,8.492711072982367,-122.38960792962993,-1.8869066566465214,-20.34824083948401,25.89762011641944,-31.302407991709014,3.208595801,1.619291339,,,,85.1,2687,7.1,823639,682626,683146,543760,666182,677595,502054,673357,621438,53.38,,,,,,,,82,4,Changeup,10,7,7,10,7,10,7,10,Standard,Standard,274,0.002,-0.081,71.4,7.9,2.564040744,,0.081,,3,-3,0.995,0.0050000000000000044,31,25,32,25,1,4,2,1,3,1,3.17,1.86,-1.86,15.5,23.8605537549296,-25.03226045896583,32.41166215845516,38.52194584995487,45.21313695650046
CH,2026-04-23,84.2,-2.37,5.14,"Williams, Devin",686797,642207,,ball,,,,,14,,R,L,R,NYM,MIN,B,,,1,1,2026,-1.69,-0.11,0.8919941488335537,1.7944671768949392,,,,2,9,Top,,,,,,,11.057483450034699,-122.08896056411079,-0.8857686623136491,-19.127064442716275,25.054054683192863,-33.27141694651602,3.208595801,1.619291339,,,,85.3,2471,7.3,823639,682626,683146,543760,666182,677595,502054,673357,621438,53.24,,,,,,,,82,3,Changeup,10,7,7,10,7,10,7,10,Standard,Standard,275,-0.001,0.054,,,,,-0.054,,3,-3,0.996,0.0040000000000000036,31,25,32,25,1,4,2,1,3,1,3.35,1.69,-1.69,13.2,,,,,
CH,2026-04-23,83.7,-2.42,5.16,"Williams, Devin",686797,642207,,swinging_strike,,,,,13,,R,L,R,NYM,MIN,S,,,1,0,2026,-1.78,-0.23,-0.8603026449085749,1.6397007026288497,,,,2,9,Top,,,,,,,7.271906676153758,-121.65872073873705,-0.9583503427322696,-19.160827035705037,25.302281713510602,-34.483352816892,3.208595801,1.619291339,,,,84.9,2678,7.2,823639,682626,683146,543760,666182,677595,502054,673357,621438,53.26,,,,,,,,82,2,Changeup,10,7,7,10,7,10,7,10,Standard,Standard,273,0.001,-0.053,68.7,7.8,2.356539564,,0.053,,3,-3,0.995,0.0050000000000000044,31,25,32,25,1,4,2,1,3,1,3.51,1.78,-1.78,14.0,17.948038677877733,-20.955256282876476,27.835837849444307,44.878820773142266,42.376308363729024
CH,2026-04-23,85.1,-2.4,5.24,"Williams, Devin",686797,642207,,ball,,,,,11,,R,L,R,NYM,MIN,B,,,0,0,2026,-1.82,-0.09,-1.386328864328311,2.5085269248988933,,,,2,9,Top,,,,,,,6.151541000615251,-123.70030971218678,0.36433925775894704,-19.92191736902759,26.344866799649104,-33.439745923540656,3.208595801,1.619291339,,,,86,2556,7.1,823639,682626,683146,543760,666182,677595,502054,673357,621438,53.4,,,,,,,,82,1,Changeup,10,7,7,10,7,10,7,10,Standard,Standard,275,-0.001,0.041,,,,,-0.041,,3,-3,0.996,0.0040000000000000036,31,25,32,25,1,4,2,1,3,1,3.26,1.82,-1.82,16.0,,,,,
CH,2026-04-23,83.9,-2.42,5.22,"Williams, Devin",807712,642207,strikeout,swinging_strike,,,,,13,Luke Keaschall strikes out swinging.,R,R,R,NYM,MIN,S,2,,1,2,2026,-1.9,-0.13,-0.44546034317254457,1.392514340173154,,,,1,9,Top,,,,,,,8.439634820389408,-121.67449554524943,-1.7830783370366146,-20.5742868793011,28.862975692390588,-33.232421269381454,3.213861549,1.621948819,,,,84.1,2705,7.1,823639,682626,683146,543760,666182,677595,502054,673357,621438,53.39,,0,0,1,0,0,,81,4,Changeup,10,7,7,10,7,10,7,10,Standard,Standard,273,0.008,-0.181,71.1,7.9,0.736034424,,0.181,,3,-3,0.988,0.01200000000000001,31,23,32,24,1,4,2,1,3,2,3.44,1.9,1.9,13.8,23.940408529524422,-22.140382964145747,43.386846712610264,29.158014032361667,48.065393391962765
CH,2026-04-23,84.3,-2.55,5.22,"Williams, Devin",807712,642207,,swinging_strike,,,,,13,,R,R,R,NYM,MIN,S,,,1,1,2026,-1.8,-0.15,-1.1390060299259592,2.0496192462151015,,,,1,9,Top,,,,,,,6.990710769467181,-122.48115827778055,-0.3376816131451007,-19.54685393442006,27.73965361720946,-33.88052606941046,3.213861549,1.621948819,,,,84.8,2544,7,823639,682626,683146,543760,666182,677595,502054,673357,621438,53.46,,,,,,,,81,3,Changeup,10,7,7,10,7,10,7,10,Standard,Standard,273,0.002,-0.074,76.3,7.3,0.2346582,,0.074,,3,-3,0.986,0.014000000000000012,31,23,32,24,1,4,2,1,3,2,3.41,1.8,1.8,15.6,17.772906223421085,-29.852215745058402,35.51571509067879,22.66672148823195,47.471502427590835
FF,2026-04-23,92.6,-2.39,5.41,"Williams, Devin",807712,642207,,called_strike,,,,,8,,R,R,R,NYM,MIN,S,,,1,0,2026,-0.99,1.21,0.08809911566379469,1.6158838134495108,,,,1,9,Top,,,,,,,8.60198631749763,-134.33009035427062,-6.325889100565116,-14.019991274879152,34.896826612318236,-16.244140879248157,3.213861549,1.621948819,,,,93.4,2217,7.4,823639,682626,683146,543760,666182,677595,502054,673357,621438,53.09,,,,,,,,81,2,4-Seam Fastball,10,7,7,10,7,10,7,10,Standard,Standard,223,0.003,-0.051,,,,,0.051,,3,-3,0.983,0.017000000000000015,31,23,32,24,1,4,2,1,3,2,1.5,0.99,0.99,25.6,,,,,
FF,2026-04-23,92.6,-2.33,5.42,"Williams, Devin",807712,642207,,ball,,,,,12,,R,R,R,NYM,MIN,B,,,0,0,2026,-0.79,1.35,1.0063240078087388,3.572514681572747,,,,1,9,Top,,,,,,,10.385779357473753,-134.41220919080592,-1.657239138310577,-12.06874603124835,34.013992444379994,-15.796823920777125,3.213861549,1.621948819,,,,93.8,2250,7.5,823639,682626,683146,543760,666182,677595,502054,673357,621438,52.99,,,,,,,,81,1,4-Seam Fastball,10,7,7,10,7,10,7,10,Standard,Standard,226,-0.002,0.043,,,,,-0.043,,3,-3,0.985,0.015000000000000013,31,23,32,24,1,4,2,1,3,2,1.36,0.79,0.79,23.7,,,,,
CH,2026-04-21,85.1,-2.35,5.12,"Williams, Devin",670242,642207,walk,ball,,,,,13,Matt Wallner walks. Ryan Jeffers scores. Kody Clemens to 3rd. Luke Keaschall to 2nd.,R,L,R,NYM,MIN,B,,,3,2,2026,-1.78,-0.09,-1.9510714781426741,2.435077209655976,680777,665019,807712,0,9,Top,,,,,,,4.689207520573217,-123.70856806586866,0.5739304429341838,-19.1703551189411,29.858998859397527,-33.473023971395115,3.394652231,1.713188976,,,,85.9,2533,7.4,823640,682626,668901,543760,666182,596019,701807,673357,621438,53.13,,0.698841,0.7,1,0,0,,65,8,Changeup,3,4,4,3,5,3,5,3,Strategic,Standard,269,-0.031,0.331,,,,,-0.331,,-1,1,0.061,0.9390000000000001,31,28,32,29,1,3,2,3,2,1,3.3,1.78,-1.78,15.3,,,,,
FF,2026-04-21,95,-2.21,5.34,"Williams, Devin",670242,642207,,foul,,,,,2,,R,L,R,NYM,MIN,S,,,3,2,2026,-0.87,1.39,-0.2639002026066378,3.2348263476317944,680777,665019,807712,0,9,Top,,,,,,,7.169598840876469,-138.08501057947095,-2.8783094335011197,-12.732175526470263,31.876427037153583,-14.038856137802863,3.394652231,1.713188976,239,76.3,29,97.1,2222,7.6,823640,682626,668901,543760,666182,596019,701807,673357,621438,52.9,,,,,,,,65,7,4-Seam Fastball,3,4,4,3,4,3,4,3,Infield shade,Standard,224,0,0,76.3,7.5,,,0,88.0,-1,1,0.061,0.9390000000000001,31,28,32,29,1,3,2,3,2,1,1.15,0.87,-0.87,25.2,11.830918486070614,-12.380548302223229,14.872908265679213,44.50941880896958,38.32811218605157
CH,2026-04-21,86.7,-2.28,5.2,"Williams, Devin",670242,642207,,ball,,,,,14,,R,L,R,NYM,MIN,B,,,2,2,2026,-1.76,0.06,0.6008001658627666,1.1317727453004798,680777,665019,807712,0,9,Top,,,,,,,10.67658919615121,-125.73894469591278,-3.3794016185890463,-20.878550171728705,27.275359631814506,-31.018128420188074,3.394652231,1.713188976,,,,88.1,2406,7.5,823640,682626,668901,543760,666182,596019,701807,673357,621438,53.02,,,,,,,,65,6,Changeup,3,4,4,3,4,3,4,3,Infield shade,Standard,271,-0.01,0.126,,,,,-0.126,,-1,1,0.071,0.929,31,28,32,29,1,3,2,3,2,1,3.01,1.76,-1.76,16.4,,,,,
FF,2026-04-21,92.9,-2.22,5.34,"Williams, Devin",670242,642207,,foul,,,,,12,,R,L,R,NYM,MIN,S,,,2,2,2026,-0.76,1.33,0.8341986608189971,3.331281276623002,680777,665019,807712,0,9,Top,,,,,,,9.670271628627184,-134.95296991867636,-2.139062659089508,-11.546701357095912,31.54020995031696,-15.695982018256009,3.394652231,1.713188976,121,56.6,27,94.9,2250,7.7,823640,682626,668901,543760,666182,596019,701807,673357,621438,52.77,,,,,,,,65,5,4-Seam Fastball,3,4,4,3,4,3,4,3,Strategic,Standard,225,0,0,70.3,5.6,,,0,88.0,-1,1,0.071,0.929,31,28,32,29,1,3,2,3,2,1,1.33,0.76,-0.76,26.0,-3.74113129223347,26.434378328524943,20.684413374590143,31.031870603021552,28.715791968760364
FF,2026-04-21,94.2,-2.3,5.29,"Williams, Devin",670242,642207,,foul,,,,,11,,R,L,R,NYM,MIN,S,,,2,1,2026,-1.11,1.41,-0.8350616550620573,2.630063297803241,680777,665019,807712,0,9,Top,,,,,,,6.41976900528006,-137.03982029800446,-4.264342937767561,-15.396857673549352,31.915013073331387,-13.6941253426621,3.394652231,1.713188976,,,,96.1,2286,7.5,823640,682626,668901,543760,666182,596019,701807,673357,621438,52.96,,,,,,,,65,4,4-Seam Fastball,3,4,4,3,4,3,4,3,Infield shade,Standard,221,0.009,-0.086,76.5,7.5,,,0.086,,-1,1,0.062,0.938,31,28,32,29,1,3,2,3,2,1,1.17,1.11,-1.11,24.9,9.508576123181124,1.621082880779133,18.355826858177323,49.70775415373646,31.946348611417967
FF,2026-04-21,93.8,-2.38,5.31,"Williams, Devin",670242,642207,,swinging_strike,,,,,1,,R,L,R,NYM,MIN,S,,,2,0,2026,-0.78,1.69,-0.36716554063880324,3.237192679885715,680777,665019,807712,0,9,Top,,,,,,,7.061845119487083,-136.38294314528312,-3.27282771217242,-11.34387775190067,33.08829125968672,-10.709861415638967,3.394652231,1.713188976,,,,95.5,2262,7.5,823640,682626,668901,543760,666182,596019,701807,673357,621438,52.98,,,,,,,,65,3,4-Seam Fastball,3,4,4,3,4,3,4,3,Infield shade,Standard,222,0.007,-0.087,72.5,7.0,3.695085648,,0.087,,-1,1,0.055,0.945,31,28,32,29,1,3,2,3,2,1,0.93,0.78,-0.78,24.8,9.889133913414142,16.485384175044338,19.49997203134096,47.103209826271005,26.77014610171021
CH,2026-04-21,85,-2.37,5.14,"Williams, Devin",670242,642207,,ball,,,,,13,,R,L,R,NYM,MIN,B,,,1,0,2026,-2.01,0.31,-1.478831796759076,1.2788906319578475,680777,665019,807712,0,9,Top,,,,,,,6.305192175703388,-123.38087377881176,-2.9962767642572508,-21.74536790317818,30.196768137586464,-28.59882636415738,3.394652231,1.713188976,,,,85.7,2558,7.4,823640,682626,668901,543760,666182,596019,701807,673357,621438,53.08,,,,,,,,65,2,Changeup,3,4,4,3,4,3,4,3,Infield shade,Standard,266,-0.007,0.079,,,,,-0.079,,-1,1,0.062,0.938,31,28,32,29,1,3,2,3,2,1,2.92,2.01,-2.01,16.2,,,,,
FF,2026-04-21,93.7,-2.3,5.32,"Williams, Devin",670242,642207,,ball,,,,,11,,R,L,R,NYM,MIN,B,,,0,0,2026,-0.8,1.62,-0.31213499242939935,3.9809860028956994,680777,665019,807712,0,9,Top,,,,,,,7.01612378252492,-136.23755586888956,-1.1584711340599474,-11.558436274067862,34.03614242954926,-12.11236708482397,3.394652231,1.713188976,,,,95.3,2246,7.6,823640,682626,668901,543760,666182,596019,701807,673357,621438,52.94,,,,,,,,65,1,4-Seam Fastball,3,4,4,3,4,3,4,3,Strategic,Standard,210,-0.004,0.03,,,,,-0.03,,-1,1,0.066,0.9339999999999999,31,28,32,29,1,3,2,3,2,1,1.01,0.8,-0.8,22.9,,,,,
FF,2026-04-21,92.2,-2.24,5.3,"Williams, Devin",807712,642207,single,hit_into_play,,,,,6,Luke Keaschall singles on a ground ball to left fielder Carson Benge. James Outman scores. Ryan Jeffers to 3rd. Kody Clemens to 2nd.,R,R,R,NYM,MIN,X,7,ground_ball,0,1,2026,-0.95,1.38,0.5133578529546657,2.3100646946949084,681546,680777,665019,0,9,Top,76,114,,,,,9.247811810940451,-133.89089250101333,-4.690372106478411,-13.486854442786077,29.986444840203514,-14.754879328307728,3.213861549,1.621948819,4,80.9,-31,94.5,2271,7.8,823640,682626,668901,543760,666182,596019,701807,673357,621438,52.7,0.075,0.073,0.9,1,1,0,2,64,2,4-Seam Fastball,3,3,3,3,4,3,4,3,Strategic,Standard,222,-0.123,0.473,72.7,6.9,,0.081,-0.473,88.0,0,0,0.189,0.8109999999999999,31,23,32,24,1,3,2,2,2,1,1.32,0.95,0.95,24.2,15.359418313544573,-1.9606346911257606,32.979359729949145,41.13947779225106,32.83615052352037
CH,2026-04-21,85.1,-2.3,5.12,"Williams, Devin",807712,642207,,called_strike,,,,,7,,R,R,R,NYM,MIN,S,,,0,0,2026,-1.84,0.15,-0.588727512206251,1.6257753718738313,681546,680777,665019,0,9,Top,,,,,,,7.928097185659972,-123.63567490387443,-1.9168177596833413,-20.48489689068284,27.061309254123834,-30.427606865353724,3.213861549,1.621948819,,,,86.7,2587,7.6,823640,682626,668901,543760,666182,596019,701807,673357,621438,52.89,,,,,,,,64,1,Changeup,3,3,3,3,3,3,3,3,Strategic,Standard,271,0.017,-0.044,,,,,0.044,,0,0,0.172,0.8280000000000001,31,23,32,24,1,3,2,2,2,1,3.03,1.84,1.84,15.9,,,,,
FF,2026-04-21,91.5,-2.39,5.27,"Williams, Devin",665019,642207,sac_bunt,hit_into_play,,,,,1,Kody Clemens hits a sacrifice bunt. James Outman to 3rd. Ryan Jeffers to 2nd. Kody Clemens to 1st.,R,L,R,NYM,MIN,X,3,ground_ball,0,0,2026,-1.14,1.43,-0.2833542795952646,3.189060312014887,,681546,680777,0,9,Top,133.09,190.22,,,,,7.981792003481523,-132.99474553042919,-2.3505694217532707,-15.299634460010946,30.497100870081088,-14.980488567348951,3.211228675,1.620620079,24,27.3,7,93.9,2292,7.9,823640,682626,668901,543760,666182,596019,701807,673357,621438,52.6,,,0.9,0,0,0,1,63,1,4-Seam Fastball,3,3,3,3,3,3,3,3,Infield shade,Standard,231,-0.134,0.03,1.6,0.9,,,-0.03,88.0,0,0,0.306,0.694,31,30,32,30,1,3,2,2,2,1,1.32,1.14,-1.14,23.3,-2.0527778759439212,-4.104679289907975,11.62891622802184,41.926835882396915,28.830752298543054
CH,2026-04-21,85.3,-2.38,5.1,"Williams, Devin",680777,642207,walk,blocked_ball,,,,,13,Ryan Jeffers walks.,R,R,R,NYM,MIN,B,,,3,2,2026,-1.73,0.01,-0.0462314468343521,0.5584338284642056,,681546,,0,9,Top,,,,,,,9.140057447095273,-123.62824337449875,-4.002082690038053,-19.722057347669274,30.638778327223868,-31.336852775394316,3.284949147,1.657824803,,,,85.8,2615,7.4,823640,682626,668901,543760,666182,596019,701807,673357,621438,53.1,,0.698841,0.7,1,0,0,,62,6,Changeup,3,3,3,3,3,3,3,3,Standard,Standard,272,-0.023,0.237,,,,,-0.237,,0,0,0.329,0.671,31,29,32,29,1,3,2,2,2,1,3.22,1.73,1.73,15.3,,,,,
CH,2026-04-21,84.9,-2.27,5.12,"Williams, Devin",680777,642207,,ball,,,,,13,,R,R,R,NYM,MIN,B,,,2,2,2026,-1.86,-0.01,-1.008078944300224,1.7176519065734297,,,681546,0,9,Top,,,,,,,6.879357371005364,-123.35995044098382,-1.2750497578132987,-20.35268899900605,28.2040158658057,-32.249481580909155,3.284949147,1.657824803,,,,86.2,2356,7.5,823640,682626,668901,543760,666182,596019,701807,673357,621438,52.97,,,,,,,,62,5,Changeup,3,3,3,3,3,3,3,3,Standard,Standard,273,-0.102,0.097,,,,,-0.097,,0,0,0.431,0.569,31,29,32,29,1,3,2,2,2,1,3.22,1.86,1.86,10.7,,,,,
CH,2026-04-21,85.2,-2.16,5.12,"Williams, Devin",680777,642207,,blocked_ball,,,,,14,,R,R,R,NYM,MIN,B,,,1,2,2026,-1.74,0.2,1.1703958503388068,0.6132582146282495,,,681546,0,9,Top,,,,,,,11.492088192166609,-123.52432928133835,-4.4611074749193245,-20.082582710510017,24.826374789187376,-29.402564774297574,3.284949147,1.657824803,,,,86.7,2511,7.5,823640,682626,668901,543760,666182,596019,701807,673357,621438,53.05,,,,,,,,62,4,Changeup,3,3,3,3,3,3,3,3,Standard,Standard,270,-0.012,0.042,,,,,-0.042,,0,0,0.443,0.5569999999999999,31,29,32,29,1,3,2,2,2,1,2.97,1.74,1.74,14.6,,,,,
FF,2026-04-21,93.4,-2.22,5.37,"Williams, Devin",680777,642207,,foul,,,,,2,,R,R,R,NYM,MIN,S,,,1,1,2026,-0.7,1.61,0.22829804699322787,3.078266467436917,,,681546,0,9,Top,,,,,,,7.991056037525998,-135.67512266562414,-3.5550161581455177,-10.587382678769934,33.552024801856646,-11.849631794268033,3.284949147,1.657824803,218,77.3,50,95,2351,7.6,823640,682626,668901,543760,666182,596019,701807,673357,621438,52.87,,,,,,,,62,3,4-Seam Fastball,3,3,3,3,3,3,3,3,Standard,Standard,219,0.02,-0.056,70.0,5.9,,,0.056,88.0,0,0,0.423,0.577,31,29,32,29,1,3,2,2,2,1,1.04,0.7,0.7,26.7,-1.6123123565274022,19.923270054019866,30.134124588934228,34.98405997725172,18.206896591796987
FF,2026-04-21,92.7,-2.17,5.4,"Williams, Devin",680777,642207,,ball,,,,,12,,R,R,R,NYM,MIN,B,,,0,1,2026,-0.96,1.38,0.6829614239411843,4.225424506048346,,,681546,0,9,Top,,,,,,,9.532790444406595,-134.50119321310768,0.021797925359399173,-13.960469341732932,34.355301915708175,-15.956736928972138,3.284949147,1.657824803,,,,93.9,2273,7.6,823640,682626,668901,543760,666182,596019,701807,673357,621438,52.93,,,,,,,,62,2,4-Seam Fastball,3,3,3,3,3,3,3,3,Standard,Standard,221,-0.008,0.022,,,,,-0.022,,0,0,0.431,0.569,31,29,32,29,1,3,2,2,2,1,1.33,0.96,0.96,25.7,,,,,
FF,2026-04-21,92.8,-2.23,5.37,"Williams, Devin",680777,642207,,called_strike,,,,,5,,R,R,R,NYM,MIN,S,,,0,0,2026,-1.12,1.53,0.26593779571742404,2.455798814865531,,,681546,0,9,Top,,,,,,,8.999430832286212,-134.58542250734536,-4.822191554456391,-15.763189308532011,34.642345384834734,-12.857434113218293,3.284949147,1.657824803,,,,94.1,2332,7.6,823640,682626,668901,543760,666182,596019,701807,673357,621438,52.86,,,,,,,,62,1,4-Seam Fastball,3,3,3,3,3,3,3,3,Standard,Standard,229,0.012,-0.043,,,,,0.043,,0,0,0.419,0.581,31,29,32,29,1,3,2,2,2,1,1.18,1.12,1.12,24.2,,,,,
FF,2026-04-21,93.5,-2.47,5.31,"Williams, Devin",605137,642207,walk,ball,,,,,11,Josh Bell walks.,R,L,R,NYM,MIN,B,,,3,0,2026,-0.72,1.4,-0.6237710247605621,3.7480110645030713,,,,0,9,Top,,,,,,,6.434339193115325,-135.91315384098257,-1.2277855988917175,-10.378211166171086,32.773356852061745,-14.882065844113466,3.334973753,1.683070866,,,,94.8,2252,7.3,823640,682626,668901,543760,666182,596019,701807,673357,621438,53.18,,0.698841,0.7,1,0,0,,61,4,4-Seam Fastball,3,3,3,3,3,3,3,3,Infield shade,Standard,224,-0.032,0.175,,,,,-0.175,,0,0,0.451,0.5489999999999999,31,33,32,34,1,3,2,2,2,1,1.23,0.72,-0.72,22.3,,,,,
CH,2026-04-21,83.7,-2.45,4.97,"Williams, Devin",605137,642207,,ball,,,,,13,,R,L,R,NYM,MIN,B,,,2,0,2026,-1.88,-0.04,-0.43104779268454796,0.07895908371579008,,,,0,9,Top,,,,,,,8.553179752306619,-121.39441086300309,-4.450908604746202,-20.34370263026459,27.181375478246196,-31.73632034174105,3.334973753,1.683070866,,,,84.6,2465,7.4,823640,682626,668901,543760,666182,596019,701807,673357,621438,53.11,,,,,,,,61,3,Changeup,3,3,3,3,3,3,3,3,Infield shade,Standard,272,-0.025,0.156,,,,,-0.156,,0,0,0.476,0.524,31,33,32,34,1,3,2,2,2,1,3.35,1.88,-1.88,11.5,,,,,
FF,2026-04-21,94.5,-2.41,5.29,"Williams, Devin",605137,642207,,ball,,,,,11,,R,L,R,NYM,MIN,B,,,1,0,2026,-1.13,1.29,-0.876234094062817,4.499532994248022,,,,0,9,Top,,,,,,,6.641304262029104,-137.44264105585086,0.8733440684017032,-15.768890813238585,30.785626999612607,-16.2100960370627,3.334973753,1.683070866,,,,96.4,2129,7.4,823640,682626,668901,543760,666182,596019,701807,673357,621438,53.05,,,,,,,,61,2,4-Seam Fastball,3,3,3,3,3,3,3,3,Infield shade,Standard,227,-0.016,0.085,,,,,-0.085,,0,0,0.492,0.508,31,33,32,34,1,3,2,2,2,1,1.26,1.13,-1.13,20.2,,,,,
FF,2026-04-21,92.3,-2.29,5.36,"Williams, Devin",605137,642207,,ball,,,,,12,,R,L,R,NYM,MIN,B,,,0,0,2026,-0.97,1.36,0.3977458555790905,4.755364244385219,,,,0,9,Top,,,,,,,9.148988874585251,-134.05063563983123,1.5120402913861164,-13.71602466338487,30.633869007562918,-16.452580473600698,3.334973753,1.683070866,,,,94.5,2187,7.8,823640,682626,668901,543760,666182,596019,701807,673357,621438,52.7,,,,,,,,61,1,4-Seam Fastball,3,3,3,3,3,3,3,3,Standard,Standard,233,-0.008,0.046,,,,,-0.046,,0,0,0.5,0.5,31,33,32,34,1,3,2,2,2,1,1.34,0.97,-0.97,21.9,,,,,
CH,2026-04-19,87.1,-2.4,5.17,"Williams, Devin",691718,642207,strikeout,swinging_strike_blocked,,,,,13,"Pete Crow-Armstrong strikes out swinging, catcher Luis Torrens to first baseman Mark Vientos.",R,L,R,CHC,NYM,S,2,,3,2,2026,-1.96,0.17,-0.6166085724349695,0.6379579783561833,,624424,,2,9,Bot,,,,,,,8.451724889982554,-126.40075339979099,-4.7697232345069756,-22.74852143346233,28.867886262691595,-29.454304927745742,3.202452428,1.616190945,,,,87.9,2594,7.2,824691,620443,668901,543760,666182,596019,502054,673357,621438,53.27,,0,0,1,0,0,,68,8,Changeup,1,1,1,1,1,1,1,1,Infield shade,Standard,271,-0.111,-0.266,72.0,8.4,0.628517172,,0.266,,0,0,0.611,0.611,31,24,32,24,1,3,4,1,2,1,2.88,1.96,-1.96,16.2,25.70004088568345,-14.28032142685969,40.74382359304215,45.61455181735259,45.272511279122604
CH,2026-04-19,85,-2.44,5.12,"Williams, Devin",691718,642207,,blocked_ball,,,,,13,,R,L,R,CHC,NYM,B,,,2,2,2026,-1.71,-0.26,-1.292033102734815,0.3727267244952248,,624424,,2,9,Bot,,,,,,,6.253859837744933,-123.4718640143146,-3.872239267915893,-18.754218655991792,29.959754944318135,-34.11774798967165,3.202452428,1.616190945,,,,85.2,2598,7,824691,620443,668901,543760,666182,596019,502054,673357,621438,53.46,,,,,,,,68,7,Changeup,1,1,1,1,1,1,1,1,Infield shade,Standard,276,0.018,0.057,,,,,-0.057,,0,0,0.593,0.593,31,24,32,24,1,3,4,1,2,1,3.49,1.71,-1.71,15.5,,,,,
CH,2026-04-19,86.5,-2.31,5.1,"Williams, Devin",691718,642207,,blocked_ball,,,,,13,,R,L,R,CHC,NYM,B,,,1,2,2026,-1.61,0.25,-0.30921889638047584,0.24233677480307358,,624424,,2,9,Bot,,,,,,,8.19154383403053,-125.49254826201728,-5.603918982842239,-18.657327483410583,27.880378056042037,-28.539435967164756,3.202452428,1.616190945,,,,87.5,2438,7.3,824691,620443,668901,543760,666182,596019,502054,673357,621438,53.2,,,,,,,,68,6,Changeup,1,1,1,1,1,1,1,1,Infield shade,Standard,266,0.016,0.03,,,,,-0.03,,0,0,0.577,0.577,31,24,32,24,1,3,4,1,2,1,2.84,1.61,-1.61,14.7,,,,,
CH,2026-04-19,85.8,-2.42,5.22,"Williams, Devin",691718,642207,,foul,,,,,8,,R,L,R,CHC,NYM,S,,,1,2,2026,-1.49,0.33,-0.12346267831212021,1.7844766607617655,,624424,,2,9,Bot,,,,,,,8.57149154543539,-124.57762578637148,-2.305142174825665,-17.253590270041855,26.34315360151311,-28.430838029270383,3.202452428,1.616190945,240,94.3,45,87,2492,7.3,824691,620443,668901,543760,666182,596019,502054,673357,621438,53.22,,,,,,,,68,5,Changeup,1,1,1,1,1,1,1,1,Standard,Standard,266,0,0,75.9,7.0,,,0,94.3,0,0,0.577,0.577,31,24,32,24,1,3,4,1,2,1,2.79,1.49,-1.49,16.1,8.469399101337368,-0.22455562812224436,39.13557406025159,40.697966227179805,33.63626240922721
FF,2026-04-19,94.3,-2.25,5.21,"Williams, Devin",691718,642207,,foul,,,,,12,,R,L,R,CHC,NYM,S,,,1,2,2026,-0.61,1.16,0.864262078776409,2.711793127328938,,624424,,2,9,Bot,,,,,,,9.554561274690327,-136.9663921865739,-3.282407948865753,-9.86051697693931,30.810978406275623,-16.98017670713486,3.202452428,1.616190945,110,60,72,95.9,2327,7.4,824691,620443,668901,543760,666182,596019,502054,673357,621438,53.13,,,,,,,,68,4,4-Seam Fastball,1,1,1,1,1,1,1,1,Infield shade,Standard,227,0,0,71.0,6.7,,,0,88.0,0,0,0.577,0.577,31,24,32,24,1,3,4,1,2,1,1.41,0.61,-0.61,22.8,9.873779251944265,-4.551852898867335,37.91771402755244,28.631433812420983,31.17336113000113
CH,2026-04-19,85.2,-2.28,5.21,"Williams, Devin",691718,642207,,foul,,,,,13,,R,L,R,CHC,NYM,S,,,1,1,2026,-2.13,0.09,-1.2898549940532384,1.5912861308014805,,624424,,2,9,Bot,,,,,,,6.782930766943991,-123.66940476171698,-1.9771423827552912,-23.181522151228577,30.606166850523625,-31.001942538413736,3.202452428,1.616190945,4,45.5,-21,85.5,2568,7.2,824691,620443,668901,543760,666182,596019,502054,673357,621438,53.34,,,,,,,,68,3,Changeup,1,1,1,1,1,1,1,1,Infield shade,Standard,271,-0.028,-0.071,65.6,7.8,,,0.071,88.0,0,0,0.605,0.605,31,24,32,24,1,3,4,1,2,1,3.13,2.13,-2.13,19.0,17.814177935720764,-2.2388337744224995,31.45904683354665,55.11722185148337,40.482105690011394
CH,2026-04-19,84.6,-2.4,5.14,"Williams, Devin",691718,642207,,swinging_strike_blocked,,,,,13,,R,L,R,CHC,NYM,S,,,1,0,2026,-1.61,0.01,-0.09690654197766757,-0.003913363950851068,,624424,,2,9,Bot,,,,,,,8.683215795376157,-122.82855806278035,-5.3886767332615015,-18.02447932568017,26.45755316989154,-31.04970745983599,3.202452428,1.616190945,,,,85.4,2434,7.1,824691,620443,668901,543760,666182,596019,502054,673357,621438,53.37,,,,,,,,68,2,Changeup,1,1,1,1,1,1,1,1,Infield shade,Standard,271,-0.005,-0.05,71.3,8.8,8.90884632,,0.05,,0,0,0.61,0.61,31,24,32,24,1,3,4,1,2,1,3.21,1.61,-1.61,15.7,30.096550599720384,-32.99668495199179,45.149936949407355,42.189071433017055,54.05965082945213
CH,2026-04-19,86.5,-2.35,5.18,"Williams, Devin",691718,642207,,ball,,,,,13,,R,L,R,CHC,NYM,B,,,0,0,2026,-1.7,-0.01,-0.5630124119802902,0.9441729966383807,,624424,,2,9,Bot,,,,,,,7.858964073299932,-125.70273145034079,-3.6591761047029765,-19.56430005604971,25.11964605659559,-31.782959650627067,3.202452428,1.616190945,,,,87.9,2557,7.2,824691,620443,668901,543760,666182,596019,502054,673357,621438,53.31,,,,,,,,68,1,Changeup,1,1,1,1,1,1,1,1,Standard,Standard,269,0,0.028,,,,,-0.028,,0,0,0.61,0.61,31,24,32,24,1,3,4,1,2,1,3.07,1.7,-1.7,16.1,,,,,
FF,2026-04-19,93.4,-1.99,5.54,"Williams, Devin",608348,642207,strikeout,swinging_strike,,,,,2,Carson Kelly strikes out swinging.,R,R,R,CHC,NYM,S,2,,1,2,2026,-0.53,1.4,0.04798360294463877,3.12496580986745,,624424,,1,9,Bot,,,,,,,6.472480272974866,-135.8722325352906,-3.463839031327973,-7.966385157273121,30.950302831661215,-14.277633122201356,3.257742782,1.644094488,,,,95,2258,7.3,824691,620443,668901,543760,666182,596019,502054,673357,621438,53.19,,0,0,1,0,0,,67,4,4-Seam Fastball,1,1,1,1,1,1,1,1,Standard,Standard,212,-0.065,-0.198,72.0,6.4,0.539215824,,0.198,,0,0,0.675,0.675,31,31,32,32,1,3,4,1,2,2,1.22,0.53,0.53,30.5,5.31180623502545,6.417470178542121,29.479943891107418,38.29633651710625,22.734615516068892
CH,2026-04-19,86.1,-2.37,5.08,"Williams, Devin",608348,642207,,foul,,,,,7,,R,R,R,CHC,NYM,S,,,1,1,2026,-1.7,-0.04,-0.36964457680359875,1.7512527803825093,,624424,,1,9,Bot,,,,,,,8.324094641957029,-124.9132202583937,-1.2144345626178965,-19.584068289679248,29.94080275187844,-32.50537575005226,3.257742782,1.644094488,,,,86.4,2613,7.1,824691,620443,668901,543760,666182,596019,502054,673357,621438,53.41,,,,,,,,67,3,Changeup,1,1,1,1,1,1,1,1,Standard,Standard,274,-0.023,-0.078,75.3,7.6,,,0.078,,0,0,0.698,0.698,31,31,32,32,1,3,4,1,2,2,3.18,1.7,1.7,14.4,22.534684477179216,-18.567185678778483,34.477454944154765,33.446002762466016,40.07074102717539
CH,2026-04-19,86.9,-2.24,5.21,"Williams, Devin",608348,642207,,blocked_ball,,,,,14,,R,R,R,CHC,NYM,B,,,0,1,2026,-1.68,0.16,1.5247790117989628,-0.09459366239983602,,624424,,1,9,Bot,,,,,,,12.55050814701536,-125.70253400478535,-6.480666069051767,-20.521146959839598,29.957869851597653,-29.12849500892856,3.257742782,1.644094488,,,,87.2,2568,7.2,824691,620443,668901,543760,666182,596019,502054,673357,621438,53.29,,,,,,,,67,2,Changeup,1,1,1,1,1,1,1,1,Standard,Standard,270,0.009,0.04,,,,,-0.04,,0,0,0.689,0.689,31,31,32,32,1,3,4,1,2,2,2.94,1.68,1.68,16.0,,,,,
FF,2026-04-19,94.4,-2.13,5.35,"Williams, Devin",608348,642207,,called_strike,,,,,9,,R,R,R,CHC,NYM,S,,,0,0,2026,-1.11,1.19,0.6816445032756593,1.835597916540631,,624424,,1,9,Bot,,,,,,,9.905875410872575,-136.82968911940193,-5.864470883956763,-16.31623263785679,36.4528334202506,-16.117869445380617,3.257742782,1.644094488,,,,95.1,2329,7.4,824691,620443,668901,543760,666182,596019,502054,673357,621438,53.09,,,,,,,,67,1,4-Seam Fastball,1,1,1,1,1,1,1,1,Standard,Standard,223,-0.014,-0.049,,,,,0.049,,0,0,0.703,0.703,31,31,32,32,1,3,4,1,2,2,1.44,1.11,1.11,26.7,,,,,
FF,2026-04-19,94.1,-2.19,5.41,"Williams, Devin",624424,642207,double,hit_into_play,,,,,5,Michael Conforto doubles (3) on a line drive to right fielder Tyrone Taylor. Scott Kingery scores.,R,L,R,CHC,NYM,X,9,line_drive,0,0,2026,-1.12,1.41,-0.12999511340063097,2.400436009261097,,,664068,1,9,Bot,197.42,126.85,,,,,7.960670731864487,-136.63024536100713,-5.036232424997814,-15.952858903012803,35.2701251201986,-13.708233963846757,3.181389436,1.605561024,271,94.9,21,95,2331,7.3,824691,620443,668901,543760,666182,596019,502054,673357,621438,53.16,0.226,0.278,1.25,1,1,1,3,66,1,4-Seam Fastball,0,1,0,1,1,1,1,1,Infield shade,Standard,223,0.489,0.796,79.9,7.9,,0.444,-0.796,94.9,-1,-1,0.214,0.214,31,33,32,33,1,0,4,5,2,1,1.22,1.12,-1.12,25.3,17.15892938893003,-12.127212368372051,30.68348622330196,43.83799583203519,38.04509975838984
FF,2026-04-19,94.1,-1.98,5.34,"Williams, Devin",673548,642207,strikeout,swinging_strike,,,,,12,Seiya Suzuki strikes out swinging.,R,R,R,CHC,NYM,S,2,,0,2,2026,-0.9,1.49,1.0059370367804559,3.4007766399746155,,,664068,0,9,Bot,,,,,,,9.883384317479134,-136.56406151020755,-2.472095317292059,-13.593400702214318,33.51190808479542,-13.264608342438711,3.177878937,1.60378937,,,,95.5,2452,7.5,824691,620443,668901,543760,666182,596019,502054,673357,621438,52.99,,0,0,1,0,0,,65,3,4-Seam Fastball,0,1,0,1,1,0,0,1,Standard,Standard,221,-0.075,-0.164,65.7,6.7,0.352072512,,0.164,,-1,-1,0.289,0.289,31,31,32,32,1,3,4,1,2,1,1.12,0.9,0.9,27.7,2.8558569100341558,18.49417855201975,22.14744794199391,49.835996682246744,15.746340060098817
FF,2026-04-19,94.3,-2.21,5.35,"Williams, Devin",673548,642207,,called_strike,,,,,3,,R,R,R,CHC,NYM,S,,,0,1,2026,-0.8,1.27,0.4242576847408325,3.298120188041411,,,664068,0,9,Bot,,,,,,,8.742078576510924,-137.03254917308743,-2.2959988158680438,-12.097576219240224,33.100187595169096,-15.991920778524168,3.177878937,1.60378937,,,,95.7,2380,7.4,824691,620443,668901,543760,666182,596019,502054,673357,621438,53.11,,,,,,,,65,2,4-Seam Fastball,0,1,0,1,1,0,0,1,Standard,Standard,225,-0.031,-0.049,,,,,0.049,,-1,-1,0.32,0.32,31,31,32,32,1,3,4,1,2,1,1.32,0.8,0.8,25.8,,,,,
FF,2026-04-19,93.7,-2.33,5.33,"Williams, Devin",673548,642207,,foul,,,,,5,,R,R,R,CHC,NYM,S,,,0,0,2026,-0.67,1.14,-0.15276968473086605,2.4820432804094352,,,664068,0,9,Bot,,,,,,,7.2151297804095496,-136.22904016841707,-4.057178884040886,-9.938106656478455,29.24971788095251,-17.288337421742778,3.177878937,1.60378937,181,66.7,57,95.7,2281,7.4,824691,620443,668901,543760,666182,596019,502054,673357,621438,53.07,,,,,,,,65,1,4-Seam Fastball,0,1,0,1,1,0,0,1,Standard,Standard,221,-0.019,-0.043,72.0,6.8,,,0.043,88.0,-1,-1,0.339,0.339,31,31,32,32,1,3,4,1,2,1,1.46,0.67,0.67,25.5,-4.468770317951915,3.1460043120204664,33.344401799861316,35.99774981013259,26.138804828358616
CH,2026-04-19,85.8,-2.35,5.19,"Williams, Devin",664023,642207,single,hit_into_play,,,,,13,Ian Happ singles on a ground ball to left fielder Tommy Pham.,R,L,R,CHC,NYM,X,7,ground_ball,1,2,2026,-1.74,0.14,-0.07671614451778863,1.066455009421718,,,,0,9,Bot,100.79,115.58,,,,,8.991870666920715,-124.49870486305961,-3.4617901455773796,-19.92286126736471,28.737737284017552,-30.112581632183485,3.136630577,1.582972441,72,97.9,3,86.3,2598,7.1,824691,620443,668901,543760,666182,596019,502054,673357,621438,53.42,0.469,0.422,0.9,1,1,0,4,64,4,Changeup,0,1,0,1,1,0,0,1,Infield shade,Standard,270,0.162,0.535,70.3,6.4,,0.5,-0.535,97.9,-1,-1,0.177,0.177,31,31,32,32,1,3,4,1,2,1,3.01,1.74,-1.74,13.1,-5.47979936897399,7.904878700607639,42.477411984071495,37.86626132978177,26.78585915804143
CH,2026-04-19,86.4,-2.22,5.11,"Williams, Devin",664023,642207,,called_strike,,,,,9,,R,L,R,CHC,NYM,S,,,1,1,2026,-1.89,0.14,0.6440268993944245,1.6294897516452025,,,,0,9,Bot,,,,,,,10.797029631799226,-125.33128626214953,-2.0399180241466794,-22.1343763020396,28.298431632015625,-30.4799321742023,3.136630577,1.582972441,,,,87.2,2423,7.2,824691,620443,668901,543760,666182,596019,502054,673357,621438,53.28,,,,,,,,64,3,Changeup,0,1,0,1,1,0,0,1,Infield shade,Standard,270,-0.023,-0.062,,,,,0.062,,-1,-1,0.2,0.2,31,31,32,32,1,3,4,1,2,1,2.96,1.89,-1.89,13.8,,,,,
FF,2026-04-19,93.3,-2.26,5.28,"Williams, Devin",664023,642207,,called_strike,,,,,3,,R,L,R,CHC,NYM,S,,,1,0,2026,-1,1.47,0.6062099767054161,2.7710884956630513,,,,0,9,Bot,,,,,,,9.698670212479847,-135.53472179355504,-3.8413185103740055,-14.491199614954096,30.32469944039778,-13.359435212956765,3.136630577,1.582972441,,,,94.9,2362,7.3,824691,620443,668901,543760,666182,596019,502054,673357,621438,53.15,,,,,,,,64,2,4-Seam Fastball,0,1,0,1,1,0,0,1,Infield shade,Standard,227,-0.017,-0.058,,,,,0.058,,-1,-1,0.217,0.217,31,31,32,32,1,3,4,1,2,1,1.16,1,-1,24.6,,,,,
FF,2026-04-19,95.6,-2.34,5.32,"Williams, Devin",664023,642207,,ball,,,,,14,,R,L,R,CHC,NYM,B,,,0,0,2026,-0.97,1.2,0.8447172115093702,1.5451653662276232,,,,0,9,Bot,,,,,,,10.714462937363873,-138.84878423768984,-7.049141233264239,-14.74114409235677,27.63934669994136,-15.227701953913712,3.136630577,1.582972441,,,,98,2432,7.5,824691,620443,668901,543760,666182,596019,502054,673357,621438,52.98,,,,,,,,64,1,4-Seam Fastball,0,1,0,1,1,0,0,1,Infield shade,Standard,224,0.013,0.046,,,,,-0.046,,-1,-1,0.204,0.204,31,31,32,32,1,3,4,1,2,1,1.28,0.97,-0.97,25.7,,,,,
CH,2026-04-15,86.1,-2.49,5.17,"Williams, Devin",808975,642207,strikeout,swinging_strike_blocked,,,,,14,Hyeseong Kim strikes out swinging.,R,L,R,LAD,NYM,S,2,,1,2,2026,-1.82,-0.12,0.09649030262525304,1.284346226823395,,,,0,8,Bot,,,,,,,10.00083571472277,-124.85437079285882,-2.3852538154851497,-21.108376331205566,28.23120338767038,-33.14771227440694,3.124343832,1.576771654,,,,87.1,2532,7.4,823963,682626,683146,543760,666182,596019,502054,673357,701807,53.1,,0,0,1,0,0,,64,4,Changeup,7,1,7,1,1,7,7,1,Infield shade,Standard,271,0,-0.19,57.4,8.4,0.243704196,,0.19,,6,6,0.998,0.998,31,27,32,27,1,3,8,1,4,2,3.25,1.82,-1.82,15.4,27.712648771171327,-26.93669804285225,45.36753712165413,31.505653373458905,41.389234513657925
FF,2026-04-15,93.5,-2.49,5.32,"Williams, Devin",808975,642207,,ball,,,,,6,,R,L,R,LAD,NYM,B,,,0,2,2026,-0.99,1.14,0.7045863528459864,2.645659437981977,,,,0,8,Bot,,,,,,,10.537052732525913,-135.6662629115761,-3.5247480724124576,-14.525794594894624,30.4864061612717,-17.494939907690014,3.124343832,1.576771654,,,,95,2266,7.4,823963,682626,683146,543760,666182,596019,502054,673357,701807,53.13,,,,,,,,64,3,4-Seam Fastball,7,1,7,1,1,7,7,1,Infield shade,Standard,232,0,0.023,,,,,-0.023,,6,6,0.998,0.998,31,27,32,27,1,3,8,1,4,2,1.49,0.99,-0.99,22.7,,,,,
FF,2026-04-15,93.8,-2.47,5.23,"Williams, Devin",808975,642207,,foul,,,,,5,,R,L,R,LAD,NYM,S,,,0,1,2026,-0.9,1.36,-0.12059812062560926,2.461516665219372,,,,0,8,Bot,,,,,,,8.189176940924572,-136.3251824114941,-4.351043569200944,-13.068092021788084,29.85241397398734,-14.436731481389256,3.124343832,1.576771654,183,84,68,95.5,2286,7.4,823963,682626,683146,543760,666182,596019,502054,673357,701807,53.15,,,,,,,,64,2,4-Seam Fastball,7,1,7,1,1,7,7,1,Infield shade,Standard,225,0,-0.055,68.1,7.6,,,0.055,88.0,6,6,0.998,0.998,31,27,32,27,1,3,8,1,4,2,1.24,0.9,-0.9,21.3,11.445567401100757,-3.0309781902310675,41.773351800800775,35.045967205243485,29.44550595979091
FF,2026-04-15,94.5,-2.39,5.37,"Williams, Devin",808975,642207,,called_strike,,,,,2,,R,L,R,LAD,NYM,S,,,0,0,2026,-1.08,1.37,-0.10246961209879268,2.837095153284234,,,,0,8,Bot,,,,,,,8.482703671825242,-137.32901808492636,-3.8744881318781688,-15.525573830314663,30.345040203052786,-14.173103094503439,3.124343832,1.576771654,,,,96.2,2347,7.3,823963,682626,683146,543760,666182,596019,502054,673357,701807,53.17,,,,,,,,64,1,4-Seam Fastball,7,1,7,1,1,7,7,1,Infield shade,Standard,226,0,-0.043,,,,,0.043,,6,6,0.998,0.998,31,27,32,27,1,3,8,1,4,2,1.19,1.08,-1.08,22.5,,,,,
CH,2026-04-15,85,-2.53,5.2,"Williams, Devin",687221,642207,home_run,hit_into_play,,,,,2,Dalton Rushing hits a grand slam (4) to center field. Teoscar Hernández scores. Max Muncy scores. Andy Pages scores.,R,L,R,LAD,NYM,X,,fly_ball,0,0,2026,-1.68,0,-0.04869704623401505,2.7393969511914125,606192,571970,681624,0,8,Bot,138.72,32.94,,,,,9.321221550172043,-123.40947137262981,0.8294129139076589,-19.06150946358037,25.496301052350507,-32.64086935134865,3.191920932,1.610875984,412,105.3,33,86.2,2744,7.3,823963,682626,683146,543760,666182,596019,502054,673357,701807,53.23,0.803,1.64,2,1,0,3,6,63,1,Changeup,3,1,3,1,1,7,7,1,Strategic,Standard,269,0.022,0.803,71.6,7.1,,3.176,-0.803,105.3,2,2,0.976,0.976,31,25,32,25,1,3,8,3,4,3,3.18,1.68,-1.68,13.2,16.97792463629655,1.176332974338074,31.805950736303284,34.461955150170795,29.146111597786927
CH,2026-04-15,87,-2.37,5.18,"Williams, Devin",681624,642207,single,hit_into_play,,,,,8,Andy Pages singles on a sharp line drive to center fielder Luis Robert Jr. Teoscar Hernández to 3rd. Max Muncy to 2nd.,R,R,R,LAD,NYM,X,8,line_drive,1,1,2026,-1.88,0.01,-0.12658741613702018,1.8940234349558596,,606192,571970,0,8,Bot,174.36,61.51,,,,,9.386557281576202,-126.28805006939903,-1.4762092333978192,-22.09037131833499,26.17906904935418,-31.9643998312167,3.23667979,1.633464567,360,106.3,20,88.1,2492,7.1,823963,682626,683146,543760,666182,596019,502054,673357,701807,53.37,0.669,0.961,0.9,1,1,0,6,62,3,Changeup,3,1,3,1,1,3,3,1,Standard,Standard,267,0.017,0.497,74.7,8.0,,1.634,-0.497,106.3,2,2,0.959,0.959,31,25,32,26,1,3,8,1,4,2,3.02,1.88,1.88,14.7,9.330742389590286,2.832399466437839,47.66602501539468,35.05464749643254,27.803195463465084
CH,2026-04-15,85.9,-2.38,5.16,"Williams, Devin",681624,642207,,ball,,,,,14,,R,R,R,LAD,NYM,B,,,0,1,2026,-1.79,-0.3,0.2901664179926693,1.1139600765039872,,606192,571970,0,8,Bot,,,,,,,10.109011323192476,-124.62135904505472,-2.4169825385960007,-20.704306152549567,26.472822759776232,-34.95694688865852,3.23667979,1.633464567,,,,87.1,2305,7.4,823963,682626,683146,543760,666182,596019,502054,673357,701807,53.14,,,,,,,,62,2,Changeup,3,1,3,1,1,3,3,1,Standard,Standard,273,0.001,0.05,,,,,-0.05,,2,2,0.958,0.958,31,25,32,26,1,3,8,1,4,2,3.42,1.79,1.79,14.4,,,,,
FF,2026-04-15,92.1,-2.39,5.41,"Williams, Devin",681624,642207,,called_strike,,,,,3,,R,R,R,LAD,NYM,S,,,0,0,2026,-0.98,1.43,0.7359544154464741,2.7750031541295996,,606192,571970,0,8,Bot,,,,,,,10.202051241793875,-133.79509677118367,-3.8806515209936694,-13.963802823259272,28.570886739186733,-14.302876080160738,3.23667979,1.633464567,,,,94,2279,7.5,823963,682626,683146,543760,666182,596019,502054,673357,701807,53.02,,,,,,,,62,1,4-Seam Fastball,3,1,3,1,1,3,3,1,Standard,Standard,230,-0.002,-0.06,,,,,0.06,,2,2,0.96,0.96,31,25,32,26,1,3,8,1,4,2,1.26,0.98,0.98,23.3,,,,,
FF,2026-04-15,93.1,-2.45,5.38,"Williams, Devin",571970,642207,walk,ball,,,,,11,Max Muncy walks. Teoscar Hernández to 2nd.,R,L,R,LAD,NYM,B,,,3,0,2026,-1.03,1.35,-0.0917034742808378,3.6125087550668957,,,606192,0,8,Bot,,,,,,,8.43549914882651,-135.3318384971662,-1.6120454505675264,-14.542043877740973,29.900598825452033,-15.50576628473947,3.127854331,1.578543307,,,,94.6,2316,7.3,823963,682626,683146,543760,666182,596019,502054,673357,701807,53.23,,0.698841,0.7,1,0,0,,61,4,4-Seam Fastball,3,1,3,1,1,3,3,1,Infield shade,Standard,228,0.005,0.141,,,,,-0.141,,2,2,0.955,0.955,31,35,32,36,1,3,8,1,4,2,1.29,1.03,-1.03,23.9,,,,,
CH,2026-04-15,85.2,-2.53,5.2,"Williams, Devin",571970,642207,,ball,,,,,13,,R,L,R,LAD,NYM,B,,,2,0,2026,-1.88,0.09,-1.6007124114542974,2.1737683467194002,,,606192,0,8,Bot,,,,,,,6.108078339746897,-123.94285904679617,-0.7412128646107561,-20.566235655599844,26.285723941778315,-31.317151267623263,3.127854331,1.578543307,,,,86.4,2436,7.2,823963,682626,683146,543760,666182,596019,502054,673357,701807,53.29,,,,,,,,61,3,Changeup,3,1,3,1,1,3,3,1,Infield shade,Standard,269,0.003,0.151,,,,,-0.151,,2,2,0.952,0.952,31,35,32,36,1,3,8,1,4,2,3.07,1.88,-1.88,15.3,,,,,
FF,2026-04-15,94.7,-2.28,5.36,"Williams, Devin",571970,642207,,ball,,,,,11,,R,L,R,LAD,NYM,B,,,1,0,2026,-0.87,1.56,-0.2653115088917698,3.9063021873615322,,,606192,0,8,Bot,,,,,,,7.320960591600021,-137.64874213966218,-1.5140366938575271,-12.750885326632067,31.825951706577964,-12.235413578905733,3.127854331,1.578543307,,,,96.4,2288,7.4,823963,682626,683146,543760,666182,596019,502054,673357,701807,53.11,,,,,,,,61,2,4-Seam Fastball,3,1,3,1,1,3,3,1,Infield shade,Standard,225,0.003,0.078,,,,,-0.078,,2,2,0.949,0.949,31,35,32,36,1,3,8,1,4,2,0.99,0.87,-0.87,22.7,,,,,
FF,2026-04-15,93.7,-2.55,5.3,"Williams, Devin",571970,642207,,ball,,,,,11,,R,L,R,LAD,NYM,B,,,0,0,2026,-1.07,1.38,-1.2293289055519712,4.833135495803558,,,606192,0,8,Bot,,,,,,,5.878543941992579,-136.38557004218686,1.5977450992246331,-14.722261648328082,31.342876667655183,-15.640522923823445,3.127854331,1.578543307,,,,95,2304,7.2,823963,682626,683146,543760,666182,596019,502054,673357,701807,53.35,,,,,,,,61,1,4-Seam Fastball,3,1,3,1,1,3,3,1,Infield shade,Standard,231,0.001,0.038,,,,,-0.038,,2,2,0.948,0.948,31,35,32,36,1,3,8,1,4,2,1.23,1.07,-1.07,21.9,,,,,
CH,2026-04-15,84.9,-2.43,5.18,"Williams, Devin",606192,642207,single,hit_into_play,,,,,9,Teoscar Hernández singles on a ground ball to shortstop Francisco Lindor.,R,R,R,LAD,NYM,X,6,ground_ball,3,2,2026,-1.9,-0.05,0.7764296130096295,1.7319147824440937,,,,0,8,Bot,108.42,138.74,,,,,11.439211320635193,-122.91753725688723,-1.2431984197640844,-21.654682191918642,28.033200667842394,-32.654826697018656,3.199819554,1.614862205,5,74.7,-18,85.4,2458,7.2,823963,682626,683146,543760,666182,596019,502054,673357,701807,53.3,0.072,0.072,0.9,1,1,0,2,60,7,Changeup,3,1,3,1,1,3,3,1,Standard,Standard,273,0.009,0.37,65.4,8.6,,0.081,-0.37,88.0,2,2,0.939,0.939,31,33,32,34,1,3,8,1,4,2,3.29,1.9,1.9,14.7,21.90152691729806,7.260283927656734,32.13116173020981,48.78322384284434,29.865309723060474
CH,2026-04-15,85.8,-2.49,5.25,"Williams, Devin",606192,642207,,foul,,,,,4,,R,R,R,LAD,NYM,S,,,3,2,2026,-1.83,0.16,-0.35588783718716055,2.5723971937057613,,,,0,8,Bot,,,,,,,8.927277770333998,-124.63426865194411,-0.1189808643565411,-20.856774264094796,26.802551691951134,-30.77503571448896,3.199819554,1.614862205,,,,87.2,2288,7.5,823963,682626,683146,543760,666182,596019,502054,673357,701807,53.05,,,,,,,,60,6,Changeup,3,1,3,1,1,3,3,1,Standard,Standard,267,0,0,77.4,8.4,,,0,,2,2,0.939,0.939,31,33,32,34,1,3,8,1,4,2,2.97,1.83,1.83,14.8,22.517839380949166,-17.56677255771437,29.764308120525293,34.48240212160103,40.88921970927852
CH,2026-04-15,87.5,-2.41,5.26,"Williams, Devin",606192,642207,,ball,,,,,14,,R,R,R,LAD,NYM,B,,,2,2,2026,-1.79,-0.06,0.9368379419897084,1.3092396565908588,,,,0,8,Bot,,,,,,,11.912967384788436,-126.79696721393665,-2.983241451424059,-21.75741375042392,27.3553651424849,-32.392323204957115,3.199819554,1.614862205,,,,88.7,2378,7.4,823963,682626,683146,543760,666182,596019,502054,673357,701807,53.14,,,,,,,,60,5,Changeup,3,1,3,1,1,3,3,1,Standard,Standard,265,0.002,0.117,,,,,-0.117,,2,2,0.937,0.937,31,33,32,34,1,3,8,1,4,2,3.08,1.79,1.79,16.3,,,,,
FF,2026-04-15,94.1,-2.25,5.36,"Williams, Devin",606192,642207,,ball,,,,,12,,R,R,R,LAD,NYM,B,,,1,2,2026,-1.19,1.33,1.8455714226518025,2.9493611530852677,,,,0,8,Bot,,,,,,,13.465039231250133,-136.3656783702663,-3.370634892268152,-17.84980914330421,30.278370229939235,-15.027569393027456,3.199819554,1.614862205,,,,95.9,2356,7.6,823963,682626,683146,543760,666182,596019,502054,673357,701807,52.91,,,,,,,,60,4,4-Seam Fastball,3,1,3,1,1,3,3,1,Standard,Standard,229,0.001,0.048,,,,,-0.048,,2,2,0.936,0.936,31,33,32,34,1,3,8,1,4,2,1.27,1.19,1.19,25.1,,,,,
FF,2026-04-15,95,-2.29,5.34,"Williams, Devin",606192,642207,,called_strike,,,,,3,,R,R,R,LAD,NYM,S,,,1,1,2026,-1.2,1.33,0.6419270555316969,2.9411461157882717,,,,0,8,Bot,,,,,,,10.497957529331241,-137.89411066718296,-3.483238893420603,-17.674082545563294,31.926930308922536,-14.583168822042829,3.199819554,1.614862205,,,,96.4,2351,7.3,823963,682626,683146,543760,666182,596019,502054,673357,701807,53.21,,,,,,,,60,3,4-Seam Fastball,3,1,3,1,1,3,3,1,Standard,Standard,232,-0.002,-0.062,,,,,0.062,,2,2,0.938,0.938,31,33,32,34,1,3,8,1,4,2,1.21,1.2,1.2,24.9,,,,,
CH,2026-04-15,85.3,-2.39,5.18,"Williams, Devin",606192,642207,,ball,,,,,14,,R,R,R,LAD,NYM,B,,,0,1,2026,-1.67,-0.18,0.6793094751191888,0.7687581298922872,,,,0,8,Bot,,,,,,,10.674039377496557,-123.6290698839704,-3.3584508039756304,-19.374430448771502,27.479759097221656,-33.46990604113277,3.199819554,1.614862205,,,,85.7,2628,7.1,823963,682626,683146,543760,666182,596019,502054,673357,701807,53.44,,,,,,,,60,2,Changeup,3,1,3,1,1,3,3,1,Standard,Standard,269,0.001,0.031,,,,,-0.031,,2,2,0.937,0.937,31,33,32,34,1,3,8,1,4,2,3.37,1.67,1.67,13.4,,,,,
CH,2026-04-15,83.9,-2.49,5.18,"Williams, Devin",606192,642207,,called_strike,,,,,9,,R,R,R,LAD,NYM,S,,,0,0,2026,-1.61,-0.28,0.3058615424638922,1.8128635234915187,,,,0,8,Bot,,,,,,,9.794699023862096,-121.6546966785829,-0.45219945368876235,-18.00016258368541,27.231720081359533,-35.040850009274926,3.199819554,1.614862205,,,,84.8,2472,7.4,823963,682626,683146,543760,666182,596019,502054,673357,701807,53.1,,,,,,,,60,1,Changeup,3,1,3,1,1,3,3,1,Standard,Standard,270,-0.001,-0.043,,,,,0.043,,2,2,0.938,0.938,31,33,32,34,1,3,8,1,4,2,3.58,1.61,1.61,13.7,,,,,
FF,2026-04-07,93.8,-2.56,5.18,"Williams, Devin",680728,642207,strikeout,swinging_strike,,,,,1,Adrian Del Castillo strikes out swinging.,R,L,R,NYM,AZ,S,2,,0,2,2026,-1.18,1.48,-0.7863756115384468,2.821528623949671,,606466,672515,2,9,Top,,,,,,,7.364600117430247,-136.08326675357912,-3.395804797988751,-16.46341912805498,39.405448473410225,-13.466121392422155,3.090994095,1.559940945,,,,94.6,2526,7.6,823648,682626,676724,543760,666182,596019,701807,673357,683146,52.85,,0,0,1,0,0,,75,3,4-Seam Fastball,3,3,3,3,3,3,3,3,Standard,Standard,230,0.07,-0.201,72.5,6.4,0.52138746,,0.201,,0,0,0.569,0.43100000000000005,31,26,32,27,1,4,2,3,8,2,1.19,1.18,-1.18,17.8,3.1339782790736956,12.039075233643961,28.055533825457704,43.862219386669494,27.15615456873318
FF,2026-04-07,93.4,-2.64,5.08,"Williams, Devin",680728,642207,,swinging_strike,,,,,5,,R,L,R,NYM,AZ,S,,,0,1,2026,-1.47,1.28,-0.1573163569985494,2.448615473328633,,606466,672515,2,9,Top,,,,,,,9.8413793659078,-135.288282116597,-3.510773498222583,-20.485709487123632,40.40430777322202,-16.133906813281342,3.090994095,1.559940945,,,,93.8,2349,7.6,823648,682626,676724,543760,666182,596019,701807,673357,683146,52.87,,,,,,,,75,2,4-Seam Fastball,3,3,3,3,3,3,3,3,Standard,Standard,240,0.029,-0.053,77.3,6.6,1.020400548,,0.053,,0,0,0.54,0.45999999999999996,31,26,32,27,1,4,2,3,8,2,1.44,1.47,-1.47,14.4,10.688342157734052,4.53892357845052,31.484085879968546,36.72102913006087,35.80195939632376
FF,2026-04-07,92.3,-2.53,5.23,"Williams, Devin",680728,642207,,called_strike,,,,,1,,R,L,R,NYM,AZ,S,,,0,0,2026,-0.95,1.5,-0.3065183733089163,2.7803987747258487,,606466,672515,2,9,Top,,,,,,,7.865382611341207,-133.89275616262896,-3.3856890015745145,-13.39208445683715,39.10376262238227,-13.837333717722176,3.090994095,1.559940945,,,,92.9,2335,7.6,823648,682626,676724,543760,666182,596019,701807,673357,683146,52.85,,,,,,,,75,1,4-Seam Fastball,3,3,3,3,3,3,3,3,Standard,Standard,233,0.018,-0.031,,,,,0.031,,0,0,0.522,0.478,31,26,32,27,1,4,2,3,8,2,1.27,0.95,-0.95,20.8,,,,,
CH,2026-04-07,84.7,-2.51,5.09,"Williams, Devin",672515,642207,single,hit_into_play,,,,,13,Gabriel Moreno singles on a line drive to left fielder Carson Benge. Ketel Marte to 2nd.,R,R,R,NYM,AZ,X,7,line_drive,1,2,2026,-1.95,0.22,-0.12139088455186253,0.48524593005286976,,,606466,2,9,Top,86.2,104.1,,,,,9.636360588583731,-122.60353316786298,-4.3815805556823335,-21.738076796588356,32.31389230173017,-29.086442723403927,3.071686352,1.55019685,205,85.5,12,84.7,2560,7.3,823648,682626,676724,543760,666182,596019,701807,673357,683146,53.16,0.611,0.581,0.9,1,1,0,4,74,4,Changeup,3,3,3,3,3,3,3,3,Standard,Standard,269,-0.071,0.421,61.9,7.9,,0.707,-0.421,88.0,0,0,0.593,0.40700000000000003,31,26,32,26,1,4,2,2,8,1,3.08,1.95,1.95,10.8,15.048841108423725,0.36492904750178956,44.61055611499658,33.382769390869406,42.33514894764148
CH,2026-04-07,86.2,-2.48,5.13,"Williams, Devin",672515,642207,,called_strike,,,,,6,,R,R,R,NYM,AZ,S,,,1,1,2026,-1.87,0.43,0.3907710292161668,2.5568388350205438,,,606466,2,9,Top,,,,,,,10.78544714995186,-124.65273257664259,-0.2188559476965951,-22.00277364992601,35.81454795343044,-28.10605370175765,3.071686352,1.55019685,,,,85.7,2513,7.3,823648,682626,676724,543760,666182,596019,701807,673357,683146,53.2,,,,,,,,74,3,Changeup,3,3,3,3,3,3,3,3,Standard,Standard,270,0.016,-0.068,,,,,0.068,,0,0,0.577,0.42300000000000004,31,26,32,26,1,4,2,2,8,1,2.79,1.87,1.87,12.6,,,,,
CH,2026-04-07,85.3,-2.41,5.23,"Williams, Devin",672515,642207,,foul,,,,,13,,R,R,R,NYM,AZ,S,,,1,0,2026,-2.22,-0.14,-1.1392503458107268,1.680957997788262,,,606466,2,9,Top,,,,,,,7.670496027280266,-123.68314244783403,-1.1770492515633955,-24.230659966875745,36.285294692059466,-33.57005509709294,3.071686352,1.55019685,14,92.3,-8,85,2374,7.4,823648,682626,676724,543760,666182,596019,701807,673357,683146,53.1,,,,,,,,74,2,Changeup,3,3,3,3,3,3,3,3,Standard,Standard,271,0.008,-0.051,71.9,8.0,,,0.051,92.3,0,0,0.569,0.43100000000000005,31,26,32,26,1,4,2,2,8,1,3.43,2.22,2.22,13.3,20.45919145050784,-27.195864140080094,35.3008426368839,22.95860698311765,50.36609479304454
FF,2026-04-07,93.1,-2.45,5.26,"Williams, Devin",672515,642207,,ball,,,,,12,,R,R,R,NYM,AZ,B,,,0,0,2026,-1.17,1.6,1.9183431927369208,2.4182610228489363,,,606466,2,9,Top,,,,,,,14.017838688986535,-134.62880135320984,-4.868948535016899,-17.60018863735307,33.80550654684059,-11.78745910109934,3.071686352,1.55019685,,,,94.5,2230,7.8,823648,682626,676724,543760,666182,596019,701807,673357,683146,52.69,,,,,,,,74,1,4-Seam Fastball,3,3,3,3,3,3,3,3,Standard,Standard,230,-0.005,0.039,,,,,-0.039,,0,0,0.574,0.42600000000000005,31,26,32,26,1,4,2,2,8,1,1.09,1.17,1.17,22.7,,,,,
CH,2026-04-07,85.5,-2.45,5.18,"Williams, Devin",672695,642207,field_out,hit_into_play,,,,,7,Geraldo Perdomo flies out to right fielder Brett Baty.,R,L,R,NYM,AZ,X,9,fly_ball,0,1,2026,-2.15,0.15,-0.6080973649656851,2.157325563081205,,,606466,1,9,Top,178.5,70.46,,,,,8.865088826789304,-123.96367291775502,-0.6792345367672179,-24.000330256111713,33.24377604927026,-30.746068517472324,3.31742126,1.674212598,342,91.2,32,85.5,2542,7.3,823648,682626,676724,543760,666182,596019,701807,673357,683146,53.2,0.077,0.126,0,1,0,0,3,73,2,Changeup,3,3,3,3,3,3,3,3,Infield shade,Standard,269,0.063,-0.22,69.2,7.5,,0.218,0.22,91.2,0,0,0.511,0.489,31,26,32,27,1,4,2,2,8,1,3.08,2.15,-2.15,12.6,19.003949901012984,-6.182824497359554,32.42317009272727,39.312157962949556,32.15355464084872
FF,2026-04-07,93.1,-2.43,5.35,"Williams, Devin",672695,642207,,foul,,,,,5,,R,L,R,NYM,AZ,S,,,0,0,2026,-1.09,1.43,0.09456402035470024,2.8004620055919722,,,606466,1,9,Top,,,,,,,9.033040764862157,-135.05495745921107,-3.6913690068708584,-15.532955708075098,36.67049300639714,-14.195320667672947,3.31742126,1.674212598,178,74.5,60,94,2303,7.5,823648,682626,676724,543760,666182,596019,701807,673357,683146,52.96,,,,,,,,73,1,4-Seam Fastball,3,3,3,3,3,3,3,3,Infield shade,Standard,223,0.011,-0.041,61.8,6.4,,,0.041,88.0,0,0,0.5,0.5,31,26,32,27,1,4,2,2,8,1,1.27,1.09,-1.09,25.2,8.056562307509763,2.0914440880111775,37.8775093713937,32.16603980288278,19.998446812034743
FF,2026-04-07,93.9,-2.35,5.28,"Williams, Devin",682998,642207,strikeout,swinging_strike,,,,,3,Corbin Carroll strikes out swinging.,R,L,R,NYM,AZ,S,2,,0,2,2026,-1.06,1.69,0.33294703537005277,2.88614427669484,,,606466,0,9,Top,,,,,,,9.486215548822456,-136.09485216726833,-3.9936989699262306,-15.56364250214741,38.68472003143879,-10.73318786192978,3.10328084,1.566141732,,,,94.8,2451,7.7,823648,682626,676724,543760,666182,596019,701807,673357,683146,52.77,,0,0,1,0,0,,72,3,4-Seam Fastball,3,3,3,3,3,3,3,3,Standard,Standard,232,0.049,-0.164,77.4,7.4,0.49820904,,0.164,,0,0,0.451,0.5489999999999999,31,25,32,26,1,4,2,2,8,1,0.98,1.06,-1.06,21.1,15.675043537127534,1.24766952389187,24.80390837618697,36.93858865431676,28.696090276677232
CH,2026-04-07,83.7,-2.36,5.18,"Williams, Devin",682998,642207,,foul,,,,,13,,R,L,R,NYM,AZ,S,,,0,1,2026,-2.25,-0.35,-0.9880209390386341,1.7367502500540306,,,606466,0,9,Top,,,,,,,7.780676766826887,-121.4377282541683,-0.3229334247030873,-23.687221334614804,31.913768991364677,-35.71160654128653,3.10328084,1.566141732,,,,83.7,2640,7.2,823648,682626,676724,543760,666182,596019,701807,673357,683146,53.28,,,,,,,,72,2,Changeup,3,3,3,3,3,3,3,3,Standard,Standard,277,0.02,-0.049,74.9,8.0,,,0.049,,0,0,0.431,0.569,31,25,32,26,1,4,2,2,8,1,3.71,2.25,-2.25,11.8,13.415374735811662,0.19743252249060148,20.93338029613018,52.42166311567322,36.89727603620503
CH,2026-04-07,83.6,-2.51,5.13,"Williams, Devin",682998,642207,,foul_tip,,,,,11,,R,L,R,NYM,AZ,S,,,0,0,2026,-1.59,-0.19,-1.0802612688906488,2.5330199061355514,,,606466,0,9,Top,,,,,,,6.584978682080831,-121.40641390576114,1.2612572582996318,-17.06633674614627,29.57836471246724,-34.65119208821346,3.10328084,1.566141732,,,,84.3,2265,7.4,823648,682626,676724,543760,666182,596019,701807,673357,683146,53.09,,,,,,,,72,1,Changeup,3,3,3,3,3,3,3,3,Infield shade,Standard,282,0.012,-0.043,71.1,7.7,,,0.043,,0,0,0.419,0.581,31,25,32,26,1,4,2,2,8,1,3.54,1.59,-1.59,12.4,15.805975708534849,10.616150927502149,21.518908575583076,53.880832691381514,31.691058614004103
CH,2026-04-07,84.8,-2.64,5.14,"Williams, Devin",606466,642207,single,hit_into_play,,,,,7,Ketel Marte singles on a fly ball to right fielder Brett Baty.,R,L,R,NYM,AZ,X,9,fly_ball,1,2,2026,-2.2,-0.04,-0.45564161307484596,1.5497164889692483,,,,0,9,Top,152.68,109.38,,,,,9.683749135533196,-122.88210320887136,-1.5285384551894932,-24.301350255666843,30.733740199100232,-32.474338397139825,3.218249672,1.624163386,224,68.1,32,85,2377,7.3,823648,682626,676724,543760,666182,596019,701807,673357,683146,53.25,0.931,0.848,0.9,1,1,0,4,71,4,Changeup,3,3,3,3,3,3,3,3,Standard,Standard,272,-0.098,0.535,72.0,8.5,,0.972,-0.535,88.0,0,0,0.517,0.483,31,32,32,33,1,4,2,2,8,1,3.31,2.2,-2.2,11.4,16.018586245993767,-27.122262546132944,33.123401632768484,34.93488794230905,52.55622966441888
CH,2026-04-07,84.3,-2.57,5.15,"Williams, Devin",606466,642207,,ball,,,,,13,,R,L,R,NYM,AZ,B,,,0,2,2026,-2.09,0.05,-0.09334812630339329,0.9978838076045751,,,,0,9,Top,,,,,,,10.065023335214482,-122.02872976455319,-2.843052048042847,-23.014402614679483,32.65224469179837,-31.196804015504657,3.218249672,1.624163386,,,,84,2537,7.2,823648,682626,676724,543760,666182,596019,701807,673357,683146,53.27,,,,,,,,71,3,Changeup,3,3,3,3,3,3,3,3,Standard,Standard,269,-0.006,0.023,,,,,-0.023,,0,0,0.523,0.477,31,32,32,33,1,4,2,2,8,1,3.29,2.09,-2.09,11.3,,,,,
FF,2026-04-07,94.7,-2.5,5.32,"Williams, Devin",606466,642207,,foul,,,,,3,,R,L,R,NYM,AZ,S,,,0,1,2026,-1.18,1.65,0.3720187664800556,3.1219428276953107,,,,0,9,Top,,,,,,,10.316369702817669,-137.07748661951484,-3.417882668366362,-17.6103382319347,43.09039209981859,-11.218565339718875,3.218249672,1.624163386,228,70.4,37,94.8,2311,7.6,823648,682626,676724,543760,666182,596019,701807,673357,683146,52.85,,,,,,,,71,2,4-Seam Fastball,3,3,3,3,3,3,3,3,Standard,Standard,227,0.014,-0.055,70.9,6.7,,,0.055,88.0,0,0,0.509,0.491,31,32,32,33,1,4,2,2,8,1,1.01,1.18,-1.18,22.2,12.357557189160858,-2.359331679010499,32.0849695303269,24.84163559741709,31.403219107623254
CH,2026-04-07,83.1,-2.58,5.22,"Williams, Devin",606466,642207,,foul,,,,,13,,R,L,R,NYM,AZ,S,,,0,0,2026,-1.75,-0.32,-0.9657974196449843,2.1590618652203712,,,,0,9,Top,,,,,,,7.252450066703517,-120.4042619947747,0.6819555417860674,-18.510706008379195,33.83435279027248,-35.654526991024326,3.218249672,1.624163386,199,76.9,54,82.4,2485,7.1,823648,682626,676724,543760,666182,596019,701807,673357,683146,53.41,,,,,,,,71,1,Changeup,3,3,3,3,3,3,3,3,Standard,Standard,276,0.009,-0.043,68.7,7.5,,,0.043,88.0,0,0,0.5,0.5,31,32,32,33,1,4,2,2,8,1,3.77,1.75,-1.75,13.0,9.924484134390141,13.919895741254553,29.17518815381743,40.527432905760186,27.005464806834947
FF,2026-04-05,93.2,-2.31,5.43,"Williams, Devin",808982,642207,strikeout,foul_tip,,,,,11,Jung Hoo Lee strikes out on a foul tip.,R,L,R,SF,NYM,S,2,,3,2,2026,-1.05,1.2,-0.2801384449128197,3.807861263703729,,,671218,2,9,Bot,,,,,,,7.642408705995262,-135.54384254697962,-0.9280628538972899,-14.67313521474595,29.785950467285883,-17.40561162058862,3.22351542,1.626820866,,,,94.8,2241,7.3,823238,620443,668901,543760,666182,596019,621438,673357,701807,53.21,,0,0,1,0,0,,74,7,4-Seam Fastball,2,5,2,5,5,2,2,5,Strategic,Standard,223,-0.02,-0.342,63.9,6.3,,,0.342,,-3,-3,0.02,0.02,31,27,32,28,1,3,4,1,2,1,1.43,1.05,-1.05,28.5,-0.781447561934805,10.001174461938799,26.74039327790537,30.98756391287403,23.66828011143223
CH,2026-04-05,83.9,-2.44,5.29,"Williams, Devin",808982,642207,,ball,,,,,13,,R,L,R,SF,NYM,B,,,2,2,2026,-1.63,-0.29,-1.3078777580096412,1.512577618389876,,,671218,2,9,Bot,,,,,,,5.930640426050607,-122.11122797468404,-1.5219372709681431,-17.434399050456275,23.80365133143448,-35.019584075713254,3.22351542,1.626820866,,,,84.8,2507,6.9,823238,620443,668901,543760,666182,596019,621438,673357,701807,53.63,,,,,,,,74,6,Changeup,2,5,2,5,5,2,2,5,Standard,Standard,276,0.005,0.092,,,,,-0.092,,-3,-3,0.015,0.015,31,27,32,28,1,3,4,1,2,1,3.53,1.63,-1.63,16.4,,,,,
CH,2026-04-05,85.8,-2.41,5.19,"Williams, Devin",808982,642207,,foul,,,,,13,,R,L,R,SF,NYM,S,,,2,2,2026,-1.73,0.12,-0.3001112103192405,1.4659353197650749,,,671218,2,9,Bot,,,,,,,8.64040887208594,-124.6752294595547,-2.53141694862673,-19.855482334834065,26.729863607910833,-30.638120355756264,3.22351542,1.626820866,156,68.9,58,86.9,2708,7.2,823238,620443,668901,543760,666182,596019,621438,673357,701807,53.31,,,,,,,,74,5,Changeup,2,5,2,5,5,2,2,5,Strategic,Standard,275,0,0,72.6,8.2,,,0,88.0,-3,-3,0.015,0.015,31,27,32,28,1,3,4,1,2,1,3.01,1.73,-1.73,16.1,2.285711495656371,-4.119328695032551,39.0737733726235,31.57887059117935,33.117486794054614
FF,2026-04-05,92.4,-2.26,5.41,"Williams, Devin",808982,642207,,foul,,,,,5,,R,L,R,SF,NYM,S,,,2,1,2026,-0.9,1.29,-0.15070988008026953,2.52926830693321,,,671218,2,9,Bot,,,,,,,7.3985352688749,-134.44024820803372,-4.276641046853868,-12.425784861712994,27.704190766057707,-15.731718935184848,3.22351542,1.626820866,188,67.7,27,94,2212,7.1,823238,620443,668901,543760,666182,596019,621438,673357,701807,53.35,,,,,,,,74,4,4-Seam Fastball,2,5,2,5,5,2,2,5,Standard,Standard,223,-0.003,-0.07,69.1,7.0,,,0.07,88.0,-3,-3,0.018,0.018,31,27,32,28,1,3,4,1,2,1,1.37,0.9,-0.9,27.4,-7.851307680816617,11.143226981573685,42.57858258967612,30.33579323568174,21.592926184214452
FF,2026-04-05,92.1,-2.26,5.35,"Williams, Devin",808982,642207,,ball,,,,,11,,R,L,R,SF,NYM,B,,,1,1,2026,-0.9,1.14,-0.6490760867096951,3.667151527642894,,,671218,2,9,Bot,,,,,,,6.161333546166258,-134.15825594752812,-0.8533409383785133,-12.208577303346058,26.72948170533698,-18.38877590198602,3.22351542,1.626820866,,,,94.2,2176,7.3,823238,620443,668901,543760,666182,596019,621438,673357,701807,53.21,,,,,,,,74,3,4-Seam Fastball,2,5,2,5,5,2,2,5,Standard,Standard,224,0.003,0.052,,,,,-0.052,,-3,-3,0.015,0.015,31,27,32,28,1,3,4,1,2,1,1.53,0.9,-0.9,25.6,,,,,
FF,2026-04-05,92,-2.32,5.38,"Williams, Devin",808982,642207,,called_strike,,,,,5,,R,L,R,SF,NYM,S,,,1,0,2026,-0.76,1.2,-0.044548912309508415,2.1670984040815573,,,671218,2,9,Bot,,,,,,,7.5052103734454505,-133.78907800206187,-4.884505074168635,-10.596408698144119,25.745062579435672,-16.826013171527816,3.22351542,1.626820866,,,,94.1,2324,7.3,823238,620443,668901,543760,666182,596019,621438,673357,701807,53.17,,,,,,,,74,2,4-Seam Fastball,2,5,2,5,5,2,2,5,Standard,Standard,225,-0.003,-0.051,,,,,0.051,,-3,-3,0.018,0.018,31,27,32,28,1,3,4,1,2,1,1.47,0.76,-0.76,28.8,,,,,
FF,2026-04-05,93.7,-2.23,5.43,"Williams, Devin",808982,642207,,ball,,,,,11,,R,L,R,SF,NYM,B,,,0,0,2026,-0.92,1.47,-0.8340156769154196,3.560031377410678,,,671218,2,9,Bot,,,,,,,5.720285554410452,-136.4733521639153,-2.32541794604333,-12.752002640046646,28.449489809046014,-13.394939067834063,3.22351542,1.626820866,,,,95.5,2354,7.2,823238,620443,668901,543760,666182,596019,621438,673357,701807,53.35,,,,,,,,74,1,4-Seam Fastball,2,5,2,5,5,2,2,5,Standard,Standard,226,0.003,0.039,,,,,-0.039,,-3,-3,0.015,0.015,31,27,32,28,1,3,4,1,2,1,1.11,0.92,-0.92,27.6,,,,,
FF,2026-04-05,91.3,-2.33,5.37,"Williams, Devin",671218,642207,single,hit_into_play,,,,,1,Heliot Ramos singles on a ground ball to left fielder Tyrone Taylor.,R,R,R,SF,NYM,X,7,ground_ball,1,0,2026,-0.78,1.21,-0.8264511833462298,2.8832191053519014,,,,2,9,Bot,70.04,107.32,,,,,5.54435269070969,-132.93549832427954,-2.887788998466816,-10.411233384831005,28.55491055454459,-17.439043906156122,3.18402231,1.606889764,128,87.2,8,93.1,2202,7.3,823238,620443,668901,543760,666182,596019,621438,673357,701807,53.18,0.477,0.451,0.9,1,1,0,4,73,2,4-Seam Fastball,2,5,2,5,5,2,2,5,Standard,Standard,218,0.009,0.298,69.7,6.3,,0.542,-0.298,88.0,-3,-3,0.006,0.006,31,26,32,27,1,3,4,1,2,1,1.52,0.78,0.78,26.0,11.004277787913821,-1.9242878973967368,31.13012121200472,25.829699419032064,28.799872955217758
CH,2026-04-05,85.3,-2.39,5.22,"Williams, Devin",671218,642207,,ball,,,,,13,,R,R,R,SF,NYM,B,,,0,0,2026,-1.64,0.03,-1.2906917993869544,2.1677100495568626,,,,2,9,Bot,,,,,,,6.0449732189574945,-124.1107841930671,-0.7105498551910907,-18.142421227583874,25.449692346998486,-31.988973289299768,3.18402231,1.606889764,,,,86.9,2430,7.4,823238,620443,668901,543760,666182,596019,621438,673357,701807,53.13,,,,,,,,73,1,Changeup,2,5,2,5,5,2,2,5,Standard,Standard,270,0.001,0.041,,,,,-0.041,,-3,-3,0.005,0.005,31,26,32,27,1,3,4,1,2,1,3.11,1.64,1.64,15.4,,,,,
FF,2026-04-05,93.9,-2.27,5.29,"Williams, Devin",646240,642207,field_out,hit_into_play,,,,,1,"Rafael Devers grounds out, second baseman Marcus Semien to first baseman Mark Vientos.",R,L,R,SF,NYM,X,4,ground_ball,2,2,2026,-0.97,1.12,-0.5566881217717383,3.1114588064888005,,,,1,9,Bot,144.21,154.22,,,,,6.6880947254368746,-136.56356130181211,-2.2897725165575915,-13.60331378515365,29.86060788909919,-17.852283105450855,3.217372047,1.623720472,60,106.3,1,95.6,2430,7.3,823238,620443,668901,543760,666182,596019,621438,673357,701807,53.22,0.526,0.484,0,1,0,0,4,72,5,4-Seam Fastball,2,5,2,5,5,2,2,5,Strategic,Standard,227,-0.011,-0.238,69.4,7.1,,0.575,0.238,106.3,-3,-3,0.016,0.016,31,29,32,30,1,3,4,1,2,1,1.47,0.97,-0.97,24.1,12.885772247505743,0.9322684986171096,24.181505656864953,38.36534261915514,34.10633833820044
FF,2026-04-05,93.4,-2.43,5.35,"Williams, Devin",646240,642207,,swinging_strike,,,,,7,,R,L,R,SF,NYM,S,,,2,1,2026,-0.94,1.16,-0.5910854620334473,2.0064490610238437,,,,1,9,Bot,,,,,,,6.8797610944775816,-135.77544820077478,-5.318094104891589,-13.10902294242909,29.180482532350155,-16.80360122901584,3.217372047,1.623720472,,,,94.8,2357,7.1,823238,620443,668901,543760,666182,596019,621438,673357,701807,53.37,,,,,,,,72,4,4-Seam Fastball,2,5,2,5,5,2,2,5,Strategic,Standard,225,-0.005,-0.074,75.8,7.9,0.59746092,,0.074,,-3,-3,0.021,0.021,31,29,32,30,1,3,4,1,2,1,1.45,0.94,-0.94,26.4,7.312539836033032,7.799373843564955,30.312950652356207,39.76872964540999,30.289197605202126
FF,2026-04-05,93.3,-2.28,5.39,"Williams, Devin",646240,642207,,ball,,,,,11,,R,L,R,SF,NYM,B,,,1,1,2026,-0.79,1.23,-0.7586501951744865,3.954553019722358,,,656305,0,9,Bot,,,,,,,5.745387798484812,-135.8290170781685,-0.5028960790110494,-11.061599161957739,31.104835743223973,-17.13470470463918,3.217372047,1.623720472,,,,94.9,2347,7.3,823238,620443,668901,543760,666182,596019,621438,673357,701807,53.2,,,,,,,,72,3,4-Seam Fastball,2,5,2,5,5,2,2,5,Infield shade,Standard,220,-0.069,0.058,,,,,-0.058,,-3,-3,0.09,0.09,31,29,32,30,1,3,4,1,2,1,1.4,0.79,-0.79,27.3,,,,,
FF,2026-04-05,93.7,-2.29,5.33,"Williams, Devin",646240,642207,,swinging_strike,,,,,1,,R,L,R,SF,NYM,S,,,1,0,2026,-0.96,1.19,-0.3343541157229625,2.841646748596707,,,656305,0,9,Bot,,,,,,,7.255550594603067,-136.23706368745144,-3.2285580638685603,-13.479880162529835,29.12434470529256,-16.781862177956423,3.217372047,1.623720472,,,,95.2,2361,7.2,823238,620443,668901,543760,666182,596019,621438,673357,701807,53.35,,,,,,,,72,2,4-Seam Fastball,2,5,2,5,5,2,2,5,Infield shade,Standard,228,-0.012,-0.059,73.3,7.1,0.616886832,,0.059,,-3,-3,0.102,0.102,31,29,32,30,1,3,4,1,2,1,1.4,0.96,-0.96,24.6,5.616184903099409,21.57878938994737,28.460113129273246,37.98752785530236,22.51571695385315
FF,2026-04-05,93.9,-2.31,5.27,"Williams, Devin",646240,642207,,ball,,,,,11,,R,L,R,SF,NYM,B,,,0,0,2026,-0.99,1.21,-1.295594770713766,3.292889626633408,,,656305,0,9,Bot,,,,,,,4.925445815408985,-136.7327142125541,-1.9699981949072187,-13.475350933965661,31.113416320122134,-16.76275778242786,3.217372047,1.623720472,,,,95.6,2340,7.3,823238,620443,668901,543760,666182,596019,621438,673357,701807,53.19,,,,,,,,72,1,4-Seam Fastball,2,5,2,5,5,2,2,5,Standard,Standard,230,0.01,0.038,,,,,-0.038,,-3,-3,0.092,0.092,31,29,32,30,1,3,4,1,2,1,1.38,0.99,-0.99,22.5,,,,,
CH,2026-04-05,84.9,-2.35,5.23,"Williams, Devin",656305,642207,single,hit_into_play,,,,,9,Matt Chapman singles on a line drive to left fielder Tyrone Taylor.,R,R,R,SF,NYM,X,7,line_drive,2,2,2026,-1.6,-0.21,0.5523695792254089,1.5574958344103935,,,,0,9,Bot,58.25,102.75,,,,,10.108870211722826,-123.35918293218545,-1.6734408549380562,-18.26392144647376,22.416658011382353,-34.17340238448427,3.250721785,1.640551181,173,91.8,8,86.5,2713,7.2,823238,620443,668901,543760,666182,596019,621438,673357,701807,53.3,0.591,0.573,0.9,1,1,0,4,71,7,Changeup,2,5,2,5,5,2,2,5,Standard,Standard,276,0.053,0.487,76.0,8.2,,0.695,-0.487,91.8,-3,-3,0.039,0.039,31,33,32,33,1,3,4,1,2,1,3.36,1.6,1.6,19.8,7.980229929342076,-14.866051185146615,30.124512057003884,40.755501981165736,35.97520372258261
FF,2026-04-05,93.8,-2.41,5.34,"Williams, Devin",656305,642207,,foul,,,,,11,,R,R,R,SF,NYM,S,,,2,2,2026,-0.92,1.17,-0.0994941369830229,3.672356054073397,,,,0,9,Bot,,,,,,,8.100388998623634,-136.43653934121062,-1.0745472099963238,-13.22471389082241,28.83336721056035,-17.52950298042592,3.250721785,1.640551181,162,74.3,59,95.4,2293,7.1,823238,620443,668901,543760,666182,596019,621438,673357,701807,53.35,,,,,,,,71,6,4-Seam Fastball,2,5,2,5,5,2,2,5,Standard,Standard,219,0,0,61.6,6.0,,,0,88.0,-3,-3,0.039,0.039,31,33,32,33,1,3,4,1,2,1,1.42,0.92,0.92,23.3,-6.636294418678685,20.609711535864193,13.839394867973581,34.073968244670745,15.611842817268155
CH,2026-04-05,85.1,-2.56,5.26,"Williams, Devin",656305,642207,,ball,,,,,13,,R,R,R,SF,NYM,B,,,1,2,2026,-1.58,0.14,-0.09594646498908932,1.3779441031719522,,,,0,9,Bot,,,,,,,9.087728558645253,-123.66128736200046,-2.9000800138973855,-18.043785900495486,23.80015761877088,-30.319213874189845,3.250721785,1.640551181,,,,86.5,2376,7.2,823238,620443,668901,543760,666182,596019,621438,673357,701807,53.3,,,,,,,,71,5,Changeup,2,5,2,5,5,2,2,5,Standard,Standard,275,0.004,0.048,,,,,-0.048,,-3,-3,0.035,0.035,31,33,32,33,1,3,4,1,2,1,3,1.58,1.58,14.5,,,,,
CH,2026-04-05,85.3,-2.36,5.23,"Williams, Devin",656305,642207,,foul,,,,,13,,R,R,R,SF,NYM,S,,,1,2,2026,-1.84,-0.03,-0.24628868410417848,1.3882289034478705,,,,0,9,Bot,,,,,,,8.784432273905905,-123.89626803224527,-2.419132014445887,-20.667468888739595,25.110742708012634,-32.22183684165066,3.250721785,1.640551181,,,,86.3,2581,7.1,823238,620443,668901,543760,666182,596019,621438,673357,701807,53.45,,,,,,,,71,4,Changeup,2,5,2,5,5,2,2,5,Standard,Standard,272,0,0,80.1,8.5,,,0,,-3,-3,0.035,0.035,31,33,32,33,1,3,4,1,2,1,3.18,1.84,1.84,16.4,13.87466247099814,-20.927073922346555,34.57132122791076,32.16935692961141,31.85184795034894
FF,2026-04-05,94.2,-2.25,5.37,"Williams, Devin",656305,642207,,ball,,,,,12,,R,R,R,SF,NYM,B,,,0,2,2026,-0.68,1.45,1.1996550195740228,2.797531881601738,,,,0,9,Bot,,,,,,,10.603456525257721,-136.8295685853059,-4.125613009352278,-10.898357595303702,30.01513544208563,-13.248543607433122,3.250721785,1.640551181,,,,96.2,2426,7.5,823238,620443,668901,543760,666182,596019,621438,673357,701807,52.97,,,,,,,,71,3,4-Seam Fastball,2,5,2,5,5,2,2,5,Standard,Standard,223,0.002,0.023,,,,,-0.023,,-3,-3,0.033,0.033,31,33,32,33,1,3,4,1,2,1,1.13,0.68,0.68,26.2,,,,,
FF,2026-04-05,93.6,-2.36,5.36,"Williams, Devin",656305,642207,,called_strike,,,,,3,,R,R,R,SF,NYM,S,,,0,1,2026,-0.66,1.48,0.5646842711523892,2.97424217040791,,,,0,9,Bot,,,,,,,9.079840021204781,-136.0124819601857,-3.5916413283551734,-10.228082236617864,31.279631836185686,-13.223285089616114,3.250721785,1.640551181,,,,95,2440,7.3,823238,620443,668901,543760,666182,596019,621438,673357,701807,53.19,,,,,,,,71,2,4-Seam Fastball,2,5,2,5,5,2,2,5,Standard,Standard,225,-0.006,-0.055,,,,,0.055,,-3,-3,0.039,0.039,31,33,32,33,1,3,4,1,2,1,1.14,0.66,0.66,24.6,,,,,
FF,2026-04-05,92.5,-2.41,5.36,"Williams, Devin",656305,642207,,called_strike,,,,,11,,R,R,R,SF,NYM,S,,,0,0,2026,-1.02,1.1,-0.8660085599171327,3.2466129301221995,,,,0,9,Bot,,,,,,,6.25818590100286,-134.66002878514138,-1.8994544473783277,-13.719794045980294,28.816039081973567,-18.516986010193104,3.250721785,1.640551181,,,,94.4,2295,7.3,823238,620443,668901,543760,666182,596019,621438,673357,701807,53.17,,,,,,,,71,1,4-Seam Fastball,2,5,2,5,5,2,2,5,Standard,Standard,229,-0.004,-0.043,,,,,0.043,,-3,-3,0.043,0.043,31,33,32,33,1,3,4,1,2,1,1.55,1.02,1.02,24.4,,,,,
CH,2026-04-01,87.1,-2.4,5.2,"Williams, Devin",691023,642207,strikeout,swinging_strike,,,,,14,Jordan Walker strikes out swinging.,R,R,R,STL,NYM,S,2,,0,2,2026,-1.66,0.33,0.015359256895234097,1.477445247358398,,691026,,2,9,Bot,,,,,,,9.316863408624913,-126.40466403473707,-3.1141290794559957,-19.77525778733524,30.4644881848793,-28.193683069704445,3.461351706,1.746850394,,,,87.5,2499,7.1,823078,682626,683146,543760,666182,596019,665742,673357,701807,53.4,,0,0,1,0,0,,68,3,Changeup,1,1,1,1,1,1,1,1,Standard,Standard,266,-0.066,-0.18,71.5,10.0,5.330030748,,0.18,,0,0,0.566,0.566,31,24,32,24,1,1,2,1,4,2,2.74,1.66,1.66,18.1,28.092052991917924,-42.17559061526668,34.149978110238116,38.570045345271716,53.684304597391204
FF,2026-04-01,93.7,-2.19,5.42,"Williams, Devin",691023,642207,,foul,,,,,2,,R,R,R,STL,NYM,S,,,0,1,2026,-0.76,1.55,-0.08979026228295772,3.090077469270352,,691026,,2,9,Bot,,,,,,,7.216267887653373,-136.07709371385332,-3.5565940427932095,-11.222127524206858,34.90763889389235,-12.453000417412529,3.461351706,1.746850394,,,,94.8,2342,7.5,823078,682626,683146,543760,666182,596019,665742,673357,701807,53.05,,,,,,,,68,2,4-Seam Fastball,1,1,1,1,1,1,1,1,Standard,Standard,224,-0.027,-0.055,79.2,8.3,,,0.055,,0,0,0.593,0.593,31,24,32,24,1,1,2,1,4,2,1.09,0.76,0.76,28.3,12.267577377726987,-7.053067532026585,35.931419581413316,36.1980916026339,32.181347046811695
CH,2026-04-01,83.8,-2.53,5.2,"Williams, Devin",691023,642207,,foul,,,,,7,,R,R,R,STL,NYM,S,,,0,0,2026,-1.8,-0.35,-0.326689238560653,1.6976326992232567,,691026,,2,9,Bot,,,,,,,8.773315703183021,-121.6069335720209,-0.5578982538684376,-19.68327666294987,28.90960937038118,-35.73671490610783,3.461351706,1.746850394,4,77.5,-29,84.1,2387,7.1,823078,682626,683146,543760,666182,596019,665742,673357,701807,53.35,,,,,,,,68,1,Changeup,1,1,1,1,1,1,1,1,Standard,Standard,277,-0.017,-0.038,79.7,8.9,,,0.038,88.0,0,0,0.61,0.61,31,24,32,24,1,1,2,1,4,2,3.67,1.8,1.8,15.5,19.853004530258605,-17.679266711208076,36.07326110334714,33.91163299141061,42.02034434076261
CH,2026-04-01,85.8,-2.28,5.2,"Williams, Devin",695336,642207,field_out,hit_into_play,,,,,4,Thomas Saggese flies out to right fielder Carson Benge.,R,R,R,STL,NYM,X,9,fly_ball,2,2,2026,-1.7,0.21,-0.31666899313008323,2.2971578026063972,,691026,,1,9,Bot,181.71,85.81,,,,,8.228415847402859,-124.54624184746963,-0.6979162576284326,-19.382336574672298,28.807184706890254,-30.127585956355933,3.141018701,1.585187008,286,84.5,37,86.7,2360,7.4,823078,682626,683146,543760,666182,596019,665742,673357,701807,53.14,0.009,0.008,0,1,0,0,3,67,5,Changeup,1,1,1,1,1,1,1,1,Standard,Standard,270,-0.079,-0.228,73.9,6.8,,0.014,0.228,88.0,0,0,0.689,0.689,31,24,32,24,1,3,2,3,4,2,2.94,1.7,1.7,18.3,5.589850519026723,5.356989631367203,38.64403326110183,32.24443283629583,30.229329212763986
FF,2026-04-01,93.1,-2.23,5.38,"Williams, Devin",695336,642207,,called_strike,,,,,9,,R,R,R,STL,NYM,S,,,2,1,2026,-1.2,1.04,0.6440057984129626,1.7457464042018496,,,691026,1,9,Bot,,,,,,,10.167922628520824,-134.99532492115483,-5.619909234167754,-17.073461135081835,34.503661789498594,-18.372394560813515,3.141018701,1.585187008,,,,94.1,2312,7.5,823078,682626,683146,543760,666182,596019,665742,673357,701807,53.05,,,,,,,,67,4,4-Seam Fastball,1,1,1,1,1,1,1,1,Standard,Standard,229,0.047,-0.081,,,,,0.081,,0,0,0.642,0.642,31,24,32,24,1,3,2,3,4,2,1.65,1.2,1.2,25.1,,,,,
CH,2026-04-01,84.8,-2.34,5.25,"Williams, Devin",695336,642207,,swinging_strike,,,,,5,,R,R,R,STL,NYM,S,,,2,0,2026,-1.61,0.17,-0.23747336409901432,2.502566273950682,,,691026,1,9,Bot,,,,,,,8.26910364754582,-123.12489977707041,-0.07644203313097386,-18.11468841767027,28.740603806165886,-30.712270873971107,3.141018701,1.585187008,,,,85.4,2381,7.2,823078,682626,683146,543760,666182,596019,665742,673357,701807,53.28,,,,,,,,67,3,Changeup,1,1,1,1,1,1,1,1,Standard,Standard,275,-0.015,-0.056,74.7,8.2,1.692322908,,0.056,,0,0,0.657,0.657,31,24,32,24,1,3,2,3,4,2,3.06,1.61,1.61,15.7,26.487435351164006,-35.14597771894649,28.602026061085724,33.51278093871245,54.79864249676563
CH,2026-04-01,84.7,-2.43,5.18,"Williams, Devin",695336,642207,,ball,,,,,13,,R,R,R,STL,NYM,B,,,1,0,2026,-1.72,-0.1,-1.9914858219457745,2.2418294107893626,,,691026,1,9,Bot,,,,,,,4.592116739587914,-122.97731940723467,0.13343652729420863,-18.278354064663777,31.763373471481376,-33.44446367967229,3.141018701,1.585187008,,,,84.6,2371,7,823078,682626,683146,543760,666182,596019,665742,673357,701807,53.46,,,,,,,,67,2,Changeup,1,1,1,1,1,1,1,1,Standard,Standard,274,0.015,0.074,,,,,-0.074,,0,0,0.642,0.642,31,24,32,24,1,3,2,3,4,2,3.37,1.72,1.72,15.2,,,,,
FF,2026-04-01,93,-2.33,5.46,"Williams, Devin",695336,642207,,ball,,,,,11,,R,R,R,STL,NYM,B,,,0,0,2026,-0.95,1.14,-1.2741256770468787,3.530230128743168,,,691026,1,9,Bot,,,,,,,4.907827756187541,-135.20241059449938,-1.4436250131291568,-12.773037576457293,35.99395846061213,-18.26249060475996,3.141018701,1.585187008,,,,94,2315,7.4,823078,682626,683146,543760,666182,596019,665742,673357,701807,53.08,,,,,,,,67,1,4-Seam Fastball,1,1,1,1,1,1,1,1,Standard,Standard,229,0.007,0.035,,,,,-0.035,,0,0,0.635,0.635,31,24,32,24,1,3,2,3,4,2,1.55,0.95,0.95,28.7,,,,,
FF,2026-04-01,93.9,-2.18,5.51,"Williams, Devin",669357,642207,field_out,hit_into_play,,,,,3,Nolan Gorman flies out sharply to right fielder Carson Benge.,R,L,R,STL,NYM,X,9,fly_ball,3,2,2026,-0.81,1.28,0.35792733305206814,3.0262406953406216,,,691026,0,9,Bot,181.2,98.98,,,,,8.435707758125012,-136.332316552253,-3.3510210377578082,-12.128456719730389,34.16181731692513,-15.748029784672552,3.217372047,1.623720472,285,102.1,49,94.8,2352,7.2,823078,682626,683146,543760,666182,596019,665742,673357,701807,53.26,0.026,0.044,0,1,0,0,3,66,6,4-Seam Fastball,1,1,1,1,1,1,1,1,Infield shade,Standard,230,-0.09,-0.322,70.6,6.7,,0.075,0.322,102.1,0,0,0.725,0.725,31,26,32,26,1,3,2,1,4,2,1.35,0.81,-0.81,26.6,15.216079181038591,-8.548132914737266,30.093552956670663,31.329365873031055,33.324892171643356
CH,2026-04-01,85,-2.37,5.15,"Williams, Devin",669357,642207,,blocked_ball,,,,,13,,R,L,R,STL,NYM,B,,,2,2,2026,-1.7,0.13,-0.10106046758912002,0.35235839230921506,,,691026,0,9,Bot,,,,,,,8.852331186375887,-123.40746509991843,-4.909306559673214,-19.16722754636589,26.698852988276055,-29.94543124556008,3.217372047,1.623720472,,,,85.9,2433,7.2,823078,682626,683146,543760,666182,596019,665742,673357,701807,53.32,,,,,,,,66,5,Changeup,1,1,1,1,1,1,1,1,Infield shade,Strategic,267,0.026,0.097,,,,,-0.097,,0,0,0.699,0.699,31,26,32,26,1,3,2,1,4,2,3.06,1.7,-1.7,14.4,,,,,
CH,2026-04-01,84,-2.35,5.2,"Williams, Devin",669357,642207,,foul,,,,,8,,R,L,R,STL,NYM,S,,,2,1,2026,-1.62,-0.24,0.06284238695820532,1.5911331540305755,,,691026,0,9,Bot,,,,,,,8.932369935317654,-121.91344352894379,-1.1349465942227126,-17.98796735295452,27.09766417296193,-34.56659044798376,3.217372047,1.623720472,13,77.4,-7,84.8,2301,7.3,823078,682626,683146,543760,666182,596019,665742,673357,701807,53.24,,,,,,,,66,4,Changeup,1,1,1,1,1,1,1,1,Infield shade,Strategic,273,-0.021,-0.072,77.6,8.1,,,0.072,88.0,0,0,0.72,0.72,31,26,32,26,1,3,2,1,4,2,3.53,1.62,-1.62,15.3,25.60278477116261,-14.876904380013398,38.262941164665605,35.23775892313222,49.093773579217356
FF,2026-04-01,93,-2.14,5.25,"Williams, Devin",669357,642207,,ball,,,,,12,,R,L,R,STL,NYM,B,,,1,1,2026,-0.82,1.38,1.2086070002509277,2.824231057032258,,,691026,0,9,Bot,,,,,,,10.51166162084494,-134.95186200575702,-3.288059928615075,-12.491740684854038,33.68325696401495,-14.910343653987555,3.217372047,1.623720472,,,,94.3,2350,7.5,823078,682626,683146,543760,666182,596019,665742,673357,701807,52.98,,,,,,,,66,3,4-Seam Fastball,1,1,1,1,1,1,1,1,Standard,Strategic,223,0.014,0.058,,,,,-0.058,,0,0,0.706,0.706,31,26,32,26,1,3,2,1,4,2,1.31,0.82,-0.82,25.3,,,,,
FF,2026-04-01,94.5,-2.17,5.47,"Williams, Devin",669357,642207,,ball,,,,,11,,R,L,R,STL,NYM,B,,,0,1,2026,-0.97,1.37,-0.9830906462673851,4.064340661119886,,,691026,0,9,Bot,,,,,,,5.360693381245299,-137.48856140191398,-0.8587872515439365,-13.50676214369969,35.35077608058837,-15.046810980286574,3.217372047,1.623720472,,,,95.6,2416,7.3,823078,682626,683146,543760,666182,596019,665742,673357,701807,53.21,,,,,,,,66,2,4-Seam Fastball,1,1,1,1,1,1,1,1,Standard,Strategic,223,0.007,0.022,,,,,-0.022,,0,0,0.699,0.699,31,26,32,26,1,3,2,1,4,2,1.22,0.97,-0.97,27.8,,,,,
CH,2026-04-01,83.9,-2.28,5.26,"Williams, Devin",669357,642207,,swinging_strike,,,,,7,,R,L,R,STL,NYM,S,,,0,0,2026,-1.8,-0.05,-0.44467235924564386,2.097851146256188,,,691026,0,9,Bot,,,,,,,7.918326958583381,-121.78847569828197,-0.4814607958108955,-19.458873387738947,26.802949018903334,-32.77687634760801,3.217372047,1.623720472,,,,84.5,2134,7.1,823078,682626,683146,543760,666182,596019,665742,673357,701807,53.4,,,,,,,,66,1,Changeup,1,1,1,1,1,1,1,1,Standard,Strategic,274,-0.011,-0.043,73.1,8.0,0.95198238,,0.043,,0,0,0.71,0.71,31,26,32,26,1,3,2,1,4,2,3.33,1.8,-1.8,15.6,28.252118813483015,-18.083652147181187,31.352981963611832,39.865802667421164,41.6512093042927
FF,2026-04-01,91.5,-2.39,5.4,"Williams, Devin",691026,642207,walk,ball,,,,,11,Masyn Winn walks.,R,R,R,STL,NYM,B,,,3,0,2026,-1,1.34,-0.08104883578648114,3.4818299914082447,,,,0,9,Bot,,,,,,,8.0849133546535,-132.82022968465253,-1.6459842934344486,-13.693605720845273,33.65427793165215,-16.298857849652727,3.081340223,1.555068898,,,,92.3,2300,7.3,823078,682626,683146,543760,666182,596019,665742,673357,701807,53.21,,0.698841,0.7,1,0,0,,65,4,4-Seam Fastball,1,1,1,1,1,1,1,1,Standard,Standard,228,0.028,0.175,,,,,-0.175,,0,0,0.682,0.682,31,24,32,24,1,3,2,1,4,2,1.43,1,1,23.1,,,,,
FF,2026-04-01,92.5,-2.26,5.38,"Williams, Devin",691026,642207,,ball,,,,,12,,R,R,R,STL,NYM,B,,,2,0,2026,-1.03,1.35,0.17819190507240257,3.727106116816215,,,,0,9,Bot,,,,,,,8.567889269569939,-134.38926850388157,-1.1786931919216734,-14.387132424554595,31.882174032884166,-15.871908169122747,3.081340223,1.555068898,,,,93.6,2334,7.3,823078,682626,683146,543760,666182,596019,665742,673357,701807,53.25,,,,,,,,65,3,4-Seam Fastball,1,1,1,1,1,1,1,1,Standard,Standard,226,0.022,0.156,,,,,-0.156,,0,0,0.66,0.66,31,24,32,24,1,3,2,1,4,2,1.34,1.03,1.03,25.3,,,,,
CH,2026-04-01,84.1,-2.3,5.22,"Williams, Devin",691026,642207,,ball,,,,,14,,R,R,R,STL,NYM,B,,,1,0,2026,-1.73,-0.19,0.7489850957610056,1.4128696208827631,,,,0,9,Bot,,,,,,,10.639527873934734,-121.92428496856063,-1.6952624372216096,-19.48152966127819,27.246774409612115,-33.863737775078455,3.081340223,1.555068898,,,,84.7,2195,7.2,823078,682626,683146,543760,666182,596019,665742,673357,701807,53.28,,,,,,,,65,2,Changeup,1,1,1,1,1,1,1,1,Standard,Standard,271,0.014,0.085,,,,,-0.085,,0,0,0.646,0.646,31,24,32,24,1,3,2,1,4,2,3.47,1.73,1.73,15.9,,,,,
FF,2026-04-01,92.4,-2.24,5.36,"Williams, Devin",691026,642207,,ball,,,,,12,,R,R,R,STL,NYM,B,,,0,0,2026,-1.02,1.33,0.8911898437363353,2.7564463331862896,,,,0,9,Bot,,,,,,,10.299983329609113,-134.12298853370132,-3.561228148287586,-14.63154325430478,31.911861812831088,-15.565439782756824,3.081340223,1.555068898,,,,93.6,2238,7.3,823078,682626,683146,543760,666182,596019,665742,673357,701807,53.16,,,,,,,,65,1,4-Seam Fastball,1,1,1,1,1,1,1,1,Standard,Standard,225,0.007,0.046,,,,,-0.046,,0,0,0.639,0.639,31,24,32,24,1,3,2,1,4,2,1.37,1.02,1.02,26.4,,,,,
CH,2026-03-30,85.6,-2.54,5.15,"Williams, Devin",701675,642207,strikeout,swinging_strike,,,,,7,Nathan Church strikes out swinging.,R,L,R,STL,NYM,S,2,,0,2,2026,-1.58,0.21,-0.39470930019916906,1.964400123660381,,,,2,9,Bot,,,,,,,8.373648630005158,-124.33391286795089,-1.4190966770347846,-18.109721630753008,25.952027930075108,-29.895675822710192,3.112934711,1.57101378,,,,86.6,2541,7.1,823080,682626,683146,543760,666182,596019,665742,673357,701807,53.38,,0,0,1,0,0,,76,4,Changeup,2,4,2,4,4,2,2,4,Infield shade,Standard,272,-0.015,-0.154,77.9,8.6,1.21946814,,0.154,,-2,-2,0.015,0.015,31,25,32,26,1,3,2,2,2,1,2.92,1.58,-1.58,15.7,23.096010158917114,-31.727939043662335,24.920830200392768,41.42600085256387,43.6877549597922
FF,2026-03-30,95.1,-2.31,5.24,"Williams, Devin",701675,642207,,foul,,,,,11,,R,L,R,STL,NYM,S,,,0,2,2026,-0.98,1.13,-1.2455465745596763,3.466174046071491,,,,2,9,Bot,,,,,,,5.100424249379296,-138.53798345354647,-1.4725618999134948,-13.69855538265198,29.91978484742874,-17.439183505142513,3.112934711,1.57101378,206,75.3,22,97.2,2253,7.4,823080,682626,683146,543760,666182,596019,665742,673357,701807,53.14,,,,,,,,76,3,4-Seam Fastball,2,4,2,4,4,2,2,4,Standard,Standard,224,0,0,59.8,5.9,,,0,88.0,-2,-2,0.015,0.015,31,25,32,26,1,3,2,2,2,1,1.38,0.98,-0.98,25.8,-15.709265148989742,33.80408658216704,22.057393511973004,51.224695400228875,4.195681571473002
CH,2026-03-30,85.2,-2.41,5.17,"Williams, Devin",701675,642207,,swinging_strike,,,,,13,,R,L,R,STL,NYM,S,,,0,1,2026,-1.65,-0.09,-0.45420232575843866,1.3908812896450011,,,,2,9,Bot,,,,,,,8.05498308733243,-123.82259096656044,-2.1671564442571016,-18.630603294170317,25.147827641620644,-32.81666983224296,3.112934711,1.57101378,,,,86.5,2609,7.2,823080,682626,683146,543760,666182,596019,665742,673357,701807,53.26,,,,,,,,76,2,Changeup,2,4,2,4,4,2,2,4,Standard,Standard,271,0,-0.061,77.8,8.4,0.137553144,,0.061,,-2,-2,0.015,0.015,31,25,32,26,1,3,2,2,2,1,3.24,1.65,-1.65,18.4,17.52038514339241,-17.526533569346753,34.96731337361283,41.12771992437601,43.55933912099851
FF,2026-03-30,93.7,-2.31,5.39,"Williams, Devin",701675,642207,,called_strike,,,,,2,,R,L,R,STL,NYM,S,,,0,0,2026,-0.8,1.29,-0.028036319144996824,2.8207079987925656,,,,2,9,Bot,,,,,,,7.7710289999631845,-136.24996330587848,-3.7016842731510025,-11.56763843240242,27.891026882110946,-15.445606925596929,3.112934711,1.57101378,,,,95.9,2381,7.4,823080,682626,683146,543760,666182,596019,665742,673357,701807,53.09,,,,,,,,76,1,4-Seam Fastball,2,4,2,4,4,2,2,4,Standard,Standard,219,0,-0.044,,,,,0.044,,-2,-2,0.015,0.015,31,25,32,26,1,3,2,2,2,1,1.3,0.8,-0.8,26.7,,,,,
FF,2026-03-30,94.5,-2.26,5.33,"Williams, Devin",691023,642207,field_out,hit_into_play,,,,,3,Jordan Walker pops out to first baseman Brett Baty in foul territory.,R,R,R,STL,NYM,X,3,popup,1,2,2026,-0.68,1.34,0.4858263877777853,3.4463119832574707,,,,1,9,Bot,179.68,169.92,,,,,8.788819288697844,-137.38261749140597,-2.123556449684371,-10.543449962437741,29.448620681175658,-14.918369340963379,3.461351706,1.746850394,174,93.7,62,96.4,2314,7.4,823080,682626,683146,543760,666182,596019,665742,673357,701807,53.13,0.006,0.005,0,1,0,0,3,75,4,4-Seam Fastball,2,4,2,4,4,2,2,4,Standard,Standard,223,-0.022,-0.181,,,,0.007,0.181,93.7,-2,-2,0.037,0.037,31,24,32,24,1,3,2,1,2,1,1.21,0.68,0.68,27.7,,,,,
CH,2026-03-30,85.4,-2.36,5.11,"Williams, Devin",691023,642207,,ball,,,,,14,,R,R,R,STL,NYM,B,,,0,2,2026,-1.65,-0.34,1.1136799980385619,0.4762884920549273,,,,1,9,Bot,,,,,,,11.653654805378153,-123.70813686812832,-3.6178851882707956,-19.317524890578802,26.678514494715778,-35.00515896561271,3.461351706,1.746850394,,,,86.6,2369,7.5,823080,682626,683146,543760,666182,596019,665742,673357,701807,53.04,,,,,,,,75,3,Changeup,2,4,2,4,4,2,2,4,Standard,Standard,271,0.003,0.016,,,,,-0.016,,-2,-2,0.034,0.034,31,24,32,24,1,3,2,1,2,1,3.51,1.65,1.65,17.2,,,,,
FF,2026-03-30,93.1,-2.28,5.51,"Williams, Devin",691023,642207,,swinging_strike,,,,,11,,R,R,R,STL,NYM,S,,,0,1,2026,-0.49,1.43,-0.40046070376527165,3.6772484156364733,,,,1,9,Bot,,,,,,,5.979300018606507,-135.49386645417042,-1.9793262292062963,-7.383271735694938,31.265700409425797,-14.34072362540203,3.461351706,1.746850394,,,,94.6,2347,7.3,823080,682626,683146,543760,666182,596019,665742,673357,701807,53.22,,,,,,,,75,2,4-Seam Fastball,2,4,2,4,4,2,2,4,Standard,Standard,223,-0.008,-0.056,78.4,7.2,0.1,,0.056,,-2,-2,0.042,0.042,31,24,32,24,1,3,2,1,2,1,1.21,0.49,0.49,28.4,7.2007683029319765,3.1746663838900067,29.325178219426657,34.50970693170049,25.300512983831972
CH,2026-03-30,84,-2.44,5.19,"Williams, Devin",691023,642207,,called_strike,,,,,6,,R,R,R,STL,NYM,S,,,0,0,2026,-1.51,-0.01,0.5110194642953778,2.8685809552410797,,,,1,9,Bot,,,,,,,9.912057984896045,-121.81067062476883,1.4013114697833902,-17.06018494507098,27.401012256672313,-32.84249131883944,3.461351706,1.746850394,,,,84.4,2308,7.1,823080,682626,683146,543760,666182,596019,665742,673357,701807,53.41,,,,,,,,75,1,Changeup,2,4,2,4,4,2,2,4,Standard,Standard,274,-0.005,-0.043,,,,,0.043,,-2,-2,0.047,0.047,31,24,32,24,1,3,2,1,2,1,3.3,1.51,1.51,15.8,,,,,
CH,2026-03-30,84.7,-2.36,5.11,"Williams, Devin",669357,642207,field_out,hit_into_play,,,,,7,Nolan Gorman pops out to third baseman Bo Bichette.,R,L,R,STL,NYM,X,5,popup,1,2,2026,-1.53,0.03,-0.6388086803126845,1.7132687007762821,,,,0,9,Bot,84.26,145.57,,,,,7.220279613101204,-123.18500619566636,-1.4018640404120237,-17.03710157540877,25.72259362146239,-31.84390713901021,3.217372047,1.623720472,171,62.4,52,86,2539,7.3,823080,682626,683146,543760,666182,596019,665742,673357,701807,53.24,0.034,0.031,0,1,0,0,3,74,4,Changeup,2,4,2,4,4,2,2,4,Infield shade,Strategic,276,-0.034,-0.19,37.8,7.3,,0.034,0.19,88.0,-2,-2,0.081,0.081,31,26,32,26,1,3,2,1,2,1,3.17,1.53,-1.53,15.7,16.186589234510688,5.2074218303602855,38.60847390055636,44.048572036739984,33.37202965283864
CH,2026-03-30,84.6,-2.39,5.16,"Williams, Devin",669357,642207,,swinging_strike,,,,,14,,R,L,R,STL,NYM,S,,,1,1,2026,-1.56,-0.21,0.6662485528327271,1.4233423059931538,,,,0,9,Bot,,,,,,,10.357820006908588,-122.72544466467235,-1.624204054679043,-17.92451067039584,26.4007548144834,-34.18444375057292,3.217372047,1.623720472,,,,85.4,2623,7.2,823080,682626,683146,543760,666182,596019,665742,673357,701807,53.34,,,,,,,,74,3,Changeup,2,4,2,4,4,2,2,4,Standard,Strategic,269,-0.012,-0.062,72.5,8.1,1.968032412,,0.062,,-2,-2,0.093,0.093,31,26,32,26,1,3,2,1,2,1,3.44,1.56,-1.56,14.7,28.583685772317203,-26.12874814557778,39.13864960909988,28.7930014972751,49.57195063836697
FF,2026-03-30,93.6,-2.19,5.34,"Williams, Devin",669357,642207,,called_strike,,,,,6,,R,L,R,STL,NYM,S,,,1,0,2026,-0.96,1.37,0.32044930523172865,2.319510533843256,,,,0,9,Bot,,,,,,,8.717170250968097,-135.9308988384314,-4.983889628641124,-13.86527750845137,31.392117538368975,-14.256309116063516,3.217372047,1.623720472,,,,95.2,2397,7.5,823080,682626,683146,543760,666182,596019,665742,673357,701807,53.03,,,,,,,,74,2,4-Seam Fastball,2,4,2,4,4,2,2,4,Standard,Strategic,227,-0.012,-0.058,,,,,0.058,,-2,-2,0.105,0.105,31,26,32,26,1,3,2,1,2,1,1.25,0.96,-0.96,26.1,,,,,
FF,2026-03-30,94.5,-2.23,5.43,"Williams, Devin",669357,642207,,ball,,,,,11,,R,L,R,STL,NYM,B,,,0,0,2026,-1.02,1.24,-0.16931171958579272,4.0160003048751145,,,,0,9,Bot,,,,,,,7.774697801455696,-137.40894202401404,-0.609270364997689,-14.731127884820229,33.34279198220559,-16.60686442494054,3.217372047,1.623720472,,,,95.9,2365,7.3,823080,682626,683146,543760,666182,596019,665742,673357,701807,53.17,,,,,,,,74,1,4-Seam Fastball,2,4,2,4,4,2,2,4,Standard,Strategic,221,0.01,0.046,,,,,-0.046,,-2,-2,0.095,0.095,31,26,32,26,1,3,2,1,2,1,1.33,1.02,-1.02,28.2,,,,,
FF,2026-03-28,93.1,-2.42,5.32,"Williams, Devin",668804,642207,strikeout,swinging_strike,,,,,2,Bryan Reynolds strikes out swinging.,R,L,R,NYM,PIT,S,2,,1,2,2026,-0.96,1.55,0.13444657148191252,3.271441381729507,663968,,656811,2,9,Top,,,,,,,8.79964940142477,-135.25186266538458,-2.7402258225717673,-13.861250198253074,32.65457725288009,-12.89700919903786,3.284071522,1.65738189,,,,94.5,2307,7.4,823651,620443,593871,543760,666182,596019,665742,673357,701807,53.05,,0,0,1,0,0,,69,4,4-Seam Fastball,0,0,0,0,0,0,0,0,Standard,Standard,223,0.097,-0.18,72.6,6.1,0.5629335,,0.18,,0,0,0.542,0.45799999999999996,31,31,32,31,1,4,,2,2,1,1.12,0.96,-0.96,25.1,9.938716655847864,13.16243587753824,40.03737498482446,33.15578155408399,18.18678234397666
CH,2026-03-28,85.8,-2.31,5.2,"Williams, Devin",668804,642207,,ball,,,,,13,,R,L,R,NYM,PIT,B,,,0,2,2026,-1.94,0.39,-0.0797130443955425,1.1354319390380336,663968,,656811,2,9,Top,,,,,,,9.361882553224305,-124.43106796709975,-3.8106704508190674,-22.130744989737305,29.252854498051875,-27.489477986643674,3.284071522,1.65738189,,,,86.5,2321,7.3,823651,620443,593871,543760,666182,596019,665742,673357,701807,53.18,,,,,,,,69,3,Changeup,0,0,0,0,0,0,0,0,Standard,Standard,267,-0.014,-0.027,,,,,0.027,,0,0,0.556,0.44399999999999995,31,31,32,31,1,4,,2,2,1,2.77,1.94,-1.94,17.7,,,,,
FF,2026-03-28,92.5,-2.29,5.33,"Williams, Devin",668804,642207,,foul,,,,,3,,R,L,R,NYM,PIT,S,,,0,1,2026,-0.98,1.57,0.32122806378402924,3.0482864287133618,663968,,656811,2,9,Top,,,,,,,8.946688253647876,-134.36080876574636,-3.3004936649704044,-13.978597724649767,32.629870593586865,-12.779239782774917,3.284071522,1.65738189,182,69.8,22,94,2378,7.6,823651,620443,593871,543760,666182,596019,665742,673357,701807,52.94,,,,,,,,69,2,4-Seam Fastball,0,0,0,0,0,0,0,0,Standard,Standard,221,0.034,-0.044,69.9,5.5,,,0.044,88.0,0,0,0.522,0.478,31,31,32,31,1,4,,2,2,1,1.13,0.98,-0.98,27.8,-5.051683662618079,21.06875316418755,41.85627096459948,31.780185285670328,16.214260417785706
FF,2026-03-28,93.1,-2.25,5.4,"Williams, Devin",668804,642207,,called_strike,,,,,7,,R,L,R,NYM,PIT,S,,,0,0,2026,-1.26,1.7,-0.4537241031513384,1.627623566786855,663968,,656811,2,9,Top,,,,,,,7.506184708974295,-134.97202747951525,-7.426634005370296,-17.1727595015094,37.5567641769669,-9.977115478348528,3.284071522,1.65738189,,,,93.5,2308,7.4,823651,620443,593871,543760,666182,596019,665742,673357,701807,53.11,,,,,,,,69,1,4-Seam Fastball,0,0,0,0,0,0,0,0,Standard,Standard,225,0.021,-0.036,,,,,0.036,,0,0,0.501,0.499,31,31,32,31,1,4,,2,2,1,1.01,1.26,-1.26,25.8,,,,,
CH,2026-03-28,86.2,-2.32,5.12,"Williams, Devin",656811,642207,walk,ball,,,,,13,Ryan O'Hearn walks.,R,L,R,NYM,PIT,B,,,3,2,2026,-2.76,-0.05,-0.46287616473279014,0.9512069508985022,663968,,,2,9,Top,,,,,,,10.236627689133389,-124.73450383522197,-2.9965218684813744,-30.812949003705928,35.61514892880781,-32.13497375459821,3.28933727,1.66003937,,,,85.7,2580,7.3,823651,620443,593871,543760,666182,596019,665742,673357,701807,53.21,,0.698841,0.7,1,0,0,,68,6,Changeup,0,0,0,0,0,0,0,0,Standard,Standard,261,-0.012,0.08,,,,,-0.08,,0,0,0.513,0.487,31,32,32,33,1,4,,2,2,1,3.27,2.76,-2.76,16.1,,,,,
FF,2026-03-28,93.4,-2.32,5.32,"Williams, Devin",656811,642207,,ball,,,,,11,,R,L,R,NYM,PIT,B,,,2,2,2026,-1.34,1.5,-1.3121350674618601,2.947154351996073,663968,,,2,9,Top,,,,,,,5.720605486451059,-135.74453934786374,-3.4968254037811195,-17.770795820874785,35.105117887275334,-13.18907992506036,3.28933727,1.66003937,,,,94.9,2361,7.7,823651,620443,593871,543760,666182,596019,665742,673357,701807,52.85,,,,,,,,68,5,4-Seam Fastball,0,0,0,0,0,0,0,0,Standard,Standard,220,-0.021,0.075,,,,,-0.075,,0,0,0.534,0.46599999999999997,31,32,32,33,1,4,,2,2,1,1.16,1.34,-1.34,23.1,,,,,
CH,2026-03-28,85.7,-2.4,5.14,"Williams, Devin",656811,642207,,ball,,,,,13,,R,L,R,NYM,PIT,B,,,1,2,2026,-2.42,0.06,-0.4081475688891718,1.1147798925748416,663968,,,2,9,Top,,,,,,,9.788748254413244,-124.16886843646049,-2.9586450736667746,-26.983595914877707,30.6077657404821,-31.048373973286484,3.28933727,1.66003937,,,,86.1,2579,7.3,823651,620443,593871,543760,666182,596019,665742,673357,701807,53.18,,,,,,,,68,4,Changeup,0,0,0,0,0,0,0,0,Standard,Standard,266,-0.018,0.043,,,,,-0.043,,0,0,0.552,0.44799999999999995,31,32,32,33,1,4,,2,2,1,3.13,2.42,-2.42,14.6,,,,,
CH,2026-03-28,85.2,-2.43,5.09,"Williams, Devin",656811,642207,,foul,,,,,13,,R,L,R,NYM,PIT,S,,,1,1,2026,-2.18,0.26,-0.5435578489198085,1.3795778472898652,663968,,,2,9,Top,,,,,,,9.003386401870506,-123.44972126162887,-2.4547387255292725,-24.146212059594294,33.12530633724304,-29.16526137106299,3.28933727,1.66003937,1,49.6,-47,85.2,2495,7.4,823651,620443,593871,543760,666182,596019,665742,673357,701807,53.14,,,,,,,,68,3,Changeup,0,0,0,0,0,0,0,0,Strategic,Standard,269,0.031,-0.065,72.5,7.9,,,0.065,88.0,0,0,0.521,0.479,31,32,32,33,1,4,,2,2,1,3,2.18,-2.18,14.4,20.510988104038034,-8.252981433101398,35.612966706575,45.35542857201199,35.74115784008329
CH,2026-03-28,85.2,-2.41,5.06,"Williams, Devin",656811,642207,,blocked_ball,,,,,13,,R,L,R,NYM,PIT,B,,,0,1,2026,-2.05,0.11,-0.5861639032961379,0.6161046403964465,663968,,,2,9,Top,,,,,,,8.559462491627174,-123.60539861698541,-3.9662756556700245,-22.727695047923504,30.58530656626365,-30.313289065192805,3.28933727,1.66003937,,,,85.5,2506,7.2,823651,620443,593871,543760,666182,596019,665742,673357,701807,53.31,,,,,,,,68,2,Changeup,0,0,0,0,0,0,0,0,Strategic,Standard,271,-0.013,0.034,,,,,-0.034,,0,0,0.534,0.46599999999999997,31,32,32,33,1,4,,2,2,1,3.11,2.05,-2.05,15.7,,,,,
FF,2026-03-28,93.1,-2.31,5.35,"Williams, Devin",656811,642207,,called_strike,,,,,6,,R,L,R,NYM,PIT,S,,,0,0,2026,-1.05,1.58,0.4373069500711466,2.468777617056203,663968,,,2,9,Top,,,,,,,9.485388245658141,-134.9646209291645,-4.850461282750307,-15.183942284053868,37.60808452987729,-12.101921285187855,3.28933727,1.66003937,,,,93.6,2300,7.4,823651,620443,593871,543760,666182,596019,665742,673357,701807,53.07,,,,,,,,68,1,4-Seam Fastball,0,0,0,0,0,0,0,0,Strategic,Standard,229,0.019,-0.033,,,,,0.033,,0,0,0.515,0.485,31,32,32,33,1,4,,2,2,1,1.13,1.05,-1.05,22.9,,,,,
CH,2026-03-28,85.2,-2.4,5.19,"Williams, Devin",669707,642207,field_out,hit_into_play,,,,,8,"Jared Triolo grounds out, second baseman Marcus Semien to first baseman Jorge Polanco. Jake Mangum to 3rd.",R,R,R,NYM,PIT,X,4,ground_ball,2,1,2026,-1.83,-0.14,-0.01728557908463446,1.5691331146667684,,663968,,1,9,Top,136.61,148.14,,,,,9.446728542453023,-123.6114749684194,-1.5295394794144213,-20.78280878444412,29.421853179764163,-33.52016028022714,3.342872375,1.687057087,18,69.3,-4,85.8,2443,7.3,823651,620443,593871,543760,666182,596019,665742,673357,701807,53.23,0.111,0.115,0,1,0,0,2,67,4,Changeup,0,0,0,0,0,0,0,0,Standard,Standard,263,0.079,-0.276,74.9,8.5,,0.126,0.276,88.0,0,0,0.436,0.5640000000000001,31,28,32,28,1,4,,2,2,1,3.35,1.83,1.83,16.4,13.686284923943637,-11.06883947273484,42.56173395189719,35.73203854728788,38.8761711752979
FF,2026-03-28,92,-2.25,5.38,"Williams, Devin",669707,642207,,ball,,,,,14,,R,R,R,NYM,PIT,B,,,1,1,2026,-1.01,1.22,1.669515297449321,2.416811212089068,,663968,,1,9,Top,,,,,,,12.335140314239156,-133.22891263055882,-4.126961778735596,-15.016969678645598,33.34370285702123,-16.92877246948993,3.342872375,1.687057087,,,,93.3,2205,7.7,823651,620443,593871,543760,666182,596019,665742,673357,701807,52.78,,,,,,,,67,3,4-Seam Fastball,0,0,0,0,0,0,0,0,Standard,Standard,214,-0.007,0.038,,,,,-0.038,,0,0,0.443,0.5569999999999999,31,28,32,28,1,4,,2,2,1,1.53,1.01,1.01,26.0,,,,,
CH,2026-03-28,86,-2.38,5.02,"Williams, Devin",669707,642207,,ball,,,,,14,,R,R,R,NYM,PIT,B,,,0,1,2026,-2.1,0.23,0.20898144835942523,0.9090144171677244,,663968,,1,9,Top,,,,,,,10.553646179672661,-124.51669509159012,-3.5280562826070634,-24.091749566307513,32.043680262441995,-29.134021586114848,3.342872375,1.687057087,,,,86,2490,7.2,823651,620443,593871,543760,666182,596019,665742,673357,701807,53.29,,,,,,,,67,2,Changeup,0,0,0,0,0,0,0,0,Standard,Standard,267,-0.009,0.04,,,,,-0.04,,0,0,0.452,0.548,31,28,32,28,1,4,,2,2,1,2.95,2.1,2.1,16.2,,,,,
CH,2026-03-28,84.1,-2.39,5.2,"Williams, Devin",669707,642207,,foul,,,,,4,,R,R,R,NYM,PIT,S,,,0,0,2026,-2.48,0,-0.5620689998562822,2.3467557201002665,,663968,,1,9,Top,,,,,,,9.397531724042913,-121.82205436509011,0.3041337577994083,-26.539366468210364,32.38934656081256,-32.575592487058195,3.342872375,1.687057087,16,95.9,-9,84.3,2495,7.5,823651,620443,593871,543760,666182,596019,665742,673357,701807,53,,,,,,,,67,1,Changeup,0,0,0,0,0,0,0,0,Standard,Standard,265,0.014,-0.049,75.3,8.5,,,0.049,95.9,0,0,0.438,0.562,31,28,32,28,1,4,,2,2,1,3.35,2.48,2.48,16.0,17.357557871971764,-25.24637241240341,34.58367092415342,27.74322685857225,38.20099392086369
FF,2026-03-28,93.5,-2.39,5.4,"Williams, Devin",663968,642207,double,hit_into_play,,,,,1,Jake Mangum doubles (1) on a ground ball to left fielder Juan Soto.,R,L,R,NYM,PIT,X,7,ground_ball,0,0,2026,-1.04,1.39,-0.7560349848691872,3.207986126641166,,,,1,9,Top,68.2,137.49,,,,,6.6102648942551685,-135.7623343476728,-2.7001626688608145,-14.389222681796792,38.485644160707615,-14.810233101987068,3.179634186,1.604675197,89,90.6,4,93.8,2272,7.3,823651,620443,593871,543760,666182,596019,665742,673357,701807,53.23,0.417,0.391,1.25,1,1,1,4,66,1,4-Seam Fastball,0,0,0,0,0,0,0,0,Standard,Standard,227,-0.12,0.635,63.1,6.0,,0.47,-0.635,90.6,0,0,0.558,0.44199999999999995,31,30,32,30,1,3,,,2,1,1.29,1.04,-1.04,27.6,2.8393541826008035,34.1432472223814,21.191883395564602,48.34345342813291,7.486948124601614
FF,2026-03-28,93.1,-2.4,5.22,"Williams, Devin",665833,642207,strikeout,swinging_strike,,,,,11,Oneil Cruz strikes out swinging.,R,L,R,NYM,PIT,S,2,,1,2,2026,-1.2,1.4,-0.9112287544373274,2.8504993704552524,,,,0,9,Top,,,,,,,6.603595269707551,-135.12508019539806,-3.1173062857117477,-16.201828538465115,37.72438141840237,-14.83170796586672,3.515764436,1.774311024,,,,94,2351,7.6,823651,620443,593871,543760,666182,596019,665742,673357,701807,52.91,,0,0,1,0,0,,65,4,4-Seam Fastball,0,0,0,0,0,0,0,0,Strategic,Standard,229,0.041,-0.19,82.1,7.8,0.1,,0.19,,0,0,0.517,0.483,31,27,32,28,1,0,,2,2,1,1.31,1.2,-1.2,22.0,0.8279600516469506,2.5274565525965036,26.854439309129155,44.81605902211857,29.945470770445706
FF,2026-03-28,93.9,-2.33,5.33,"Williams, Devin",665833,642207,,called_strike,,,,,8,,R,L,R,NYM,PIT,S,,,1,1,2026,-1.18,1.45,-0.12375716095819156,2.181091013914691,,,,0,9,Top,,,,,,,8.469915066313096,-136.16273285947804,-5.377561484773845,-16.703830032975286,38.42055867582825,-13.253783927959367,3.515764436,1.774311024,,,,94.5,2280,7.5,823651,620443,593871,543760,666182,596019,665742,673357,701807,53.03,,,,,,,,65,3,4-Seam Fastball,0,0,0,0,0,0,0,0,Strategic,Standard,226,0.014,-0.062,,,,,0.062,,0,0,0.503,0.497,31,27,32,28,1,0,,2,2,1,1.22,1.18,-1.18,22.3,,,,,
CH,2026-03-28,85.1,-2.41,5.18,"Williams, Devin",665833,642207,,ball,,,,,13,,R,L,R,NYM,PIT,B,,,0,1,2026,-2.2,0.33,-0.19454191293007828,1.5286558430484578,,,,0,9,Top,,,,,,,9.749110207891098,-123.17885874734961,-2.3921857286810564,-24.40776505024642,33.98386738159386,-28.548908271481984,3.515764436,1.774311024,,,,84.6,2586,7.2,823651,620443,593871,543760,666182,596019,665742,673357,701807,53.34,,,,,,,,65,2,Changeup,0,0,0,0,0,0,0,0,Strategic,Standard,263,-0.006,0.031,,,,,-0.031,,0,0,0.509,0.491,31,27,32,28,1,0,,2,2,1,2.96,2.2,-2.2,15.2,,,,,
FF,2026-03-28,92.2,-2.37,5.28,"Williams, Devin",665833,642207,,foul,,,,,11,,R,L,R,NYM,PIT,S,,,0,0,2026,-1.03,1.74,-0.24335371134326333,3.840366630028279,,,,0,9,Top,,,,,,,7.811693923143307,-133.6905437105683,-1.3058569849913397,-14.328721566080521,40.02363313363115,-11.822221309445052,3.515764436,1.774311024,,,,92.6,2322,7.6,823651,620443,593871,543760,666182,596019,665742,673357,701807,52.87,,,,,,,,65,1,4-Seam Fastball,0,0,0,0,0,0,0,0,Strategic,Standard,221,0.009,-0.043,80.0,6.6,,,0.043,,0,0,0.5,0.5,31,27,32,28,1,0,,2,2,1,1.05,1.03,-1.03,24.5,-5.600371572380563,14.965384203267487,25.9607714048394,40.07304042972973,22.111541052099323
CH,2026-03-16,84.8,-2.61,5.22,"Williams, Devin",695734,642207,field_out,hit_into_play,,,,,7,Daylen Lile flies out to center fielder Cristian Pache.,S,L,R,NYM,WSH,X,8,fly_ball,2,2,2026,-1.69,0.05,-0.5245486552265346,1.8548888203774418,,696285,,2,5,Top,116.46,39.89,,,,,8.332206516501058,-123.15898627476824,-1.3340533395974454,-18.911570725853608,26.375878003075236,-31.653607196033864,3.180511811,1.60511811,380,96.6,32,85.3,2480,6.9,831457,682626,668901,624414,660644,677595,670351,665506,701807,53.61,,,0,,0,0,5,43,5,Changeup,4,4,4,4,4,4,4,4,Standard,Standard,304,0.039,-0.213,,,,,0.213,96.6,0,0,0.528,0.472,31,23,32,24,1,2,,,,,3.16,1.69,-1.69,,,,,,
FF,2026-03-16,94.1,-2.4,5.34,"Williams, Devin",695734,642207,,ball,,,,,11,,S,L,R,NYM,WSH,B,,,1,2,2026,-1.14,1,-1.7372963493817817,3.387095713035534,,,696285,2,5,Top,,,,,,,4.348732795317052,-136.9734184112088,-1.4484924363688154,-15.272147766634113,32.18498273515909,-19.513125317307335,3.180511811,1.60511811,,,,95.5,2269,7.2,831457,682626,668901,624414,660644,677595,670351,665506,701807,53.26,,,,,,,,43,4,4-Seam Fastball,4,4,4,4,4,4,4,4,Infield shade,Standard,230,-0.017,0.051,,,,,-0.051,,0,0,0.545,0.45499999999999996,31,23,32,24,1,2,,,,,1.58,1.14,-1.14,,,,,,
FF,2026-03-16,93.9,-2.35,5.33,"Williams, Devin",695734,642207,,ball,,,,,12,,S,L,R,NYM,WSH,B,,,0,2,2026,-0.76,1.29,1.4991851276304882,2.912327302113945,,,696285,2,5,Top,,,,,,,11.71904551587922,-136.25905936998672,-3.297921079003057,-12.01021658649018,30.022134231812935,-15.48615804467512,3.180511811,1.60511811,,,,95.4,2317,7.3,831457,682626,668901,624414,660644,677595,670351,665506,701807,53.2,,,,,,,,43,3,4-Seam Fastball,4,4,4,4,4,4,4,4,Infield shade,Standard,222,-0.003,0.027,,,,,-0.027,,0,0,0.548,0.45199999999999996,31,23,32,24,1,2,,,,,1.31,0.76,-0.76,,,,,,
CH,2026-03-16,83.9,-2.49,5.2,"Williams, Devin",695734,642207,,swinging_strike,,,,,13,,S,L,R,NYM,WSH,S,,,0,1,2026,-1.68,-0.39,-0.7357518278359496,1.36050929705753,,,696285,2,5,Top,,,,,,,7.478690999861149,-121.95446087249054,-1.3827352975197893,-18.25414104004775,26.353262958962908,-36.00954809567386,3.180511811,1.60511811,,,,84.5,2647,6.9,831457,682626,668901,624414,660644,677595,670351,665506,701807,53.55,,,,,,,,43,2,Changeup,4,4,4,4,4,4,4,4,Infield shade,Standard,272,0.007,-0.063,,,,,0.063,,0,0,0.541,0.45899999999999996,31,23,32,24,1,2,,,,,3.67,1.68,-1.68,,,,,,
FC,2026-03-16,90.2,-2.4,5.46,"Williams, Devin",695734,642207,,foul,,,,,14,,S,L,R,NYM,WSH,S,,,0,0,2026,0.14,0.92,1.0415988392765196,2.057717087019353,,,696285,2,5,Top,,,,,,,8.270938517335138,-131.13589601367377,-4.355178434793338,-0.0921977102477833,27.02654007293291,-20.776493432761338,3.180511811,1.60511811,6,98.4,-19,91.7,2292,7.2,831457,682626,668901,624414,660644,677595,670351,665506,701807,53.33,,,,,,,,43,1,Cutter,4,4,4,4,4,4,4,4,Infield shade,Standard,204,0.005,-0.044,,,,,0.044,98.4,0,0,0.536,0.46399999999999997,31,23,32,24,1,2,,,,,1.88,-0.14,0.14,,,,,,
CH,2026-03-16,85.1,-2.27,5.19,"Williams, Devin",665953,642207,strikeout,swinging_strike,,,,,14,Andrés Chaparro strikes out swinging.,S,R,R,NYM,WSH,S,2,,0,2,2026,-1.65,-0.02,0.2510386951063619,1.242494178583101,,,696285,1,5,Top,,,,,,,9.317942990263925,-123.44498811180786,-2.582162267780581,-18.832370808569635,27.121588508130337,-32.01830354953827,3.205085302,1.617519685,,,,85.5,2448,6.9,831457,682626,668901,624414,660644,677595,670351,665506,701807,53.56,,,0,,0,0,,42,3,Changeup,4,4,4,4,4,4,4,4,Standard,Standard,270,0.023,-0.164,,,,,0.164,,0,0,0.513,0.487,31,27,32,27,1,2,,,,,3.21,1.65,1.65,,,,,,
FF,2026-03-16,93,-2.3,5.43,"Williams, Devin",665953,642207,,foul,,,,,3,,S,R,R,NYM,WSH,S,,,0,1,2026,-0.8,1.28,0.49179647103196966,3.186599399089653,,,696285,1,5,Top,,,,,,,9.004592535264656,-135.11260102740624,-2.6584260725245716,-11.839551231381929,30.610320148971866,-16.104687127801494,3.205085302,1.617519685,227,71.7,30,94.4,2230,7.3,831457,682626,668901,624414,660644,677595,670351,665506,701807,53.23,,,,,,,,42,2,4-Seam Fastball,4,4,4,4,4,4,4,4,Standard,Standard,219,0.01,-0.054,,,,,0.054,88.0,0,0,0.503,0.497,31,27,32,27,1,2,,,,,1.37,0.8,0.8,,,,,,
CH,2026-03-16,84.9,-2.52,5.22,"Williams, Devin",665953,642207,,foul,,,,,8,,S,R,R,NYM,WSH,S,,,0,0,2026,-1.68,0.11,-0.006001811992828898,1.8250593622444011,,,696285,1,5,Top,,,,,,,9.2984645157671,-123.15823483158839,-1.4991321419519996,-18.99423128580065,27.705597150680962,-30.996523907909808,3.205085302,1.617519685,,,,85,2341,6.8,831457,682626,668901,624414,660644,677595,670351,665506,701807,53.68,,,,,,,,42,1,Changeup,4,4,4,4,4,4,4,4,Standard,Standard,274,0.006,-0.041,,,,,0.041,,0,0,0.497,0.503,31,27,32,27,1,2,,,,,3.11,1.68,1.68,,,,,,
SL,2026-03-16,87.6,-2.46,5.49,"Williams, Devin",686611,642207,field_out,hit_into_play,,,,,6,Dylan Crews flies out to center fielder Cristian Pache.,S,R,R,NYM,WSH,X,8,fly_ball,0,0,2026,0.42,0.63,0.2873808268035366,2.2009028793866148,,,696285,0,5,Top,128.56,87.71,,,,,5.726933890065768,-127.49101461954493,-2.945747668396981,3.3839466512027125,26.704168061048875,-24.901731645908388,3.165592192,1.597588583,272,79.1,35,88.5,2370,6.9,831457,682626,668901,624414,660644,677595,670351,665506,701807,53.59,,,0,,0,0,3,41,1,Slider,4,4,4,4,4,4,4,4,Standard,Standard,169,0.045,-0.26,,,,,0.26,88.0,0,0,0.452,0.548,31,24,32,24,1,2,,,,,2.34,-0.42,-0.42,,,,,,
FF,2026-03-16,93.8,-2.31,5.46,"Williams, Devin",696285,642207,walk,ball,,,,,12,Jacob Young walks.,S,R,R,NYM,WSH,B,,,3,2,2026,-0.83,1.28,1.329066953736445,3.326137812834003,,,,0,5,Top,,,,,,,11.330421717145766,-135.99403252788383,-2.3781777966459083,-13.07196654852286,34.78348030498085,-16.132005268955147,3.187532808,1.608661417,,,,94.4,2289,7.2,831457,682626,668901,624414,660644,677595,670351,665506,701807,53.26,,,0.7,,0,0,,40,7,4-Seam Fastball,4,4,4,4,4,4,4,4,Standard,Standard,223,-0.041,0.372,,,,,-0.372,,0,0,0.493,0.507,31,26,32,27,1,2,,,,,1.37,0.83,0.83,,,,,,
CH,2026-03-16,84.1,-2.5,5.07,"Williams, Devin",696285,642207,,foul,,,,,13,,S,R,R,NYM,WSH,S,,,3,2,2026,-1.4,-0.34,-0.7922427625101096,1.4759121550820011,,,,0,5,Top,,,,,,,6.810439646870591,-122.23744098038533,-0.9647676010070514,-15.424471267715534,25.931756523889163,-35.574435425511744,3.187532808,1.608661417,6,78.4,-17,84.6,2438,6.8,831457,682626,668901,624414,660644,677595,670351,665506,701807,53.67,,,,,,,,40,6,Changeup,4,4,4,4,4,4,4,4,Standard,Standard,276,0,0,,,,,0,88.0,0,0,0.493,0.507,31,26,32,27,1,2,,,,,3.59,1.4,1.4,,,,,,
CH,2026-03-16,84.8,-2.29,5.14,"Williams, Devin",696285,642207,,ball,,,,,14,,S,R,R,NYM,WSH,B,,,2,2,2026,-1.52,-0.16,1.3033875189341415,1.6932887536629355,,,,0,5,Top,,,,,,,11.506814060525219,-122.97065948846485,-1.102864971149765,-17.801760831733997,25.528549607319906,-33.827529601192275,3.187532808,1.608661417,,,,85.4,2327,6.9,831457,682626,668901,624414,660644,677595,670351,665506,701807,53.55,,,,,,,,40,5,Changeup,4,4,4,4,4,4,4,4,Standard,Standard,274,-0.011,0.117,,,,,-0.117,,0,0,0.504,0.496,31,26,32,27,1,2,,,,,3.37,1.52,1.52,,,,,,
SL,2026-03-16,85.3,-2.56,5.46,"Williams, Devin",696285,642207,,foul,,,,,3,,S,R,R,NYM,WSH,S,,,2,1,2026,0.67,0.46,0.4485309172812055,2.9025103704265796,,,,0,5,Top,,,,,,,5.693952497623708,-124.19823344047602,-0.43880552513342064,5.718558032893324,25.544518047909886,-27.570595982566378,3.187532808,1.608661417,258,80.7,54,86.3,2537,7,831457,682626,668901,624414,660644,677595,670351,665506,701807,53.54,,,,,,,,40,4,Slider,4,4,4,4,4,4,4,4,Standard,Standard,166,0.009,-0.078,,,,,0.078,88.0,0,0,0.495,0.505,31,26,32,27,1,2,,,,,2.68,-0.67,-0.67,,,,,,
CH,2026-03-16,83.6,-2.39,5.11,"Williams, Devin",696285,642207,,ball,,,,,14,,S,R,R,NYM,WSH,B,,,1,1,2026,-1.62,-0.1,0.6492597637729614,1.333750680118158,,,,0,5,Top,,,,,,,10.250831076183038,-121.2099695415314,-1.6980450779138803,-18.132061298379433,27.48965818172084,-32.98419689766399,3.187532808,1.608661417,,,,83.6,2500,6.9,831457,682626,668901,624414,660644,677595,670351,665506,701807,53.62,,,,,,,,40,3,Changeup,4,4,4,4,4,4,4,4,Standard,Standard,273,-0.006,0.064,,,,,-0.064,,0,0,0.501,0.499,31,26,32,27,1,2,,,,,3.43,1.62,1.62,,,,,,
SL,2026-03-16,82.9,-2.47,5.5,"Williams, Devin",696285,642207,,swinging_strike,,,,,14,,S,R,R,NYM,WSH,S,,,1,0,2026,0.53,0.37,1.0206513719790764,1.4879377874772861,,,,0,5,Top,,,,,,,6.8702961667806965,-120.49779770433751,-3.1668257012071344,3.7943977901680555,24.102026946773304,-28.16602878756633,3.187532808,1.608661417,,,,83.5,2396,6.8,831457,682626,668901,624414,660644,677595,670351,665506,701807,53.7,,,,,,,,40,2,Slider,4,4,4,4,4,4,4,4,Standard,Standard,171,0.006,-0.058,,,,,0.058,,0,0,0.495,0.505,31,26,32,27,1,2,,,,,2.96,-0.53,-0.53,,,,,,
FF,2026-03-16,92.6,-2.27,5.46,"Williams, Devin",696285,642207,,ball,,,,,12,,S,R,R,NYM,WSH,B,,,0,0,2026,-0.68,1.26,0.6204958136998563,3.5418691630607757,,,,0,5,Top,,,,,,,8.929721467676696,-134.62485531354884,-1.6995403429367373,-10.218189336137124,30.433026068732264,-16.775472170930474,3.187532808,1.608661417,,,,94,2236,7.2,831457,682626,668901,624414,660644,677595,670351,665506,701807,53.27,,,,,,,,40,1,4-Seam Fastball,4,4,4,4,4,4,4,4,Standard,Standard,224,-0.005,0.046,,,,,-0.046,,0,0,0.5,0.5,31,26,32,27,1,2,,,,,1.42,0.68,0.68,,,,,,
FF,2026-03-13,93.5,-2.39,5.48,"Williams, Devin",666624,642207,force_out,hit_into_play,,,,,14,"Christopher Morel grounds into a force out, shortstop Jackson Cluff to second baseman Marcus Semien. Graham Pauley out at 2nd.",S,R,R,NYM,MIA,X,6,ground_ball,2,2,2026,-0.78,1.43,0.944739208484845,2.2187991180000246,681393,,688363,2,4,Top,117.04,159.16,,,,,10.416207530890581,-135.67572949772892,-5.683442362931391,-11.968875514697237,31.507907267244985,-13.430511190697295,3.227903543,1.629035433,7,82.9,-19,94.9,2305,7.4,831462,620443,593871,543760,666182,687714,643565,673357,621438,53.11,,,0,,0,0,2,25,5,4-Seam Fastball,0,0,0,0,0,0,0,0,Standard,Standard,226,0.051,-0.247,,,,,0.247,88.0,0,0,0.509,0.491,31,27,32,27,1,1,,,,,1.21,0.78,0.78,,,,,,
CH,2026-03-13,84.1,-2.43,5.12,"Williams, Devin",666624,642207,,ball,,,,,14,,S,R,R,NYM,MIA,B,,,1,2,2026,-1.56,0.08,1.2550211806046656,2.0583851306505943,681393,,688363,2,4,Top,,,,,,,11.729932910674455,-121.85268357809163,-0.5638215469824189,-17.96838046783073,25.469858426430765,-31.485336343453444,3.227903543,1.629035433,,,,84.8,2294,7.1,831462,620443,593871,543760,666182,687714,643565,673357,621438,53.39,,,,,,,,25,4,Changeup,0,0,0,0,0,0,0,0,Standard,Standard,272,-0.009,0.055,,,,,-0.055,,0,0,0.518,0.482,31,27,32,27,1,1,,,,,3.19,1.56,1.56,,,,,,
CH,2026-03-13,83.4,-2.47,5.2,"Williams, Devin",666624,642207,,swinging_strike,,,,,13,,S,R,R,NYM,MIA,S,,,1,1,2026,-1.92,-0.06,-0.3988974713330642,1.101551099594528,681393,,688363,2,4,Top,,,,,,,8.647748403514992,-121.05108122927585,-2.5413167999033535,-20.60880790410459,26.104529990419415,-32.4655278335603,3.227903543,1.629035433,,,,83.9,2381,7,831462,620443,593871,543760,666182,687714,643565,673357,621438,53.48,,,,,,,,25,3,Changeup,0,0,0,0,0,0,0,0,Standard,Standard,267,0.015,-0.097,,,,,0.097,,0,0,0.503,0.497,31,27,32,27,1,1,,,,,3.39,1.92,1.92,,,,,,
CH,2026-03-13,84.6,-2.5,5.21,"Williams, Devin",666624,642207,,blocked_ball,,,,,13,,S,R,R,NYM,MIA,B,,,0,1,2026,-1.75,0.2,-1.2688690255128345,0.5648308304324865,681393,,688363,2,4,Top,,,,,,,6.482757577160192,-122.94161338987671,-4.6290670472108015,-19.067372548807242,25.640205163987332,-29.396060502816113,3.227903543,1.629035433,,,,85.5,2422,7.1,831462,620443,593871,543760,666182,687714,643565,673357,621438,53.41,,,,,,,,25,2,Changeup,0,0,0,0,0,0,0,0,Standard,Standard,266,-0.006,0.026,,,,,-0.026,,0,0,0.509,0.491,31,27,32,27,1,1,,,,,3.01,1.75,1.75,,,,,,
FF,2026-03-13,91.8,-2.33,5.47,"Williams, Devin",666624,642207,,swinging_strike,,,,,3,,S,R,R,NYM,MIA,S,,,0,0,2026,-0.84,1.39,0.4528654775240203,2.7823816520607956,681393,,688363,2,4,Top,,,,,,,8.951176207101465,-133.34589103221776,-3.8284349239567814,-11.99701711775545,30.0447219404734,-15.022558192934715,3.227903543,1.629035433,,,,93.1,2332,7.3,831462,620443,593871,543760,666182,687714,643565,673357,621438,53.21,,,,,,,,25,1,4-Seam Fastball,0,0,0,0,0,0,0,0,Standard,Standard,223,0.009,-0.036,,,,,0.036,,0,0,0.5,0.5,31,27,32,27,1,1,,,,,1.34,0.84,0.84,,,,,,
FC,2026-03-13,89.6,-2.37,5.52,"Williams, Devin",688363,642207,single,hit_into_play,,,,,3,Graham Pauley singles on a line drive to right fielder Tyrone Taylor. Connor Norby to 3rd.,S,L,R,NYM,MIA,X,9,line_drive,3,1,2026,-0.09,1.22,0.3739548176715822,3.151054143281053,,,681393,2,4,Top,169.71,129.96,,,,,7.008293887864086,-130.4085891415106,-2.391188071633958,-2.3322062505959753,24.513888047280464,-17.835685304754005,3.254232283,1.642322835,173,76.9,15,91.7,2416,7.3,831462,620443,593871,543760,666182,687714,643565,673357,621438,53.19,,,0.9,,1,0,4,24,5,Cutter,0,0,0,0,0,0,0,0,Infield shade,Standard,203,-0.022,0.191,,,,,-0.191,88.0,0,0,0.522,0.478,31,25,32,26,1,1,,,,,1.59,0.09,-0.09,,,,,,
FF,2026-03-13,93.5,-2.61,5.48,"Williams, Devin",688363,642207,,ball,,,,,11,,S,L,R,NYM,MIA,B,,,2,1,2026,-1.08,1.3,-1.3194747636711261,2.822817075759163,,,681393,2,4,Top,,,,,,,5.7908214510108245,-136.0495267645789,-3.9110474628539427,-14.693881345844906,28.407589209656134,-15.37245052333292,3.254232283,1.642322835,,,,95.2,2319,7.1,831462,620443,593871,543760,666182,687714,643565,673357,621438,53.35,,,,,,,,24,4,4-Seam Fastball,0,0,0,0,0,0,0,0,Infield shade,Standard,224,-0.008,0.11,,,,,-0.11,,0,0,0.53,0.47,31,25,32,26,1,1,,,,,1.3,1.08,-1.08,,,,,,
CH,2026-03-13,85.4,-2.58,5.13,"Williams, Devin",688363,642207,,ball,,,,,13,,S,L,R,NYM,MIA,B,,,1,1,2026,-1.75,0.11,-1.2202815209898812,1.2631205935348944,,,681393,2,4,Top,,,,,,,6.875516738009072,-124.20081154073574,-2.8004835374114663,-19.44394993642777,26.41359988585003,-30.668173941846586,3.254232283,1.642322835,,,,86.7,2435,7.3,831462,620443,593871,543760,666182,687714,643565,673357,621438,53.24,,,,,,,,24,3,Changeup,0,0,0,0,0,0,0,0,Infield shade,Standard,272,-0.003,0.052,,,,,-0.052,,0,0,0.533,0.46699999999999997,31,25,32,26,1,1,,,,,3.04,1.75,-1.75,,,,,,
FF,2026-03-13,93.1,-2.54,5.47,"Williams, Devin",688363,642207,,ball,,,,,11,,S,L,R,NYM,MIA,B,,,0,1,2026,-1.01,1.51,-0.6876021588369039,4.0859181741176185,,,681393,2,4,Top,,,,,,,7.0373404561227,-135.36093384590785,-0.997327616057313,-14.011338743223297,31.10855364416484,-13.616308389753154,3.254232283,1.642322835,,,,94.1,2358,7,831462,620443,593871,543760,666182,687714,643565,673357,621438,53.46,,,,,,,,24,2,4-Seam Fastball,0,0,0,0,0,0,0,0,Infield shade,Standard,229,-0.003,0.032,,,,,-0.032,,0,0,0.536,0.46399999999999997,31,25,32,26,1,1,,,,,1.13,1.01,-1.01,,,,,,
CH,2026-03-13,83.6,-2.55,5.22,"Williams, Devin",688363,642207,,swinging_strike,,,,,7,,S,L,R,NYM,MIA,S,,,0,0,2026,-2.15,-0.03,-0.32937105726440263,1.5771836877425294,,,681393,2,4,Top,,,,,,,9.463333430837833,-121.22966666262188,-1.55179885507235,-23.12033508297924,26.50796541322157,-32.386752199911946,3.254232283,1.642322835,,,,83.9,2264,6.9,831462,620443,593871,543760,666182,687714,643565,673357,621438,53.58,,,,,,,,24,1,Changeup,0,0,0,0,0,0,0,0,Infield shade,Standard,268,0.004,-0.044,,,,,0.044,,0,0,0.532,0.46799999999999997,31,25,32,26,1,1,,,,,3.35,2.15,-2.15,,,,,,
FF,2026-03-13,94.2,-2.2,5.55,"Williams, Devin",681393,642207,single,hit_into_play,,,,,12,Connor Norby singles on a line drive to right fielder Tyrone Taylor.,S,R,R,NYM,MIA,X,9,line_drive,1,2,2026,-0.98,1.26,0.1759171700798059,3.2707770607955426,,,,2,4,Top,187.92,122.63,,,,,8.460769946605033,-136.91008581655538,-2.9280764908563324,-14.20975328900193,29.730226854531395,-15.886065885314116,3.112934711,1.57101378,97,97,4,95.8,2281,7.2,831462,620443,593871,543760,666182,687714,643565,673357,621438,53.28,,,0.9,,1,0,4,23,4,4-Seam Fastball,0,0,0,0,0,0,0,0,Strategic,Standard,222,-0.019,0.421,,,,,-0.421,97.0,0,0,0.551,0.44899999999999995,31,26,32,26,1,1,,,,,1.31,0.98,0.98,,,,,,
CH,2026-03-13,83.9,-2.54,5.08,"Williams, Devin",681393,642207,,called_strike,,,,,9,,S,R,R,NYM,MIA,S,,,1,1,2026,-1.8,0.06,0.5097459667929165,1.4816621546554702,,,,2,4,Top,,,,,,,10.736531910518279,-121.74215853535817,-1.8230698262300158,-19.964161386396572,23.02233773658241,-31.417052869154194,3.112934711,1.57101378,,,,85.1,2478,7.2,831462,620443,593871,543760,666182,687714,643565,673357,621438,53.35,,,,,,,,23,3,Changeup,0,0,0,0,0,0,0,0,Standard,Standard,268,0.003,-0.069,,,,,0.069,,0,0,0.548,0.45199999999999996,31,26,32,26,1,1,,,,,3.19,1.8,1.8,,,,,,
SL,2026-03-13,86.8,-2.62,5.45,"Williams, Devin",681393,642207,,ball,,,,,14,,S,R,R,NYM,MIA,B,,,0,1,2026,0.57,0.93,1.054451222350333,0.6103068670394607,,,,2,4,Top,,,,,,,7.588638756329026,-126.10393273520255,-7.106589700340421,4.417132656759406,26.82131915506734,-20.96523071661486,3.112934711,1.57101378,,,,87.8,2439,7.1,831462,620443,593871,543760,666182,687714,643565,673357,621438,53.38,,,,,,,,23,2,Slider,0,0,0,0,0,0,0,0,Standard,Standard,204,-0.001,0.032,,,,,-0.032,,0,0,0.549,0.45099999999999996,31,26,32,26,1,1,,,,,2.12,-0.57,-0.57,,,,,,
SL,2026-03-13,87.1,-2.69,5.46,"Williams, Devin",681393,642207,,called_strike,,,,,6,,S,R,R,NYM,MIA,S,,,0,0,2026,0.54,0.86,0.7073020249531639,2.2171486977006754,,,,2,4,Top,,,,,,,6.989378806341314,-126.69385822461898,-3.237624682484005,4.400586724026273,25.509752924570154,-22.41895217016531,3.112934711,1.57101378,,,,88,2467,6.9,831462,620443,593871,543760,666182,687714,643565,673357,621438,53.65,,,,,,,,23,1,Slider,0,0,0,0,0,0,0,0,Standard,Standard,192,0.002,-0.044,,,,,0.044,,0,0,0.547,0.45299999999999996,31,26,32,26,1,1,,,,,2.14,-0.54,-0.54,,,,,,
SL,2026-03-13,85.9,-2.71,5.41,"Williams, Devin",681715,642207,strikeout,called_strike,,,,,8,Heriberto Hernández called out on strikes.,S,R,R,NYM,MIA,S,2,,2,2,2026,0.44,0.87,-0.014704285380752025,1.7367963542979667,,,,1,4,Top,,,,,,,5.460852577203774,-125.05046684607761,-4.096187556186828,3.5248741784952133,24.448774923660103,-22.403421043240556,3.178756562,1.604232283,,,,87.2,2508,7,831462,620443,593871,543760,666182,687714,643565,673357,621438,53.49,,,0,,0,0,,22,5,Slider,0,0,0,0,0,0,0,0,Strategic,Standard,183,0.017,-0.238,,,,,0.238,,0,0,0.53,0.47,31,26,32,27,1,1,,,,,2.21,-0.44,-0.44,,,,,,
SL,2026-03-13,86.5,-2.66,5.42,"Williams, Devin",681715,642207,,ball,,,,,14,,S,R,R,NYM,MIA,B,,,1,2,2026,0.35,0.74,1.4881995730153106,1.205589018282952,,,,1,4,Top,,,,,,,9.171225096821622,-125.7196817066615,-5.21662032588577,1.9130743103000216,24.747819464255908,-23.43740350832686,3.178756562,1.604232283,,,,88,2360,7.2,831462,620443,593871,543760,666182,687714,643565,673357,621438,53.28,,,,,,,,22,4,Slider,0,0,0,0,0,0,0,0,Strategic,Standard,197,-0.003,0.057,,,,,-0.057,,0,0,0.533,0.46699999999999997,31,26,32,27,1,1,,,,,2.31,-0.35,-0.35,,,,,,
CH,2026-03-13,82.7,-2.66,5.17,"Williams, Devin",681715,642207,,ball,,,,,13,,S,R,R,NYM,MIA,B,,,0,2,2026,-1.77,-0.43,-0.36088802111794127,0.5859512840532886,,,,1,4,Top,,,,,,,8.819754462676368,-120.06455584769085,-2.7706362368399624,-18.87740943807949,25.83192317471918,-35.910560484133555,3.178756562,1.604232283,,,,83.4,2591,7.1,831462,620443,593871,543760,666182,687714,643565,673357,621438,53.38,,,,,,,,22,3,Changeup,0,0,0,0,0,0,0,0,Strategic,Standard,278,-0.002,0.016,,,,,-0.016,,0,0,0.535,0.46499999999999997,31,26,32,27,1,1,,,,,3.81,1.77,1.77,,,,,,
CH,2026-03-13,84.2,-2.64,5.15,"Williams, Devin",681715,642207,,swinging_strike,,,,,13,,S,R,R,NYM,MIA,S,,,0,1,2026,-1.8,-0.12,-0.45341951968028127,1.438490744564766,,,,1,4,Top,,,,,,,8.795434552620842,-122.2979861480738,-1.716004114888233,-19.778201681065003,25.6580151166858,-33.22755976785946,3.178756562,1.604232283,,,,85.4,2524,7.3,831462,620443,593871,543760,666182,687714,643565,673357,621438,53.18,,,,,,,,22,2,Changeup,0,0,0,0,0,0,0,0,Infield shade,Standard,273,0.005,-0.056,,,,,0.056,,0,0,0.53,0.47,31,26,32,27,1,1,,,,,3.36,1.8,1.8,,,,,,
FF,2026-03-13,93.4,-2.4,5.41,"Williams, Devin",681715,642207,,called_strike,,,,,6,,S,R,R,NYM,MIA,S,,,0,0,2026,-0.97,1.45,0.3712763017038727,2.184535723776483,,,,1,4,Top,,,,,,,9.397994464787832,-135.62949653102987,-5.666083557904837,-14.049776149569489,29.41782300782027,-13.210329042511185,3.178756562,1.604232283,,,,95.2,2347,7.4,831462,620443,593871,543760,666182,687714,643565,673357,621438,53.08,,,,,,,,22,1,4-Seam Fastball,0,0,0,0,0,0,0,0,Infield shade,Standard,228,0.003,-0.043,,,,,0.043,,0,0,0.527,0.473,31,26,32,27,1,1,,,,,1.17,0.97,0.97,,,,,,
CH,2026-03-13,85,-2.64,5.13,"Williams, Devin",665923,642207,strikeout,swinging_strike,,,,,13,Esteury Ruiz strikes out swinging.,S,R,R,NYM,MIA,S,2,,2,2,2026,-1.81,-0.04,-1.1762158132562612,1.756243476158478,,,,0,4,Top,,,,,,,7.165563649532755,-123.54198164551424,-1.2036360589075665,-19.93979420042572,27.7923889127727,-32.507023250093766,3.165592192,1.597588583,,,,85.5,2544,7,831462,620443,593871,543760,666182,687714,643565,673357,621438,53.54,,,0,,0,0,,21,6,Changeup,0,0,0,0,0,0,0,0,Standard,Standard,274,0.023,-0.238,,,,,0.238,,0,0,0.504,0.496,31,27,32,27,1,1,,,,,3.23,1.81,1.81,,,,,,
CH,2026-03-13,84.1,-2.52,5.25,"Williams, Devin",665923,642207,,ball,,,,,14,,S,R,R,NYM,MIA,B,,,1,2,2026,-1.71,-0.07,0.8326238784294584,0.2846367189016159,,,,0,4,Top,,,,,,,11.254933221130662,-121.87471296446812,-4.623345667143063,-19.37158520346393,26.850770469405923,-32.02264996831695,3.165592192,1.597588583,,,,84.5,2336,7.1,831462,620443,593871,543760,666182,687714,643565,673357,621438,53.44,,,,,,,,21,5,Changeup,0,0,0,0,0,0,0,0,Standard,Standard,270,-0.004,0.048,,,,,-0.048,,0,0,0.508,0.492,31,27,32,27,1,1,,,,,3.35,1.71,1.71,,,,,,
FF,2026-03-13,93.1,-2.37,5.44,"Williams, Devin",665923,642207,,foul,,,,,2,,S,R,R,NYM,MIA,S,,,1,2,2026,-1.2,1.47,-0.2370507610100061,3.188289143918554,,,,0,4,Top,,,,,,,8.208944668714032,-135.27301246633664,-3.1187451825359647,-16.520829931742202,30.94496764346234,-13.626122741121819,3.165592192,1.597588583,216,70.1,53,94.3,2359,7.2,831462,620443,593871,543760,666182,687714,643565,673357,621438,53.33,,,,,,,,21,4,4-Seam Fastball,0,0,0,0,0,0,0,0,Standard,Standard,225,0,0,,,,,0,88.0,0,0,0.508,0.492,31,27,32,27,1,1,,,,,1.17,1.2,1.2,,,,,,
SL,2026-03-13,87.7,-2.56,5.47,"Williams, Devin",665923,642207,,foul,,,,,9,,S,R,R,NYM,MIA,S,,,1,1,2026,0.13,0.7,0.43876851843507614,1.5896882647167094,,,,0,4,Top,,,,,,,6.975119525990759,-127.57475953215273,-4.575147708659584,0.013498867620304956,25.30005677666739,-23.791359953169778,3.165592192,1.597588583,157,72.8,16,88.9,2493,7,831462,620443,593871,543760,666182,687714,643565,673357,621438,53.5,,,,,,,,21,3,Slider,0,0,0,0,0,0,0,0,Standard,Standard,197,0.007,-0.062,,,,,0.062,88.0,0,0,0.501,0.499,31,27,32,27,1,1,,,,,2.26,-0.13,-0.13,,,,,,
FF,2026-03-13,92.7,-2.43,5.37,"Williams, Devin",665923,642207,,called_strike,,,,,12,,S,R,R,NYM,MIA,S,,,1,0,2026,-1.01,1.11,0.9933954905141384,2.7197305438350226,,,,0,4,Top,,,,,,,11.066242571393362,-134.52934942041193,-3.261815005902194,-14.675127996184017,30.392029122001606,-18.123496921674075,3.165592192,1.597588583,,,,94.1,2218,7.3,831462,620443,593871,543760,666182,687714,643565,673357,621438,53.16,,,,,,,,21,2,4-Seam Fastball,0,0,0,0,0,0,0,0,Standard,Standard,225,0.005,-0.058,,,,,0.058,,0,0,0.496,0.504,31,27,32,27,1,1,,,,,1.56,1.01,1.01,,,,,,
FF,2026-03-13,92.1,-2.49,5.47,"Williams, Devin",665923,642207,,ball,,,,,12,,S,R,R,NYM,MIA,B,,,0,0,2026,-0.82,1.25,1.114985187543498,3.029625029002125,,,,0,4,Top,,,,,,,11.003145037827467,-133.65766124669807,-2.9545891642730315,-12.253989521945385,29.605484296980908,-16.709434289424056,3.165592192,1.597588583,,,,93.4,2232,7.2,831462,620443,593871,543760,666182,687714,643565,673357,621438,53.25,,,,,,,,21,1,4-Seam Fastball,0,0,0,0,0,0,0,0,Standard,Standard,222,-0.004,0.046,,,,,-0.046,,0,0,0.5,0.5,31,27,32,27,1,1,,,,,1.45,0.82,0.82,,,,,,
CH,2026-03-09,84.5,-2.56,5.18,"Williams, Devin",801464,642207,strikeout,swinging_strike,,,,,8,Andrew Pintar strikes out swinging.,S,R,R,NYM,MIA,S,2,,3,2,2026,-1.89,-0.09,-0.10046070154065778,1.6336268398353542,,,,2,5,Top,,,,,,,9.598145149577837,-122.67317667416137,-1.3939274217303745,-21.042891066667135,26.683224463738643,-33.02931118282003,3.244578412,1.637450787,,,,85,2531,6.9,831468,620443,691775,660644,624414,677595,621438,643565,701807,53.56,,,0,,0,0,,38,7,Changeup,5,0,0,5,0,5,0,5,Standard,Standard,266,0.005,-0.304,,,,,0.304,,5,-5,0.955,0.04500000000000004,31,25,32,25,1,1,,,,,3.33,1.89,1.89,,,,,,
FF,2026-03-09,94.2,-2.42,5.38,"Williams, Devin",801464,642207,,ball,,,,,12,,S,R,R,NYM,MIA,B,,,2,2,2026,-0.86,1.32,1.30654093358436,2.9891218753986113,,,,2,5,Top,,,,,,,11.616061469984201,-136.61348561098822,-3.262607444756994,-13.447198161984197,32.15780153438296,-15.134506838680265,3.244578412,1.637450787,,,,94.8,2352,7,831468,620443,691775,660644,624414,677595,621438,643565,701807,53.5,,,,,,,,38,6,4-Seam Fastball,5,0,0,5,0,5,0,5,Standard,Standard,223,-0.002,0.085,,,,,-0.085,,5,-5,0.957,0.04300000000000004,31,25,32,25,1,1,,,,,1.28,0.86,0.86,,,,,,
CH,2026-03-09,85,-2.49,5.2,"Williams, Devin",801464,642207,,ball,,,,,14,,S,R,R,NYM,MIA,B,,,1,2,2026,-1.76,-0.12,0.9581282220434302,1.3967456940800056,,,,2,5,Top,,,,,,,11.646241798511854,-123.05227798824967,-1.9429669603943336,-20.317939918829396,28.211286273116368,-33.18314903281724,3.244578412,1.637450787,,,,85,2406,6.9,831468,620443,691775,660644,624414,677595,621438,643565,701807,53.59,,,,,,,,38,5,Changeup,5,0,0,5,0,5,0,5,Standard,Standard,271,0,0.042,,,,,-0.042,,5,-5,0.957,0.04300000000000004,31,25,32,25,1,1,,,,,3.35,1.76,1.76,,,,,,
SL,2026-03-09,87.6,-2.61,5.48,"Williams, Devin",801464,642207,,foul,,,,,9,,S,R,R,NYM,MIA,S,,,1,2,2026,0.57,0.92,0.5759002772630466,1.75725941814243,,,,2,5,Top,,,,,,,6.463039419215665,-127.41186323039177,-4.577508398278493,4.762470396527148,27.46463526222848,-21.398438532571497,3.244578412,1.637450787,122,62.1,17,88.5,2400,7,831468,620443,691775,660644,624414,677595,621438,643565,701807,53.54,,,,,,,,38,4,Slider,5,0,0,5,0,5,0,5,Strategic,Standard,186,0,0,,,,,0,88.0,5,-5,0.957,0.04300000000000004,31,25,32,25,1,1,,,,,2.06,-0.57,-0.57,,,,,,
SL,2026-03-09,86.3,-2.59,5.52,"Williams, Devin",801464,642207,,swinging_strike,,,,,14,,S,R,R,NYM,MIA,S,,,1,1,2026,0.64,0.54,0.6223390092987795,1.3009186409143942,,,,2,5,Top,,,,,,,6.276888309803883,-125.50165804505501,-4.730544419304087,5.511142300428208,25.411806183561893,-25.735807208481802,3.244578412,1.637450787,,,,87.3,2374,6.9,831468,620443,691775,660644,624414,677595,621438,643565,701807,53.57,,,,,,,,38,3,Slider,5,0,0,5,0,5,0,5,Strategic,Standard,176,0.001,-0.069,,,,,0.069,,5,-5,0.956,0.04400000000000004,31,25,32,25,1,1,,,,,2.53,-0.64,-0.64,,,,,,
SL,2026-03-09,86.6,-2.51,5.52,"Williams, Devin",801464,642207,,ball,,,,,14,,S,R,R,NYM,MIA,B,,,0,1,2026,0.28,0.67,1.2936958477637546,1.021028983105134,,,,2,5,Top,,,,,,,8.476250387901551,-125.78089816071464,-5.714937419296387,1.246961353242872,25.102203953075662,-24.123328549639663,3.244578412,1.637450787,,,,87.6,2401,7,831468,620443,691775,660644,624414,677595,621438,643565,701807,53.52,,,,,,,,38,2,Slider,5,0,0,5,0,5,0,5,Strategic,Standard,186,-0.001,0.032,,,,,-0.032,,5,-5,0.957,0.04300000000000004,31,25,32,25,1,1,,,,,2.38,-0.28,-0.28,,,,,,
SL,2026-03-09,86.8,-2.56,5.52,"Williams, Devin",801464,642207,,foul,,,,,4,,S,R,R,NYM,MIA,S,,,0,0,2026,0.35,0.89,-0.44045744200141396,2.448565945966246,,,,2,5,Top,,,,,,,4.330987720048509,-126.4946137698721,-2.9044125252781123,2.9514934572513347,23.99269877972404,-22.18400985469826,3.244578412,1.637450787,286,79.8,43,88.1,2391,6.9,831468,620443,691775,660644,624414,677595,621438,643565,701807,53.65,,,,,,,,38,1,Slider,5,0,0,5,0,5,0,5,Strategic,Standard,192,0.001,-0.044,,,,,0.044,88.0,5,-5,0.956,0.04400000000000004,31,25,32,25,1,1,,,,,2.11,-0.35,-0.35,,,,,,
FF,2026-03-09,94.2,-2.4,5.41,"Williams, Devin",640459,642207,field_out,hit_into_play,,,,,2,Brian Navarreto flies out to right fielder Carson Benge.,S,R,R,NYM,MIA,X,9,fly_ball,0,0,2026,-1.16,1.2,-0.21972060647657976,2.89371017322705,,,,1,5,Top,204.82,117.94,,,,,8.305759048168499,-136.91942810501686,-3.352569471424934,-16.41331215274066,31.69987460044844,-16.529842782128263,3.235802165,1.633021654,280,91.4,34,95.1,2227,7,831468,620443,691775,660644,624414,677595,621438,643565,701807,53.52,,,0,,0,0,3,37,1,4-Seam Fastball,5,0,0,5,0,5,0,5,Strategic,Standard,229,0.007,-0.264,,,,,0.264,91.4,5,-5,0.949,0.051000000000000045,31,31,32,32,1,1,,,,,1.38,1.16,1.16,,,,,,
CH,2026-03-09,83.1,-2.54,5.13,"Williams, Devin",669288,642207,,foul,,,,,1,,S,L,R,NYM,MIA,S,,,3,2,2026,-1.72,0.03,-0.5986131518599886,2.8948423315179754,,,,0,5,Top,,,,,,,7.881062609063621,-120.71701426549949,1.5030516520203856,-18.350384032722637,23.685816061379754,-32.38396565093738,3.110301837,1.569685039,228,78.7,59,83.7,2188,6.8,831468,620443,691775,660644,624414,677595,621438,643565,701807,53.71,,,,,,,,36,7,Changeup,5,0,0,5,0,5,0,5,Infield shade,Standard,276,0,0,,,,,0,88.0,5,-5,0.933,0.06699999999999995,31,30,32,31,1,1,,,,,3.28,1.72,-1.72,,,,,,
FF,2026-03-09,95.7,-2.4,5.48,"Williams, Devin",669288,642207,,ball,,,,,11,,S,L,R,NYM,MIA,B,,,2,2,2026,-0.94,1.44,-1.137112009691148,2.697454127923483,,,,0,5,Top,,,,,,,5.501206711614213,-139.28778050869676,-4.875969530517353,-13.438213934618002,31.389112171485884,-12.531769300533842,3.110301837,1.569685039,,,,96.7,2356,6.9,831468,620443,691775,660644,624414,677595,621438,643565,701807,53.64,,,,,,,,36,6,4-Seam Fastball,5,0,0,5,0,5,0,5,Infield shade,Standard,225,-0.005,0.117,,,,,-0.117,,5,-5,0.938,0.062000000000000055,31,30,32,31,1,1,,,,,1.05,0.94,-0.94,,,,,,
FF,2026-03-09,95,-2.3,5.38,"Williams, Devin",669288,642207,,foul,,,,,14,,S,L,R,NYM,MIA,S,,,2,2,2026,-1.18,1.43,1.2064018531932967,2.144862476986775,,,,0,5,Top,,,,,,,11.86699222837633,-137.69736913697975,-5.863181207812784,-17.755750351837513,32.50300385102562,-12.780511727192307,3.110301837,1.569685039,11,49.9,-5,95.6,2416,7,831468,620443,691775,660644,624414,677595,621438,643565,701807,53.49,,,,,,,,36,5,4-Seam Fastball,5,0,0,5,0,5,0,5,Infield shade,Standard,227,0,0,,,,,0,88.0,5,-5,0.938,0.062000000000000055,31,30,32,31,1,1,,,,,1.13,1.18,-1.18,,,,,,
CH,2026-03-09,85.3,-2.5,5.12,"Williams, Devin",669288,642207,,ball,,,,,14,,S,L,R,NYM,MIA,B,,,1,2,2026,-1.95,-0.03,0.4489629671483024,0.8033173380121346,,,,0,5,Top,,,,,,,10.927664682715383,-123.64922957811686,-3.472396644041674,-22.278229935073732,27.023180857831658,-31.888013416760433,3.110301837,1.569685039,,,,85.6,2455,6.9,831468,620443,691775,660644,624414,677595,621438,643565,701807,53.61,,,,,,,,36,4,Changeup,5,0,0,5,0,5,0,5,Infield shade,Standard,276,-0.002,0.048,,,,,-0.048,,5,-5,0.94,0.06000000000000005,31,30,32,31,1,1,,,,,3.21,1.95,-1.95,,,,,,
CH,2026-03-09,85,-2.51,5.19,"Williams, Devin",669288,642207,,swinging_strike,,,,,13,,S,L,R,NYM,MIA,S,,,1,1,2026,-1.71,0.05,-0.3613551859921298,0.7057094788421785,,,,0,5,Top,,,,,,,8.535343155802211,-123.45972644718819,-3.9792761039214413,-19.223362768864902,26.709936515466403,-31.04157148006438,3.110301837,1.569685039,,,,85.4,2350,6.8,831468,620443,691775,660644,624414,677595,621438,643565,701807,53.68,,,,,,,,36,3,Changeup,5,0,0,5,0,5,0,5,Infield shade,Standard,270,0.003,-0.062,,,,,0.062,,5,-5,0.937,0.06299999999999994,31,30,32,31,1,1,,,,,3.14,1.71,-1.71,,,,,,
FF,2026-03-09,94.5,-2.33,5.36,"Williams, Devin",669288,642207,,called_strike,,,,,9,,S,L,R,NYM,MIA,S,,,1,0,2026,-1.27,1.25,0.48154912064560573,1.7858066201304652,,,,0,5,Top,,,,,,,10.21678384400667,-136.98412766293058,-6.202082712363002,-18.400213707763154,33.444466155076974,-15.250024940434763,3.110301837,1.569685039,,,,95,2401,7,831468,620443,691775,660644,624414,677595,621438,643565,701807,53.45,,,,,,,,36,2,4-Seam Fastball,5,0,0,5,0,5,0,5,Infield shade,Standard,224,0.003,-0.058,,,,,0.058,,5,-5,0.934,0.06599999999999995,31,30,32,31,1,1,,,,,1.35,1.27,-1.27,,,,,,
FF,2026-03-09,93.5,-2.45,5.5,"Williams, Devin",669288,642207,,ball,,,,,11,,S,L,R,NYM,MIA,B,,,0,0,2026,-1.06,1.48,-1.0079017850530987,4.018091713923517,,,,0,5,Top,,,,,,,6.118361394150031,-135.8832302473924,-1.160114518578084,-14.467710700035816,33.646314019334476,-13.981319020341097,3.110301837,1.569685039,,,,94,2321,7,831468,620443,691775,660644,624414,677595,621438,643565,701807,53.54,,,,,,,,36,1,4-Seam Fastball,5,0,0,5,0,5,0,5,Infield shade,Standard,224,-0.002,0.046,,,,,-0.046,,5,-5,0.936,0.06399999999999995,31,30,32,31,1,1,,,,,1.16,1.06,-1.06,,,,,,
,2026-03-09,,,,"Williams, Devin",669288,642207,strikeout,automatic_strike,,,,,,Daniel Johnson strikes out on automatic strike.,S,L,R,NYM,MIA,S,2,,3,2,2026,,,,,,,,0,5,Top,,,,,,,,,,,,,,,,,,,,,831468,620443,691775,660644,624414,677595,621438,643565,701807,,,,0,,0,0,,36,8,,5,0,0,5,0,5,0,5,,,,0.016,,,,,,,,5,-5,0.933,0.06699999999999995,31,30,32,31,1,1,,,,,,,,,,,,,
SL,2026-03-06,85.8,-2.62,5.54,"Williams, Devin",801464,642207,field_out,hit_into_play,,,,,3,"Andrew Pintar grounds out, pitcher Devin Williams to first baseman Ryan Clifford.",S,R,R,MIA,NYM,X,1,ground_ball,2,1,2026,0.68,0.36,0.44631027236561416,2.904322432873567,,,691277,2,5,Bot,124.63,177.94,,,,,5.835728128120292,-125.02676453988198,-0.6093284090810269,6.181425905814752,22.40896614192666,-28.40694846590224,3.244578412,1.637450787,16,75.2,-9,87.4,2475,7,831480,682626,691775,543760,624414,660644,805999,621438,701807,53.53,,,0,,0,0,2,36,4,Slider,1,0,1,0,0,1,1,0,Standard,Standard,162,-0.024,-0.318,,,,,0.318,88.0,1,1,0.684,0.684,31,25,32,25,1,1,,,,,2.7,-0.68,-0.68,,,,,,
SL,2026-03-06,84.9,-2.62,5.5,"Williams, Devin",801464,642207,,called_strike,,,,,3,,S,R,R,MIA,NYM,S,,,2,0,2026,0.5,0.43,0.8193115065929621,2.9356968009234987,,,691277,2,5,Bot,,,,,,,7.024256578907419,-123.69884406198902,-0.4632364466371125,3.9646646050888106,20.95532533103757,-27.779378179603317,3.244578412,1.637450787,,,,86.6,2536,7,831480,682626,691775,543760,624414,660644,805999,621438,701807,53.53,,,,,,,,36,3,Slider,1,0,1,0,0,1,1,0,Standard,Standard,159,-0.004,-0.054,,,,,0.054,,1,1,0.688,0.688,31,25,32,25,1,1,,,,,2.68,-0.5,-0.5,,,,,,
CH,2026-03-06,84.4,-2.55,5.22,"Williams, Devin",801464,642207,,ball,,,,,14,,S,R,R,MIA,NYM,B,,,1,0,2026,-1.8,0.03,1.728359201240304,1.6548460733238977,,,691277,2,5,Bot,,,,,,,13.555862414110843,-122.20282962536416,-1.7350974791834564,-20.684620088552702,23.072730286300704,-31.752161174502696,3.244578412,1.637450787,,,,85.1,2322,6.9,831480,682626,691775,543760,624414,660644,805999,621438,701807,53.6,,,,,,,,36,2,Changeup,1,0,1,0,0,1,1,0,Standard,Standard,265,0.004,0.055,,,,,-0.055,,1,1,0.684,0.684,31,25,32,25,1,1,,,,,3.19,1.8,1.8,,,,,,
FF,2026-03-06,93.2,-2.54,5.55,"Williams, Devin",801464,642207,,ball,,,,,11,,S,R,R,MIA,NYM,B,,,0,0,2026,-0.97,1.26,-0.25438531628844874,3.772027498823478,,,691277,2,5,Bot,,,,,,,8.075054861605445,-135.57788829806213,-1.4773880543340807,-13.695253999662588,28.487588510619954,-16.503193757734618,3.244578412,1.637450787,,,,94.7,2312,7.1,831480,682626,691775,543760,624414,660644,805999,621438,701807,53.42,,,,,,,,36,1,4-Seam Fastball,1,0,1,0,0,1,1,0,Standard,Standard,226,0.002,0.039,,,,,-0.039,,1,1,0.682,0.682,31,25,32,25,1,1,,,,,1.36,0.97,0.97,,,,,,
FF,2026-03-06,94.5,-2.51,5.32,"Williams, Devin",691277,642207,walk,ball,,,,,12,Deyvison De Los Santos walks.,S,R,R,MIA,NYM,B,,,3,2,2026,-1.05,1.42,1.2999769182204222,2.979824303664054,,,,2,5,Bot,,,,,,,12.39821280088207,-137.09304441133852,-3.4741118140368785,-16.008227374805408,30.62332839809215,-13.611619087500866,3.257742782,1.644094488,,,,96,2356,7.4,831480,682626,691775,543760,624414,660644,805999,621438,701807,53.14,,,0.7,,0,0,,35,6,4-Seam Fastball,1,0,1,0,0,1,1,0,Standard,Standard,231,0.009,0.298,,,,,-0.298,,1,1,0.673,0.673,31,23,32,23,1,1,,,,,1.15,1.05,1.05,,,,,,
FF,2026-03-06,94.4,-2.47,5.45,"Williams, Devin",691277,642207,,foul,,,,,12,,S,R,R,MIA,NYM,S,,,3,1,2026,-1.02,1.57,1.0023041149015084,2.58344285480406,,,,2,5,Bot,,,,,,,11.3911644323392,-136.89835021871718,-5.121396001325652,-15.470806489707897,31.919573153663883,-11.451955979715907,3.257742782,1.644094488,218,69.8,51,95.3,2503,7.1,831480,682626,691775,543760,624414,660644,805999,621438,701807,53.37,,,,,,,,35,5,4-Seam Fastball,1,0,1,0,0,1,1,0,Standard,Standard,228,-0.002,-0.095,,,,,0.095,88.0,1,1,0.675,0.675,31,23,32,23,1,1,,,,,1.02,1.02,1.02,,,,,,
CH,2026-03-06,84.5,-2.74,5.1,"Williams, Devin",691277,642207,,ball,,,,,14,,S,R,R,MIA,NYM,B,,,2,1,2026,-1.59,-0.12,0.2263058722259752,0.46550765514413817,,,,2,5,Bot,,,,,,,10.17003196868468,-122.55164526408446,-3.95276661839765,-18.06105617034654,24.047670581705226,-32.76404085109939,3.257742782,1.644094488,,,,85.4,2527,7.1,831480,682626,691775,543760,624414,660644,805999,621438,701807,53.43,,,,,,,,35,4,Changeup,1,0,1,0,0,1,1,0,Standard,Standard,270,0.003,0.1,,,,,-0.1,,1,1,0.672,0.672,31,23,32,23,1,1,,,,,3.33,1.59,1.59,,,,,,
SL,2026-03-06,87.4,-2.75,5.47,"Williams, Devin",691277,642207,,called_strike,,,,,9,,S,R,R,MIA,NYM,S,,,2,0,2026,0.49,1.02,0.5098400728994892,2.04414676970528,,,,2,5,Bot,,,,,,,6.778450075374246,-127.21749756943727,-4.158560741949484,4.260685015757937,21.78603117796824,-20.416485841162054,3.257742782,1.644094488,,,,88.9,2435,6.8,831480,682626,691775,543760,624414,660644,805999,621438,701807,53.68,,,,,,,,35,3,Slider,1,0,1,0,0,1,1,0,Standard,Standard,192,-0.002,-0.062,,,,,0.062,,1,1,0.674,0.674,31,23,32,23,1,1,,,,,1.92,-0.49,-0.49,,,,,,
CH,2026-03-06,84.4,-2.6,5.19,"Williams, Devin",691277,642207,,ball,,,,,14,,S,R,R,MIA,NYM,B,,,1,0,2026,-1.81,0.09,0.44433511442323304,1.454762418459286,,,,2,5,Bot,,,,,,,10.7192161516469,-122.42327844626742,-2.2544851200512923,-20.27246507428546,23.764752540368406,-31.048349788639946,3.257742782,1.644094488,,,,85,2395,6.8,831480,682626,691775,543760,624414,660644,805999,621438,701807,53.71,,,,,,,,35,2,Changeup,1,0,1,0,0,1,1,0,Standard,Standard,270,0.002,0.063,,,,,-0.063,,1,1,0.672,0.672,31,23,32,23,1,1,,,,,3.13,1.81,1.81,,,,,,
CH,2026-03-06,83.1,-2.62,5.22,"Williams, Devin",691277,642207,,ball,,,,,14,,S,R,R,MIA,NYM,B,,,0,0,2026,-1.86,-0.23,1.2987290555277553,1.379682625680744,,,,2,5,Bot,,,,,,,12.671164263850018,-120.3529909348189,-1.5719141286286853,-20.543846323376677,23.060916751073385,-34.35503586491376,3.257742782,1.644094488,,,,83.8,2267,7,831480,682626,691775,543760,624414,660644,805999,621438,701807,53.51,,,,,,,,35,1,Changeup,1,0,1,0,0,1,1,0,Standard,Standard,272,0.001,0.041,,,,,-0.041,,1,1,0.671,0.671,31,23,32,23,1,1,,,,,3.56,1.86,1.86,,,,,,
SL,2026-03-06,85.8,-2.76,5.55,"Williams, Devin",640459,642207,field_out,hit_into_play,,,,,6,Brian Navarreto flies out to right fielder Carson Benge.,S,R,R,MIA,NYM,X,9,fly_ball,0,2,2026,0.53,0.61,0.3399560964511785,2.665898357132773,,,,1,5,Bot,163.5,106.36,,,,,6.234972568464952,-125.0187865837492,-1.753105031221541,4.573925721483276,20.856277273695387,-25.571662537267052,3.235802165,1.633021654,250,93.1,48,87.6,2440,6.9,831480,682626,691775,543760,624414,660644,805999,621438,701807,53.55,,,0,,0,0,3,34,3,Slider,1,0,1,0,0,1,1,0,Standard,Standard,177,-0.01,-0.165,,,,,0.165,93.1,1,1,0.681,0.681,31,31,32,32,1,1,,,,,2.43,-0.53,-0.53,,,,,,
FF,2026-03-06,93.3,-2.58,5.34,"Williams, Devin",640459,642207,,foul,,,,,12,,S,R,R,MIA,NYM,S,,,0,1,2026,-0.95,1.45,0.19333271480641956,3.7678513281521324,,,,1,5,Bot,,,,,,,9.315513820961307,-135.55546830443288,-1.3760593254911913,-13.735514924575192,29.671646203882478,-14.249708767783977,3.235802165,1.633021654,263,77,43,94.9,2351,7.3,831480,682626,691775,543760,624414,660644,805999,621438,701807,53.22,,,,,,,,34,2,4-Seam Fastball,1,0,1,0,0,1,1,0,Standard,Standard,230,-0.004,-0.056,,,,,0.056,88.0,1,1,0.685,0.685,31,31,32,32,1,1,,,,,1.18,0.95,0.95,,,,,,
FF,2026-03-06,92.2,-2.46,5.51,"Williams, Devin",640459,642207,,foul,,,,,6,,S,R,R,MIA,NYM,S,,,0,0,2026,-0.83,1.56,0.7271066145667804,2.3323112194902165,,,,1,5,Bot,,,,,,,9.978402183445954,-133.89969596451144,-5.5741460971709875,-12.058015932954236,28.045892430122468,-12.32552306636532,3.235802165,1.633021654,252,77,48,93.7,2376,7.2,831480,682626,691775,543760,624414,660644,805999,621438,701807,53.26,,,,,,,,34,1,4-Seam Fastball,1,0,1,0,0,1,1,0,Standard,Standard,220,-0.002,-0.043,,,,,0.043,88.0,1,1,0.687,0.687,31,31,32,32,1,1,,,,,1.12,0.83,0.83,,,,,,
CH,2026-03-06,84.2,-2.69,5.2,"Williams, Devin",694580,642207,strikeout,called_strike,,,,,9,Kemp Alderman called out on strikes.,S,R,R,MIA,NYM,S,2,,0,2,2026,-1.82,-0.19,0.34256369440136103,1.6108768654339913,,,,0,5,Bot,,,,,,,10.742882698178787,-122.22985631957268,-1.332306691228156,-20.318614925123118,22.862972372303744,-34.06860223201573,3.322687008,1.676870079,,,,85.4,2508,7.1,831480,682626,691775,543760,624414,660644,805999,621438,701807,53.43,,,0,,0,0,,33,3,Changeup,1,0,1,0,0,1,1,0,Standard,Standard,268,-0.013,-0.166,,,,,0.166,,1,1,0.7,0.7,31,23,32,24,1,1,,,,,3.41,1.82,1.82,,,,,,
FF,2026-03-06,93.7,-2.5,5.39,"Williams, Devin",694580,642207,,called_strike,,,,,3,,S,R,R,MIA,NYM,S,,,0,1,2026,-0.94,1.4,0.6789615037185381,2.9834023682136626,,,,0,5,Bot,,,,,,,10.357563337841603,-136.11514384245544,-3.4875200685148973,-13.965800544905225,30.349949254985177,-14.123747883854763,3.322687008,1.676870079,,,,94.9,2378,7.1,831480,682626,691775,543760,624414,660644,805999,621438,701807,53.37,,,,,,,,33,2,4-Seam Fastball,1,0,1,0,0,1,1,0,Standard,Standard,228,-0.005,-0.055,,,,,0.055,,1,1,0.705,0.705,31,23,32,24,1,1,,,,,1.2,0.94,0.94,,,,,,
CH,2026-03-06,84.3,-2.7,5.19,"Williams, Devin",694580,642207,,called_strike,,,,,8,,S,R,R,MIA,NYM,S,,,0,0,2026,-1.63,0.04,0.2721027784117249,2.048761956572029,,,,0,5,Bot,,,,,,,10.196954406258763,-122.32323960059774,-0.7202665228062815,-18.425501664201146,25.080973272386224,-31.879417707663407,3.322687008,1.676870079,,,,84.8,2233,6.8,831480,682626,691775,543760,624414,660644,805999,621438,701807,53.66,,,,,,,,33,1,Changeup,1,0,1,0,0,1,1,0,Standard,Standard,273,-0.003,-0.043,,,,,0.043,,1,1,0.708,0.708,31,23,32,24,1,1,,,,,3.2,1.63,1.63,,,,,,
SL,2026-03-03,84.8,-2.62,5.45,"Williams, Devin",830698,642207,strikeout,swinging_strike,,,,,14,Cristhian Sandoval strikes out swinging.,E,R,R,NYM,NCA,S,2,,0,2,2026,0.34,0.56,1.8633956417490392,2.028596913727657,,,,2,7,Top,,,,,,,9.748559070775475,-123.32584432568532,-2.7030576134194164,1.9463014184752958,20.24514177731053,-26.093055411759753,3.165,1.598,,,,86.4,2510,6.9,831434,666163,670351,660644,702544,687714,801523,805999,689822,53.57,,,0,,0,0,,60,3,Slider,5,2,2,5,2,5,2,5,Strategic,Standard,190,0.005,-0.154,,,,,0.154,,3,-3,0.936,0.06399999999999995,31,26,32,26,1,0,,,,,2.57,-0.34,-0.34,,,,,,
SL,2026-03-03,82.6,-2.66,5.51,"Williams, Devin",830698,642207,,foul,,,,,9,,E,R,R,NYM,NCA,S,,,0,1,2026,0.63,0.13,0.8115832904759018,1.8341491075170486,,,,2,7,Top,,,,,,,6.596981992691138,-120.17188354868237,-1.866886202888574,4.7722495009292345,24.373256819973232,-30.746857453835133,3.165,1.598,17,54.9,-4,83.1,2567,6.8,831434,666163,670351,660644,702544,687714,801523,805999,689822,53.75,,,,,,,,60,2,Slider,5,2,2,5,2,5,2,5,Strategic,Standard,153,0.002,-0.061,,,,,0.061,88.0,3,-3,0.934,0.06599999999999995,31,26,32,26,1,0,,,,,3.22,-0.63,-0.63,,,,,,
CH,2026-03-03,82.4,-2.53,5.23,"Williams, Devin",830698,642207,,called_strike,,,,,9,,E,R,R,NYM,NCA,S,,,0,0,2026,-1.92,-0.16,0.5891793745970648,1.8849818151978064,,,,2,7,Top,,,,,,,10.85799162148564,-119.42936366675752,-0.3921730470372953,-20.562973780296854,26.169769732512954,-33.90312752795636,3.165,1.598,,,,82.4,232,6.8,831434,666163,670351,660644,702544,687714,801523,805999,689822,53.69,,,,,,,,60,1,Changeup,5,2,2,5,2,5,2,5,Standard,Standard,91,0.001,-0.044,,,,,0.044,,3,-3,0.933,0.06699999999999995,31,26,32,26,1,0,,,,,3.59,1.92,1.92,,,,,,
SL,2026-03-03,85.5,-2.62,5.54,"Williams, Devin",830696,642207,strikeout,swinging_strike,,,,,14,Ronald Rivera strikes out swinging.,E,R,R,NYM,NCA,S,2,,1,2,2026,0.47,0.81,1.410604560578264,1.3682605639829406,,,,1,7,Top,,,,,,,8.462348854111816,-124.3099932555544,-5.01121979300404,3.231307509224636,24.40554201908226,-22.9172787017273,3.21,1.62,,,,86.2,2437,6.7,831434,666163,670351,660644,702544,687714,801523,805999,689822,53.76,,,0,,0,0,,59,4,Slider,5,2,2,5,2,5,2,5,Strategic,Standard,182,0.011,-0.181,,,,,0.181,,3,-3,0.922,0.07799999999999996,31,32,32,33,1,2,,,,,2.31,-0.47,-0.47,,,,,,
CH,2026-03-03,83.2,-2.51,5.21,"Williams, Devin",830696,642207,,foul,,,,,8,,E,R,R,NYM,NCA,S,,,1,1,2026,-1.96,-0.26,0.025435899873974765,1.6932842129068755,,,,1,7,Top,,,,,,,9.69397381193475,-120.7250180231171,-0.7557112203342504,-21.08677546424704,26.17215940567276,-34.8005661699457,3.21,1.62,,,,83.2,2576,6.7,831434,666163,670351,660644,702544,687714,801523,805999,689822,53.81,,,,,,,,59,3,Changeup,5,2,2,5,2,5,2,5,Strategic,Standard,275,0.004,-0.074,,,,,0.074,,3,-3,0.918,0.08199999999999996,31,32,32,33,1,2,,,,,3.6,1.96,1.96,,,,,,
FF,2026-03-03,92.6,-2.46,5.33,"Williams, Devin",830696,642207,,foul,,,,,12,,E,R,R,NYM,NCA,S,,,1,0,2026,-1.24,1.16,0.3760793112092853,3.4333010038990075,,,,1,7,Top,,,,,,,10.098897186620643,-134.53814341478588,-1.428427733347021,-17.329638037584456,30.122198771279376,-17.98689235950879,3.21,1.62,257,75.7,37,94.1,2326,7.3,831434,666163,670351,660644,702544,687714,801523,805999,689822,53.19,,,,,,,,59,2,4-Seam Fastball,5,2,2,5,2,5,2,5,Strategic,Standard,228,0.004,-0.051,,,,,0.051,88.0,3,-3,0.914,0.08599999999999997,31,32,32,33,1,2,,,,,1.51,1.24,1.24,,,,,,
SL,2026-03-03,84.3,-2.52,5.45,"Williams, Devin",830696,642207,,ball,,,,,14,,E,R,R,NYM,NCA,B,,,0,0,2026,0.54,0.25,1.6981109298434702,-0.7690603936527816,,,,1,7,Top,,,,,,,8.639596882369482,-122.26221118639029,-8.260776799096513,3.585299810571281,25.326027881232246,-28.13958435960731,3.21,1.62,,,,84.7,2618,6.9,831434,666163,670351,660644,702544,687714,801523,805999,689822,53.65,,,,,,,,59,1,Slider,5,2,2,5,2,5,2,5,Standard,Standard,164,-0.003,0.043,,,,,-0.043,,3,-3,0.917,0.08299999999999996,31,32,32,33,1,2,,,,,2.99,-0.54,-0.54,,,,,,
CH,2026-03-03,83.6,-2.58,5.17,"Williams, Devin",668965,642207,strikeout,called_strike,,,,,13,Freddy Zamora called out on strikes.,E,R,R,NYM,NCA,S,2,,2,2,2026,-1.81,0.15,-0.5960209100978802,1.453106683433528,,,,0,7,Top,,,,,,,8.197437520729153,-121.36434347003393,-2.0936362128819717,-19.507819851114913,27.928064402922907,-30.436395729624138,3.197,1.614,,,,83.6,2416,6.8,831434,666163,670351,660644,702544,687714,801523,805999,689822,53.71,,,0,,0,0,,58,5,Changeup,5,2,2,5,2,5,2,5,Standard,Standard,263,0.02,-0.238,,,,,0.238,,3,-3,0.897,0.10299999999999998,31,27,32,28,1,2,,,,,3.17,1.81,1.81,,,,,,
CH,2026-03-03,81.8,-2.58,5.21,"Williams, Devin",668965,642207,,swinging_strike,,,,,7,,E,R,R,NYM,NCA,S,,,2,1,2026,-1.7,-0.25,-0.6318606521696151,1.9615308736004096,,,,0,7,Top,,,,,,,7.704577675544819,-118.88496714945711,-0.01836541462489305,-17.57515876750496,23.607534211749016,-34.73807274473367,3.197,1.614,,,,82.1,2566,6.6,831434,666163,670351,660644,702544,687714,801523,805999,689822,53.87,,,,,,,,58,4,Changeup,5,2,2,5,2,5,2,5,Standard,Standard,272,0.008,-0.078,,,,,0.078,,3,-3,0.889,0.11099999999999999,31,27,32,28,1,2,,,,,3.67,1.7,1.7,,,,,,
FF,2026-03-03,92.7,-2.46,5.27,"Williams, Devin",668965,642207,,ball,,,,,12,,E,R,R,NYM,NCA,B,,,1,1,2026,-1.07,1.41,1.1048220267941673,3.5489104320954334,,,,0,7,Top,,,,,,,11.509886430606338,-134.4824057834244,-1.5405404170257508,-15.572955529749244,30.17311354788248,-14.912489862867922,3.197,1.614,,,,93.6,2400,7.1,831434,666163,670351,660644,702544,687714,801523,805999,689822,53.43,,,,,,,,58,3,4-Seam Fastball,5,2,2,5,2,5,2,5,Standard,Standard,228,-0.005,0.064,,,,,-0.064,,3,-3,0.894,0.10599999999999998,31,27,32,28,1,2,,,,,1.26,1.07,1.07,,,,,,
FF,2026-03-03,92.5,-2.51,5.38,"Williams, Devin",668965,642207,,called_strike,,,,,6,,E,R,R,NYM,NCA,S,,,1,0,2026,-1.26,1.21,0.7101815581119892,2.5542007429385203,,,,0,7,Top,,,,,,,11.068396084862002,-134.28898251699223,-3.9251157693193135,-17.67799446233858,28.7172750208629,-16.84274629257101,3.197,1.614,,,,93.8,2331,7.1,831434,666163,670351,660644,702544,687714,801523,805999,689822,53.36,,,,,,,,58,2,4-Seam Fastball,5,2,2,5,2,5,2,5,Standard,Standard,226,0.005,-0.058,,,,,0.058,,3,-3,0.889,0.11099999999999999,31,27,32,28,1,2,,,,,1.46,1.26,1.26,,,,,,
,2026-03-03,,,,"Williams, Devin",668965,642207,,automatic_ball,,,,,,,E,R,R,NYM,NCA,B,,,0,0,2026,,,,,,,,0,7,Top,,,,,,,,,,,,,,,,,,,,,831434,666163,670351,660644,702544,687714,801523,805999,689822,,,,,,,,,58,1,,5,2,2,5,2,5,2,5,,,,-0.004,,,,,,,,3,-3,0.893,0.10699999999999998,31,27,32,28,1,2,,,,,,,,,,,,,
CH,2026-02-27,85.5,-2.56,5.21,"Williams, Devin",676369,642207,field_out,hit_into_play,,,,,7,"Nelson Velázquez grounds out, shortstop Jackson Cluff to first baseman Jose Rojas.",S,R,R,STL,NYM,X,6,ground_ball,1,1,2026,-1.68,-0.04,-0.5359984410866023,1.943634722582392,,,,2,4,Bot,106.53,150.06,,,,,8.220949539541268,-124.40900213783102,-1.225080541659606,-19.039069761347733,20.823849875216244,-32.517103288244826,3.154183071,1.591830709,6,95.1,-18,86.9,2553,6.8,831482,663584,670351,660644,624414,687714,665742,703492,701807,53.71,,,0,,0,0,2,31,3,Changeup,1,2,1,2,2,1,1,2,Standard,Standard,267,-0.013,-0.246,,,,,0.246,95.1,-1,-1,0.375,0.375,31,27,32,28,1,1,,,,,3.11,1.68,1.68,,,,,,
SL,2026-02-27,82.8,-2.6,5.46,"Williams, Devin",676369,642207,,ball,,,,,14,,S,R,R,STL,NYM,B,,,0,1,2026,0.55,0.19,1.3118227361272843,2.363648860608785,,,,2,4,Bot,,,,,,,7.79048789386485,-120.42612681300585,-0.7621666830964958,3.886059747380615,23.11277601515091,-30.346685313740473,3.154183071,1.591830709,,,,83.8,2455,6.9,831482,663584,670351,660644,624414,687714,665742,703492,701807,53.58,,,,,,,,31,2,Slider,1,2,1,2,2,1,1,2,Standard,Standard,110,0.001,0.032,,,,,-0.032,,-1,-1,0.374,0.374,31,27,32,28,1,1,,,,,3.13,-0.55,-0.55,,,,,,
FF,2026-02-27,94.4,-2.3,5.41,"Williams, Devin",676369,642207,,called_strike,,,,,3,,S,R,R,STL,NYM,S,,,0,0,2026,-0.9,1.62,0.572910667166547,2.691925021855201,,,,2,4,Bot,,,,,,,9.584872442570639,-137.14904063697279,-4.969549445474309,-13.345426429154694,26.632955755309734,-10.75407059976247,3.154183071,1.591830709,,,,96.4,2343,7.2,831482,663584,670351,660644,624414,687714,665742,703492,701807,53.26,,,,,,,,31,1,4-Seam Fastball,1,2,1,2,2,1,1,2,Standard,Standard,227,-0.002,-0.044,,,,,0.044,,-1,-1,0.376,0.376,31,27,32,28,1,1,,,,,0.92,0.9,0.9,,,,,,
SL,2026-02-27,84.7,-2.57,5.39,"Williams, Devin",669357,642207,field_out,hit_into_play,,,,,9,Nolan Gorman lines out to shortstop Jackson Cluff.,S,L,R,STL,NYM,X,6,line_drive,1,1,2026,0.55,0.07,0.7138779566515576,1.7917366713359848,,,,1,4,Bot,127.57,127.31,,,,,6.544273233294591,-123.36516637185952,-2.057362583016509,4.433572492262231,22.575350100988114,-31.23888378076091,3.217372047,1.623720472,184,68.1,22,86.2,2516,7,831482,663584,670351,660644,624414,687714,665742,703492,701807,53.46,,,0,,0,0,4,30,3,Slider,1,2,1,2,2,1,1,2,Infield shade,Standard,129,-0.021,-0.255,,,,,0.255,88.0,-1,-1,0.397,0.397,31,26,32,26,1,1,,,,,3.08,-0.55,0.55,,,,,,
CH,2026-02-27,83,-2.55,5.19,"Williams, Devin",669357,642207,,called_strike,,,,,13,,S,L,R,STL,NYM,S,,,1,0,2026,-1.65,-0.15,-0.8348582814326688,1.7684714337039606,,,,1,4,Bot,,,,,,,7.257157689982019,-120.77862950469711,-0.8718360014143671,-17.560948119817446,22.123847691948004,-33.6809859586938,3.217372047,1.623720472,,,,84.2,2498,6.9,831482,663584,670351,660644,624414,687714,665742,703492,701807,53.57,,,,,,,,30,2,Changeup,1,2,1,2,2,1,1,2,Infield shade,Standard,280,-0.004,-0.051,,,,,0.051,,-1,-1,0.401,0.401,31,26,32,26,1,1,,,,,3.44,1.65,-1.65,,,,,,
CH,2026-02-27,83.9,-2.39,5.24,"Williams, Devin",669357,642207,,ball,,,,,14,,S,L,R,STL,NYM,B,,,0,0,2026,-1.82,0.08,1.0752824498105293,1.3536018929683222,,,,1,4,Bot,,,,,,,11.693387034181374,-121.63921493376631,-2.4931865512837827,-20.333241073254033,23.252370924928005,-31.100605937643255,3.217372047,1.623720472,,,,84.8,2606,7,831482,663584,670351,660644,624414,687714,665742,703492,701807,53.46,,,,,,,,30,1,Changeup,1,2,1,2,2,1,1,2,Infield shade,Standard,274,0.003,0.043,,,,,-0.043,,-1,-1,0.398,0.398,31,26,32,26,1,1,,,,,3.18,1.82,-1.82,,,,,,
CH,2026-02-27,84.3,-2.61,5.21,"Williams, Devin",665877,642207,field_out,hit_into_play,,,,,5,José Fermín pops out to third baseman Christian Arroyo.,S,R,R,STL,NYM,X,5,popup,1,0,2026,-2.04,0.39,-0.061541666379984816,2.111223414460585,,,,0,4,Bot,117.02,169.32,,,,,10.045191241416722,-122.25923384339352,-1.3306012671367535,-22.494397517587867,25.265135590581508,-28.197546853673593,3.137508202,1.583415354,70,79.2,74,84.7,2481,6.8,831482,663584,670351,660644,624414,687714,665742,703492,701807,53.66,,,0,,0,0,3,29,2,Changeup,1,2,1,2,2,1,1,2,Standard,Standard,269,-0.035,-0.311,,,,,0.311,88.0,-1,-1,0.433,0.433,31,27,32,27,1,1,,,,,2.85,2.04,2.04,,,,,,
FF,2026-02-27,93.3,-2.38,5.47,"Williams, Devin",665877,642207,,ball,,,,,12,,S,R,R,STL,NYM,B,,,0,0,2026,-1,1.48,1.0275286905343775,3.2774784145771503,,,,0,4,Bot,,,,,,,11.06207612190275,-135.51023881900542,-3.099176458589422,-14.540664039167572,26.624625189371297,-13.395708593815117,3.137508202,1.583415354,,,,95.3,2348,7.3,831482,663584,670351,660644,624414,687714,665742,703492,701807,53.2,,,,,,,,29,1,4-Seam Fastball,1,2,1,2,2,1,1,2,Standard,Standard,220,0.005,0.046,,,,,-0.046,,-1,-1,0.428,0.428,31,27,32,27,1,1,,,,,1.13,1,1,,,,,,
FC,2026-02-27,89.1,-2.43,5.55,"Williams, Devin",802139,642207,home_run,hit_into_play,,,,,2,JJ Wetherholt homers (1) on a fly ball to center field.,S,L,R,STL,NYM,X,,fly_ball,0,0,2026,-0.04,1.08,-0.09842844240620406,2.7600192890536186,,,,0,4,Bot,123.65,28.25,,,,,5.841198403645973,-129.70522682623164,-3.021487162112143,-1.5585748303248408,24.909094572220436,-19.504433962044608,3.096259843,1.562598425,422,105.4,31,90.9,2361,7.2,831482,663584,670351,660644,624414,687714,665742,703492,701807,53.35,,,2,,0,3,6,28,1,Cutter,0,2,0,2,2,1,1,2,Standard,Standard,196,0.117,1.114,,,,,-1.114,105.4,-2,-2,0.311,0.311,31,23,32,24,1,1,,,,,1.77,0.04,-0.04,,,,,,
